date,spy,qqq,rsp,iwm,iwf,iwd,mtum,qual,usmv,hyg,lqd,tlt,gld,vix_close,hy_oas,ig_oas,baa_spread,aaa_spread,yield_curve_10y2y,yield_curve_10y3m,financial_conditions,fed_stress,ofr_fsi,mkt_rf,rf,smb,hml,rmw,cma,momentum,short_reversal,long_reversal
2021-01-04,98.78622145,99.07069135,99.05486816,98.63290270,98.50115702,98.57205817,98.76501232,98.93345495,98.67760873,99.24455115,98.46882641,98.90643269,98.85436145,15.35801285,2.68713087,0.89644243,2.16831021,1.04352741,1.00000000,1.20000000,-0.50000000,-0.70000000,-0.89397803,-0.01225205,0.00004000,-0.00102839,0.01198817,-0.00252725,0.00527731,-0.00423885,0.00083541,0.00714278
2021-01-05,98.88421684,99.06583016,99.52471143,98.76690187,98.21895927,98.29337168,98.98143174,99.17271402,98.80921137,99.55113234,98.66987139,99.12204391,98.72844810,13.14583847,3.09195933,0.93936142,2.09552514,1.11465750,1.00000000,1.20000000,-0.50000000,-0.70000000,-1.15921467,0.00095150,0.00004000,0.00312250,-0.00588044,-0.00152117,0.00347902,0.00071437,-0.00165550,-0.00054727
2021-01-06,98.53901045,98.82863184,99.47142771,98.48615843,97.72259168,97.85704065,98.71188945,98.73264496,98.40677045,99.19991037,98.46694374,98.42628840,98.27510164,12.27600699,2.92302329,0.93442547,2.25411844,1.04159434,1.00000000,1.20000000,-0.50000000,-0.70000000,-1.04039251,-0.00353712,0.00004000,-0.00611413,0.00218114,0.00341266,0.00626668,-0.00002141,0.00005833,0.00069693
2021-01-07,98.67788877,98.70515114,99.45467904,98.47589451,97.67193058,97.54912704,99.01862660,98.79015173,98.71880874,99.50696825,98.76253125,99.10500728,98.40286932,13.38236357,3.07385441,0.89280057,2.14729323,1.01716550,1.00000000,1.20000000,-0.50000000,-0.70000000,-1.03323890,0.00136838,0.00004000,-0.00125460,0.00236028,-0.00008597,-0.00618480,-0.00306413,0.00298349,-0.00127336
2021-01-08,98.58667304,99.04480074,99.31626605,98.54154698,97.73298248,97.52747480,98.89458244,98.80446821,98.55643527,99.70623228,98.85506173,98.87692934,98.22162273,12.04647866,3.05986613,0.94822081,2.14994469,1.09182459,1.00000000,1.20000000,-0.50000000,-0.70000000,-0.96850320,-0.00096481,0.00004000,-0.00806176,-0.00244502,0.00268559,-0.00513343,-0.00136198,-0.00155049,-0.00169281
2021-01-11,99.45118785,99.83102592,100.42411415,99.45044548,98.51536787,98.22156514,99.68867957,99.65549840,99.47868736,100.66286718,99.67502728,99.76281228,98.80031589,13.08441953,3.14235449,0.93503879,2.03205400,1.10873762,1.00000000,1.20000000,-0.50000000,-0.70000000,-1.03308078,0.00869086,0.00004000,-0.00224476,-0.00387416,0.00046148,0.00019262,-0.00595273,0.00149322,0.00226034
2021-01-12,98.66140974,98.62873084,99.79735431,98.58022129,97.76485796,97.09503965,99.28619265,99.15350000,99.07070457,99.76454674,99.28088646,98.88261692,97.88560909,14.87196438,2.95985090,0.81758507,2.29419621,1.04424053,1.00000000,1.20000000,-0.50000000,-0.70000000,-1.12449527,-0.00801306,0.00004000,0.00497814,0.00045228,0.00413808,-0.00265272,0.00651716,-0.00180058,-0.00415376
2021-01-13,98.61097476,98.84343524,99.63586671,98.72125072,98.19277259,97.32344357,99.25512879,99.11469087,99.11578854,99.71696569,99.45553820,99.01361434,97.73677795,14.43758989,3.01117837,0.95153276,2.05275139,1.09543383,1.00000000,1.20000000,-0.50000000,-0.70000000,-1.00086713,-0.00055132,0.00004000,0.00861160,-0.00060338,-0.00388351,-0.00080008,-0.00486420,0.00262419,-0.00369741
2021-01-14,98.60200855,99.10243765,99.60322473,98.54150941,98.50910571,97.16207398,99.03753250,98.88599376,98.72181253,99.68241565,99.47588918,98.81322434,97.91571037,13.28371104,2.86831086,0.89573196,2.19994624,1.16298419,1.00000000,1.20000000,-0.50000000,-0.70000000,-1.14575232,-0.00013093,0.00004000,0.00226207,0.00023300,0.00076735,-0.00052001,0.00694544,0.00116411,-0.00271516
2021-01-15,100.06284578,100.40999196,101.11612402,99.79235272,99.95194144,98.48951201,100.56895277,100.40293839,100.06208946,101.15600568,100.99019439,100.35413797,99.68240090,12.28560046,2.92141866,0.90960217,2.23051205,1.04688962,1.00000000,1.20000000,-0.50000000,-0.70000000,-0.94485163,0.01466681,0.00004000,0.00299047,0.00424118,0.00038579,-0.00612404,0.00017633,0.00127528,0.00213564
2021-01-18,99.19039689,100.00231840,100.15923766,98.80804507,99.48667375,97.47386936,99.55850805,99.70036770,98.74731740,100.23966914,100.04421001,99.30348333,98.80466656,12.88289941,3.03176766,1.00979584,2.39246890,1.14064964,1.00000000,1.20000000,-0.50000000,-0.70000000,-1.11669690,-0.00879724,0.00004000,0.00860763,-0.00205637,-0.00591106,-0.00056053,-0.00525997,-0.00002933,0.00323561
2021-01-19,99.81235523,100.82029257,100.73231787,99.24022572,100.06126506,97.88590282,100.11405218,100.31505657,99.11916559,101.11977494,100.55259061,100.08831964,99.21056103,11.75741952,3.03188100,0.96428416,2.20989099,1.11265201,1.00000000,1.20000000,-0.50000000,-0.70000000,-0.95815379,0.00621077,0.00004000,0.00454898,-0.00912225,-0.00391761,0.00513187,0.00411351,-0.00197264,-0.00214457
2021-01-20,99.29241832,99.98794854,100.32380478,98.84564727,99.90114102,97.32184718,99.52046671,99.80630432,98.46291879,100.77706198,100.10232851,99.61457210,98.89572234,12.50854914,2.68528416,0.86724748,2.03338673,1.12952526,1.00000000,1.20000000,-0.50000000,-0.70000000,-1.01736185,-0.00526276,0.00004000,0.00949127,0.00437478,0.00436694,0.00238829,-0.00311039,-0.00524242,0.00109388
2021-01-21,100.10935724,100.81893399,101.17370369,99.52302429,100.47595984,97.94130325,100.28691363,100.67688094,99.45154701,101.99815835,100.99707821,100.90668001,100.03027039,13.36772696,3.04449712,0.87944582,2.13110884,1.07468553,1.00000000,1.20000000,-0.50000000,-0.70000000,-0.88101376,0.00815394,0.00004000,-0.00182299,-0.00029308,0.00765905,-0.00283086,-0.00538325,-0.00363895,0.00813036
2021-01-22,100.19206098,100.93147313,101.38337650,99.68468866,100.33373218,98.40103372,100.24286836,100.88094804,99.48017019,101.69115329,101.02818255,100.90235941,99.69855705,13.03270249,2.95540833,0.96872629,2.19155201,1.12011275,1.00000000,1.20000000,-0.50000000,-0.70000000,-1.09947340,0.00078579,0.00004000,-0.00484743,-0.00461866,-0.00738428,0.00150287,-0.00950017,0.00124794,0.00332400
2021-01-25,100.27983196,101.32700558,101.18314101,99.46666015,100.59027187,98.46247398,100.03050972,100.93230336,99.61843771,101.43658707,101.13807204,101.48539974,100.28711977,13.84431113,2.97641145,0.92864097,1.98799269,1.00997291,1.00000000,1.20000000,-0.50000000,-0.70000000,-0.98409043,0.00083564,0.00004000,0.01034801,0.00122351,-0.00092061,0.00335386,-0.00147888,-0.00202162,-0.00183064
2021-01-26,99.83871182,100.75710092,100.65279786,98.91404911,100.33117269,97.83577427,99.48956717,100.44538380,98.99268983,100.77806046,100.73856427,100.99496277,99.96812521,12.64573108,2.88724967,0.87748418,2.25359106,1.11541119,1.00000000,1.20000000,-0.50000000,-0.70000000,-0.93740504,-0.00444860,0.00004000,0.00685234,-0.00490893,-0.00102956,-0.00218276,0.00065185,-0.00046522,0.00174204
2021-01-27,99.32329819,100.26789559,100.22104073,98.28095103,99.86000474,97.09420077,98.83596563,99.73568853,98.65138836,100.41128515,100.24014054,100.54364830,99.53915942,14.64029256,3.05153200,0.88905983,2.30775292,1.17155698,1.00000000,1.20000000,-0.50000000,-0.70000000,-1.04063412,-0.00521583,0.00004000,0.00641029,-0.00339556,0.00091963,0.00224226,-0.00642242,0.00253262,-0.00537369
2021-01-28,98.80310087,99.85708511,99.67599372,97.81778156,99.43847460,96.52974430,98.28830271,99.16771539,98.16238610,99.92298614,99.68003506,100.07478344,99.13197180,13.47433631,2.87697927,0.90368668,2.13274621,1.06936027,1.00000000,1.20000000,-0.50000000,-0.70000000,-0.92367472,-0.00529118,0.00004000,0.00259810,-0.00640930,-0.00442401,-0.00034733,0.00719836,0.00083748,-0.00227562
2021-01-29,99.26825695,100.48765030,100.06347297,97.87630484,99.97058972,97.12326161,98.74322568,99.66804183,98.57813800,100.54078121,100.05023313,100.44649403,99.57645570,13.04855238,2.99686670,0.95884357,2.25956282,1.03373139,1.00000000,1.20000000,-0.50000000,-0.70000000,-0.88501701,0.00465686,0.00004000,0.01243847,-0.00008465,-0.00004137,-0.00073567,-0.00095583,0.00102527,-0.00030175
2021-02-01,98.96180919,100.32884456,99.93939723,97.81077704,99.83199628,97.04405598,98.50724273,99.52973389,98.53314220,100.29373100,99.32980478,100.08554204,99.12030965,14.03178795,2.92523970,0.94674947,2.29542674,1.03878757,1.00000000,1.20000000,-0.50000000,-0.70000000,-1.18744154,-0.00313184,0.00004000,-0.00163997,0.00165882,0.01086387,-0.00419795,-0.00778943,-0.00516878,-0.00280548
2021-02-02,97.53461056,98.78595250,97.94291678,96.32427895,98.21619435,95.91669511,97.48384513,98.46243276,97.21698152,99.25025562,97.96926674,98.41988536,97.58724323,13.14761858,3.13713541,0.90663615,2.11972851,1.11288206,1.00000000,1.20000000,-0.50000000,-0.70000000,-0.97620812,-0.01456671,0.00004000,-0.00655138,0.00302913,-0.00044071,0.00326626,0.00032133,0.00181706,0.00490947
2021-02-03,98.55068590,99.55351841,98.77847948,97.38941727,99.03009568,96.90088139,98.36162915,99.41270307,98.38528856,100.11875864,99.16145990,99.28275880,98.63267504,12.78328518,3.25260077,0.93827468,2.17517596,1.11419752,1.00000000,1.20000000,-0.50000000,-0.70000000,-0.95149658,0.01032370,0.00004000,0.00543603,-0.00403141,-0.00031986,0.00223558,0.00825074,-0.00874124,-0.00211876
2021-02-04,99.30366286,100.46214353,99.50969468,97.80292846,99.37775623,97.67902616,98.98109424,99.95767647,99.09861797,100.90378484,100.25050238,99.78721058,99.45543720,13.51544719,3.00567067,0.88508239,2.20337291,1.11091204,1.00000000,1.20000000,-0.50000000,-0.70000000,-1.03905593,0.00757146,0.00004000,0.00481301,-0.01160278,-0.00146053,-0.00175572,0.00284874,0.00109855,0.00282418
2021-02-05,100.21437651,101.51703108,100.35395743,98.73811396,100.07813836,98.25875618,99.91030482,100.65622588,100.39613774,102.00013227,101.31292058,100.95539244,100.20768903,13.23203745,3.19245398,0.88878729,2.15916103,1.15663880,1.00000000,1.20000000,-0.50000000,-0.70000000,-0.88907316,0.00908920,0.00004000,-0.01513225,0.00143289,0.00386975,-0.00363189,-0.00599430,0.00273857,0.00272718
2021-02-08,100.44284141,101.70006512,100.78237746,99.08785390,100.32934941,98.35964857,100.17298193,100.86709140,100.35901824,102.40417451,101.95319512,101.15861384,100.44826845,14.40139638,3.00258541,0.83253708,2.16761534,1.04929624,1.00000000,1.20000000,-0.50000000,-0.70000000,-0.87204289,0.00223717,0.00004000,0.00151572,0.00100650,0.00060396,0.00618843,-0.00191865,0.00404328,0.00016808
2021-02-09,100.73507792,101.96727837,101.28591777,99.59013610,100.49946853,98.47956808,100.50796673,101.04863725,100.10022021,102.54000589,101.96904763,101.58261201,101.01147048,13.03415175,3.12671725,0.92315338,2.46588390,1.12073445,1.00000000,1.20000000,-0.50000000,-0.70000000,-0.94768579,0.00286526,0.00004000,-0.00246933,0.00458238,-0.00057933,0.00013781,-0.00804370,-0.00155330,-0.00693183
2021-02-10,100.14115284,101.52131676,100.57071753,99.00736038,99.84201231,97.81697155,99.88432430,100.44872095,99.65009760,101.62668306,101.24574790,101.10864603,100.33863678,12.59590229,3.10716431,0.85018066,2.13765374,1.08996364,1.00000000,1.20000000,-0.50000000,-0.70000000,-1.02281839,-0.00595336,0.00004000,-0.00559776,-0.00069750,0.00112887,-0.00071753,0.00052554,0.00006031,-0.00110490
2021-02-11,99.18782918,100.58042974,99.49319478,98.02230646,98.88242247,96.91300958,99.02992693,99.71172950,98.97586271,100.45584312,100.29109430,100.35217673,99.51005460,13.20906072,2.72093813,0.91918315,2.28360789,1.15712056,1.00000000,1.20000000,-0.50000000,-0.70000000,-0.96647358,-0.00960540,0.00004000,0.00433558,0.00613074,-0.00931547,0.00253910,0.00964594,-0.00915150,0.00092547
2021-02-12,98.44628954,100.00091006,98.86854748,97.28942165,97.97120112,96.05741229,98.24926635,99.05524649,98.21475751,100.25425046,99.66172969,99.46323655,98.52855357,12.61485178,3.10876040,0.93215968,2.23502866,1.03294102,1.00000000,1.20000000,-0.50000000,-0.70000000,-1.06100183,-0.00754420,0.00004000,0.00083637,0.00005329,-0.00639640,0.00099523,0.01344507,0.00067399,0.00321158
2021-02-15,98.14286116,100.06390398,98.49821514,97.12785851,97.49459179,95.89204304,97.85266468,98.71074872,98.08250812,100.31850485,99.28006725,99.28411875,98.25527000,13.89765287,3.40394981,0.90057723,2.16130971,1.06957621,1.00000000,1.20000000,-0.50000000,-0.70000000,-0.86071038,-0.00312693,0.00004000,-0.00267385,-0.00208556,0.00006909,0.00124804,0.00292979,-0.00374301,0.00147062
2021-02-16,97.85433978,99.96985670,98.34397132,96.52204573,97.15739739,95.22375393,98.02246962,98.18658703,97.32528808,99.93550488,98.90392119,98.92165790,97.97765327,13.13732549,2.75280575,0.86461084,2.37132175,1.05679228,1.00000000,1.20000000,-0.50000000,-0.70000000,-0.90294589,-0.00298414,0.00004000,-0.01285115,0.01001537,0.00746252,0.00780656,0.00038563,0.00901084,-0.00172754
2021-02-17,98.15077095,100.46144152,98.33280503,96.36518223,97.44762002,95.26452674,98.23368634,98.95315632,97.88046073,100.37417880,99.27075272,99.08696831,98.19389532,10.35646932,2.92099212,0.89169906,2.37112837,1.05845023,1.00000000,1.20000000,-0.50000000,-0.70000000,-0.91740933,0.00298473,0.00004000,0.00570623,0.00154510,0.00465255,-0.00281473,-0.00204300,-0.00135721,0.00113198
2021-02-18,97.80966199,100.17249471,97.78145213,95.91010831,97.23735290,95.09794975,97.80749559,98.74840893,97.53891975,99.99891693,99.00382119,98.71667261,97.82534630,14.48764224,2.83165212,0.91362187,2.19125175,1.04524800,1.00000000,1.20000000,-0.50000000,-0.70000000,-0.98040930,-0.00352141,0.00004000,-0.00066894,-0.00139671,0.00037103,-0.00095398,-0.00410265,0.00166615,-0.00428366
2021-02-19,96.56021507,98.65606485,96.59372467,94.90784723,96.14049789,94.01782344,96.59420497,97.67730620,96.28048893,98.69461132,97.43637449,97.44319968,96.56065820,14.03127032,3.28076318,0.88881132,2.12211592,1.08984627,1.00000000,1.20000000,-0.50000000,-0.70000000,-1.07339575,-0.01289656,0.00004000,-0.00829241,0.00813722,-0.00278304,0.00012741,0.00368659,-0.00971600,0.00252852
2021-02-22,96.20651717,98.26268485,96.18401988,94.28306646,96.11907061,93.75115422,96.34013533,97.33154459,95.79619758,98.41911197,97.28918263,97.14549783,96.17941619,13.21471725,3.02957011,0.93305731,2.05342763,1.03399953,1.00000000,1.20000000,-0.50000000,-0.70000000,-1.01608926,-0.00370970,0.00004000,-0.00537933,0.00184800,-0.00160121,0.00454798,0.00562066,-0.00349776,-0.00039435
2021-02-23,96.08974015,98.04840497,96.02590438,93.86464811,96.01025961,93.93651998,96.38673331,97.38200390,95.83563698,98.11068307,97.10419912,96.94970756,96.01044042,13.85730699,3.04035934,0.92536546,2.14628060,1.11134197,1.00000000,1.20000000,-0.50000000,-0.70000000,-1.01776031,-0.00125455,0.00004000,0.00463398,-0.00800710,0.00494598,0.00141969,-0.00876353,-0.00157534,-0.00059973
2021-02-24,95.48225315,97.58745688,95.62314059,93.49449141,95.44788347,93.48305557,95.65655757,96.60918900,95.03050384,97.67510407,96.66462897,96.27339775,95.17061457,12.44242648,2.98836497,0.87823225,2.39652918,1.05169079,1.00000000,1.20000000,-0.50000000,-0.70000000,-1.01236370,-0.00638215,0.00004000,0.00211707,0.00919701,-0.00249620,0.00180961,0.00993066,0.00533016,-0.00126110
2021-02-25,95.25410133,96.98109100,95.33590811,93.23530027,95.12573696,93.30865733,95.20839781,96.27963883,94.84235738,97.44942821,96.35160031,96.20386049,94.86357210,13.38743806,3.03567972,0.93396602,2.28754177,1.18114756,1.00000000,1.20000000,-0.50000000,-0.70000000,-1.05192580,-0.00243233,0.00004000,0.00327396,0.00073908,0.00504037,0.00318733,-0.00418622,0.00536189,-0.00374666
2021-02-26,96.00348743,97.96095292,95.99485900,93.72249162,95.78539565,93.91131347,96.27377763,96.92146102,95.40432920,97.93120165,96.69943890,96.75198709,95.55369348,12.11590947,2.93623947,0.87226177,2.11345478,1.06056704,1.00000000,1.20000000,-0.50000000,-0.70000000,-0.85955094,0.00779645,0.00004000,0.01147696,-0.00459966,-0.00529408,0.00160502,0.00132314,-0.00361016,0.00295992
2021-03-01,95.63961099,97.54978417,95.99010654,93.22391018,95.44674579,93.39474493,95.80685701,96.64241352,94.83217646,97.56225339,96.31774786,96.58531424,95.13942963,12.62109596,3.15996291,0.91803089,2.26247715,1.05331044,1.00000000,1.20000000,-0.50000000,-0.70000000,-0.95576042,-0.00383744,0.00004000,0.00497463,0.00365599,-0.00289275,0.00269248,-0.00157099,0.00200746,0.00048420
2021-03-02,94.95109552,96.68867156,95.45531456,92.60754102,94.77180141,92.62190015,95.04708449,95.57962176,94.33635335,96.87639125,95.83895704,95.98761718,94.67416419,12.01248891,2.95594632,0.88635086,2.06222389,1.07645309,1.00000000,1.20000000,-0.50000000,-0.70000000,-0.88939748,-0.00726510,0.00004000,0.00748893,-0.00490658,0.00748075,-0.00027141,-0.00388145,-0.00617637,0.00195176
2021-03-03,94.53236017,96.11127004,95.02230534,92.11666327,94.42829793,91.96505583,95.11349513,95.33473460,93.80131541,96.74325177,95.45434877,95.45728404,94.21270517,13.22449519,3.12728280,0.88771541,2.27978496,1.11562662,1.00000000,1.20000000,-0.50000000,-0.70000000,-1.06477850,-0.00445976,0.00004000,-0.00393535,-0.00583515,0.00234335,-0.00017224,-0.00504794,0.00259985,0.00284951
2021-03-04,93.58957320,94.71720428,94.22017862,91.47255204,93.37547871,91.15149164,93.94806029,94.55809347,93.24922998,95.68780570,94.56133892,94.28636868,93.46706273,13.23290983,2.75579001,0.88807642,2.12477229,1.00189281,1.00000000,1.20000000,-0.50000000,-0.70000000,-0.93164403,-0.01006323,0.00004000,0.00613293,0.00507770,-0.00016983,0.00140318,-0.00936274,-0.00091727,0.00586834
2021-03-05,93.02242075,94.18689027,93.86692608,90.81010998,92.93424482,90.28115278,93.26783244,93.78162664,92.70511756,94.91857416,93.98705550,94.05486499,92.84536200,14.11980603,3.03253541,0.83866583,2.17432802,1.04955894,1.00000000,1.20000000,-0.50000000,-0.70000000,-0.87523502,-0.00611843,0.00004000,0.00095353,0.00432688,0.00723098,-0.00183233,-0.00437009,0.00086118,0.00281000
2021-03-08,92.95693723,94.33051705,93.62792318,90.79015971,92.84881444,90.08867893,93.14441191,93.92832719,92.72649282,95.02799090,94.02434879,94.03408454,92.94094227,12.76345290,2.93648887,0.92007213,2.16414216,1.14149992,1.00000000,1.20000000,-0.50000000,-0.70000000,-1.10213736,-0.00074420,0.00004000,-0.00316523,-0.00860728,-0.00134578,-0.00427954,0.00004334,0.00556920,0.00313558
2021-03-09,92.70968907,94.21604007,93.37375754,90.64417139,92.51133751,89.95983855,93.27644773,93.99686834,92.80029534,94.72195802,93.35819837,93.93839409,92.61811905,14.50917025,3.30191826,0.88274033,2.21669009,1.15093646,1.00000000,1.20000000,-0.50000000,-0.70000000,-0.97800900,-0.00270336,0.00004000,-0.00248675,-0.00261379,-0.00015682,-0.00051306,0.00138808,-0.00615417,0.00317408
2021-03-10,92.31401441,93.89595036,92.67523811,90.28377052,91.84609615,89.80065913,92.99034653,93.60547080,92.47646414,94.21735256,93.53144580,93.57924127,92.49073666,11.28408036,3.15223544,0.82733240,2.24832163,1.10174604,1.00000000,1.20000000,-0.50000000,-0.70000000,-0.99285193,-0.00431702,0.00004000,0.00253483,-0.00155384,0.00187570,0.00087904,0.00471257,0.00410928,-0.00321002
2021-03-11,92.86462067,94.25965985,93.36435030,90.72783919,92.09384135,90.16103629,93.79092557,94.01190085,92.90623807,94.73097915,94.19418060,94.18308590,93.11389554,12.27666545,2.87793887,0.87964428,2.22528681,1.10864712,1.00000000,1.20000000,-0.50000000,-0.70000000,-1.00606681,0.00590678,0.00004000,0.00537130,-0.00360767,0.00107842,0.00022058,0.00312781,-0.00243251,0.00416898
2021-03-12,93.17049625,94.44954760,93.66013644,90.99389232,92.31514164,90.50770919,94.16554038,93.96851066,93.26964630,95.04745334,94.74901322,94.85026529,93.46806725,11.77737342,2.84766121,0.87737182,2.33886477,1.12726730,1.00000000,1.20000000,-0.50000000,-0.70000000,-0.98061618,0.00324837,0.00004000,0.00655146,-0.00262707,-0.00295811,0.00314774,0.00341678,-0.00878703,0.00065341
2021-03-15,93.40680190,94.88226156,93.89101038,91.06245768,92.38622477,90.82056964,94.44646026,94.25845313,93.55988285,94.96189348,95.10078324,95.00950043,93.48041636,14.00198467,2.90771589,0.87739843,2.19809060,1.06739132,1.00000000,1.20000000,-0.50000000,-0.70000000,-0.94314105,0.00249306,0.00004000,0.00340243,-0.00519229,-0.00195325,0.00517992,-0.00996933,0.00359004,0.00189158
2021-03-16,93.85233005,95.23859834,93.97443661,91.51633924,92.55394772,91.45059650,95.09256829,94.90830323,93.80088780,95.73051352,95.48447535,95.45165237,94.22523882,12.40499769,2.91444631,0.89666916,2.10745543,1.10925490,1.00000000,1.20000000,-0.50000000,-0.70000000,-0.84473492,0.00471842,0.00004000,0.00335712,-0.00187348,-0.00118609,0.00462338,0.00174946,-0.00070728,-0.00104947
2021-03-17,93.69589338,94.94282497,93.74187286,91.36405849,92.56823516,91.39901911,95.07693680,94.60433783,93.20661101,95.75564727,95.24862813,94.91979937,93.66086896,12.80771461,3.03053273,0.92614549,2.22501630,1.06892652,1.00000000,1.20000000,-0.50000000,-0.70000000,-1.12352909,-0.00170823,0.00004000,0.00410192,-0.00339088,0.00083783,-0.00031999,0.00140148,-0.00406937,0.00246949
2021-03-18,93.58083419,94.83072600,93.30529224,90.97893776,92.27960543,91.46094151,94.80062235,93.94544416,93.05929222,95.71963287,94.93798382,94.84142862,93.57698508,13.85755054,3.10513220,0.94496833,2.10328936,1.10918366,1.00000000,1.20000000,-0.50000000,-0.70000000,-1.05167055,-0.00126876,0.00004000,-0.00688713,0.00002086,0.00160469,-0.00038733,0.00461038,0.00170562,0.00332361
2021-03-19,94.04777933,95.34424224,93.96401862,91.23806358,92.75435776,92.00831310,95.50522115,94.39916929,93.32142735,95.82576060,95.33146251,95.20132320,94.11633611,13.92342304,3.23150436,0.96913045,2.15645928,1.15799408,1.00000000,1.20000000,-0.50000000,-0.70000000,-0.94093266,0.00493734,0.00004000,-0.01137254,-0.00372524,-0.00734414,-0.00159415,0.00189314,-0.00055779,-0.00124235
2021-03-22,94.21198831,95.49069514,94.33277901,91.56489499,92.74056505,91.99969652,95.91872357,94.56645838,93.55453641,96.14209697,95.44407010,95.42944666,94.45955332,13.17449283,2.93415024,0.90946955,2.26958837,1.09764480,1.00000000,1.20000000,-0.50000000,-0.70000000,-0.81241209,0.00170449,0.00004000,-0.00005444,0.00545858,-0.00457804,-0.00111087,-0.00003064,0.00350373,-0.00169183
2021-03-23,93.46564132,94.56635443,93.32520191,90.53598480,91.97708612,91.36897774,95.13787338,93.78204567,92.53905868,95.26614485,94.73846265,94.58541061,93.49975100,12.24067768,2.89072258,0.94673372,2.11093343,1.18695685,1.00000000,1.20000000,-0.50000000,-0.70000000,-1.07174288,-0.00799354,0.00004000,0.00447096,0.00144792,0.00452575,-0.00141442,-0.01574232,0.00272710,0.00080999
2021-03-24,93.30308429,94.23248171,93.08522216,90.49656425,91.47828652,91.21491124,94.86657286,93.42903866,92.36076243,94.89101985,94.54471514,94.27765781,93.51096013,12.77886894,2.91015370,0.89251164,2.29381154,1.15694387,1.00000000,1.20000000,-0.50000000,-0.70000000,-1.10277511,-0.00178073,0.00004000,0.00748872,-0.00208262,0.00488960,0.00409456,0.00244035,0.00239457,0.00164624
2021-03-25,94.08071171,95.14834952,93.71764796,91.20892425,92.21562510,91.77023007,95.86871249,93.87516780,93.15569544,95.47691006,94.98386846,94.90497851,94.16705523,9.28689446,3.05038561,0.86459661,1.93341951,1.04465275,1.00000000,1.20000000,-0.50000000,-0.70000000,-1.15433771,0.00825988,0.00004000,0.01189840,-0.00062698,-0.00097091,-0.00812338,0.01266065,0.00045948,0.00021951
2021-03-26,93.96682329,95.26189239,93.41357082,91.10677384,92.14943604,91.43561789,95.87877357,93.70762075,92.98164075,95.39570591,95.15627152,94.96632680,94.43878434,14.73659142,2.88429130,0.87300661,2.19535239,1.07216121,1.00000000,1.20000000,-0.50000000,-0.70000000,-0.96086585,-0.00125127,0.00004000,-0.00207770,-0.00080611,-0.00088995,-0.00058843,-0.00738621,0.00490696,-0.00001483
2021-03-29,92.59459297,93.73997522,92.37202408,90.05693699,90.84979648,89.90723860,94.27140325,92.35615594,91.27301490,94.20478560,93.92077506,93.55399503,93.31309871,12.11139371,3.15165436,0.94783471,2.13402822,1.01629354,1.00000000,1.20000000,-0.50000000,-0.70000000,-0.86745764,-0.01475103,0.00004000,0.01078186,-0.00244688,-0.00616047,-0.00127635,-0.00500903,-0.00601531,-0.00540793
2021-03-30,91.23006899,92.38373094,91.00395197,88.82311420,89.34921582,88.37205622,93.02062792,91.16593652,90.04080914,92.81137483,92.87658884,92.21398652,91.70189554,11.09044747,2.92711915,0.93714658,2.39081335,1.15550330,1.00000000,1.20000000,-0.50000000,-0.70000000,-0.89939207,-0.01488620,0.00004000,0.00237655,0.00201367,-0.00008149,0.00234478,0.00258248,-0.00387918,-0.00118223
2021-03-31,91.74238088,92.62233918,91.50561179,89.09749290,90.10915148,89.06206908,93.45416432,91.61363286,90.68152155,93.16278261,93.61955200,92.87828680,92.17008104,11.94526143,3.10066350,0.94513705,2.00896653,1.11267120,1.00000000,1.20000000,-0.50000000,-0.70000000,-1.04242366,0.00555989,0.00004000,0.00482173,-0.00627588,-0.00390385,-0.00054924,0.00288328,0.00835426,0.00139613
2021-04-01,91.08057666,91.52281482,90.82845415,88.22859264,89.30665446,88.39162369,92.60981712,90.99485976,90.21170437,92.36244922,92.87894958,92.07624213,91.69930147,12.95489854,2.93353551,0.95708626,2.21954716,1.08158476,1.00000000,1.20000000,-0.50000000,-0.70000000,-1.03450253,-0.00727987,0.00004000,-0.00431976,0.00549889,0.00156102,0.00024621,-0.00107385,0.00066058,-0.00296326
2021-04-02,90.86655319,91.36713829,90.75163139,88.10098621,89.19066168,88.08097997,92.49021669,90.85221737,89.97722571,91.95176184,92.74829946,92.09805114,91.77882011,12.10238159,3.10075719,0.84912377,2.30399061,1.14014780,1.00000000,1.20000000,-0.50000000,-0.70000000,-1.04781231,-0.00239259,0.00004000,0.00473036,-0.00152109,-0.00376733,0.00545925,0.00378568,0.00369750,-0.00011559
2021-04-05,90.45644029,91.24032866,90.44466423,87.66624485,88.97021233,87.76560734,92.28325508,90.52688595,89.45818605,91.54327029,92.47551464,91.83590450,91.55818371,11.93007598,3.03169238,0.87213683,2.31325339,1.14759723,1.00000000,1.20000000,-0.50000000,-0.70000000,-0.95428226,-0.00456357,0.00004000,-0.00948911,0.00101175,0.00224027,0.00312352,0.00492115,-0.00457657,0.00210206
2021-04-06,89.98533825,90.59305202,90.16210221,87.10428095,88.38399409,87.13180050,91.59316369,89.77332768,88.91690967,90.97929972,92.14114028,90.83320206,91.07375382,15.01101170,3.03011463,0.93210590,2.24573133,1.14334897,1.00000000,1.20000000,-0.50000000,-0.70000000,-0.86313671,-0.00526166,0.00004000,-0.00355739,-0.00475022,-0.00813442,0.00016378,0.00589885,0.00485215,0.00153088
2021-04-07,89.06648484,89.71961974,89.04851095,86.18158846,87.64827915,86.18667687,90.66298311,88.94322934,88.17704206,90.17752744,91.38700910,89.55343153,89.98204053,13.07594878,3.01788411,0.87363045,2.17909890,1.10904574,1.00000000,1.20000000,-0.50000000,-0.70000000,-1.17273825,-0.01030364,0.00004000,0.00012145,-0.00216074,-0.00111563,0.00031325,0.00189172,-0.00367865,-0.00402130
2021-04-08,88.73847816,89.76924792,89.02389091,85.84780214,87.35747329,86.01884153,90.58791293,88.57515578,88.04857209,89.82625887,91.06801046,89.26985126,89.46864674,12.38920996,3.06371595,0.86476491,2.05859430,1.12934274,1.00000000,1.20000000,-0.50000000,-0.70000000,-1.01709678,-0.00372952,0.00004000,-0.00053179,0.00972758,-0.00477590,0.00219589,-0.00405033,-0.00313536,-0.00346433
2021-04-09,88.46673198,89.77073571,88.56393322,85.77936701,87.01497528,85.82951829,90.20069937,88.85092189,87.76487681,89.75507571,90.68398418,89.04628821,89.28825758,14.06667955,2.78092058,0.92782151,2.15242961,1.01990587,1.00000000,1.20000000,-0.50000000,-0.70000000,-1.02474605,-0.00310702,0.00004000,0.01593576,-0.00037089,0.00269163,0.00477067,-0.00642373,0.00314043,0.00187724
2021-04-12,87.58598919,88.98646674,87.34587197,84.86539284,86.12407950,84.84058757,89.19436935,88.05518720,86.78344812,88.82668908,89.58102166,88.23310498,88.38236656,13.41584316,2.92652218,0.89160732,2.07082223,1.01984877,1.00000000,1.20000000,-0.50000000,-0.70000000,-1.01307190,-0.01004553,0.00004000,-0.00344080,0.00552460,0.00268008,0.00069805,-0.00410190,0.00245009,0.00144419
2021-04-13,87.07441242,88.47835722,86.79415986,84.10342465,85.71896343,84.54304787,88.72245931,87.29701757,86.10771011,88.63819964,88.80938536,87.68240374,87.70025996,11.70389218,2.77286095,0.91121230,2.24655058,1.06334504,1.00000000,1.20000000,-0.50000000,-0.70000000,-0.96248450,-0.00589798,0.00004000,-0.00916372,0.00348259,0.00531669,0.00131668,0.00590691,0.00904850,0.00046845
2021-04-14,86.64850612,87.94019889,86.79099787,83.67131588,85.38837404,83.88758673,88.52764727,86.67939804,85.89426293,88.04872914,88.21535655,87.32567297,87.50301250,13.54998871,2.85092680,0.88341477,2.31824185,1.05825277,1.00000000,1.20000000,-0.50000000,-0.70000000,-0.87903556,-0.00494329,0.00004000,0.00584811,-0.00725153,-0.00094658,0.00185359,0.00273114,-0.00500738,-0.00551757
2021-04-15,87.57959393,89.05280215,87.91029959,84.62442012,86.09676381,85.01955820,89.51291279,87.68218719,86.95124530,89.02669601,89.02094793,88.28400908,88.61366703,14.21480128,3.01580035,0.84863032,2.07777708,1.02667590,1.00000000,1.20000000,-0.50000000,-0.70000000,-1.00593413,0.01064825,0.00004000,-0.00304419,0.00299784,-0.00423478,-0.00203210,0.01321406,-0.00251511,-0.00342279
2021-04-16,88.13595478,89.71522299,88.44296250,85.15551562,86.70508676,85.59004388,90.02240567,88.13345327,87.54954080,89.34324519,89.51114761,88.83612416,88.98941362,12.74110661,3.17910392,0.92848224,2.06339631,1.11235714,1.00000000,1.20000000,-0.50000000,-0.70000000,-0.97405625,0.00629254,0.00004000,0.00371325,0.00251419,0.00515705,-0.00033593,-0.00324258,-0.00142024,0.00656527
2021-04-19,88.01531734,90.03998826,88.34949400,85.27034905,86.48753396,85.47643777,89.86627165,88.08309341,87.35453358,89.51745945,89.31986589,88.92690152,88.44644906,12.09620618,2.95322801,0.83559822,2.25832686,1.11509194,1.00000000,1.20000000,-0.50000000,-0.70000000,-1.06191533,-0.00140970,0.00004000,-0.00979054,0.00385839,-0.00148719,-0.00200210,-0.00076543,0.00343535,0.00099514
2021-04-20,87.94283435,90.09765303,88.32845077,85.32940089,86.49457078,85.76627719,89.71483966,88.24713370,86.89621152,89.62509909,89.26424164,88.88857190,88.26633104,14.77503542,2.92832106,0.93812353,2.13689057,1.03597128,1.00000000,1.20000000,-0.50000000,-0.70000000,-0.95595929,-0.00086387,0.00004000,-0.00053470,-0.00574140,0.00319625,0.00329460,0.00389016,0.00416312,-0.00035816
2021-04-21,88.00157111,90.20269207,88.32645579,85.33624614,86.69931719,85.72738907,89.59483740,88.30389130,86.69651140,89.40305197,89.02870568,88.92055682,88.08252071,13.75842939,2.85468156,0.86646392,2.12786573,1.08518005,1.00000000,1.20000000,-0.50000000,-0.70000000,-0.90471732,0.00062767,0.00004000,-0.01141006,-0.00230057,0.00242449,-0.00268331,0.00998323,-0.00181241,0.00051018
2021-04-22,87.49340744,89.65239170,87.45209275,85.01166498,86.36671059,85.16925599,88.83042616,87.91981961,86.11588653,88.64557886,88.52861573,88.62933831,87.78489264,12.21006898,3.19263762,0.92720709,2.22980903,1.02378709,1.00000000,1.20000000,-0.50000000,-0.70000000,-1.04149523,-0.00583122,0.00004000,0.00108889,0.00161380,0.00608806,0.00082809,-0.00142701,0.00311956,-0.00144577
2021-04-23,89.04495435,90.98583743,89.02226816,86.73802618,88.09187216,86.82365051,90.68849140,89.51327077,87.45185771,90.31090503,90.38380287,89.94253299,89.50015760,13.54209575,2.78332609,0.88622550,2.37239179,1.07802192,1.00000000,1.20000000,-0.50000000,-0.70000000,-0.90127066,0.01753790,0.00004000,0.00481610,-0.00123509,-0.00047911,-0.00182912,0.00171384,0.00431576,-0.00173408
2021-04-26,89.89537093,91.81754536,90.20903982,87.70574401,88.74311927,87.46908901,91.75876049,90.35298479,88.28379078,90.97291405,91.21390216,90.58622467,90.21956079,13.02177624,3.04620033,0.89135038,2.28439127,1.04907206,1.00000000,1.20000000,-0.50000000,-0.70000000,-0.98229053,0.00946510,0.00004000,0.00512095,-0.00029544,-0.00030864,0.00541884,-0.00163875,0.00105244,-0.00043826
2021-04-27,89.47349986,91.27736543,89.84836995,87.24748766,88.10895054,86.79699888,91.70533750,89.71704100,87.87620778,90.67939438,90.70696658,89.98655604,89.60062132,13.11061753,3.14017773,0.82615900,2.19543967,1.09692969,1.00000000,1.20000000,-0.50000000,-0.70000000,-1.01030535,-0.00474396,0.00004000,-0.00351763,-0.00733460,0.00247144,0.00140118,-0.01669475,-0.00447469,0.00325154
2021-04-28,89.48071228,91.22858564,89.62486061,87.43035057,87.97143648,86.71823862,91.55989673,89.87678142,87.73466985,90.72019401,90.70483579,89.81279295,89.65461796,13.30209750,2.98723722,0.92533365,2.31374110,1.10140187,1.00000000,1.20000000,-0.50000000,-0.70000000,-0.95642019,0.00004061,0.00004000,-0.00335258,-0.00006616,-0.00262833,-0.00656113,0.00391053,0.00508343,-0.00049822
2021-04-29,90.19970454,92.11313024,90.11019347,88.22322425,88.68796728,87.57711601,92.16157776,90.68850845,88.41612430,91.29449477,91.24458009,89.87199569,90.18623561,12.84823835,3.09409475,0.93044326,2.09113161,1.05287826,1.00000000,1.20000000,-0.50000000,-0.70000000,-0.99756610,0.00796305,0.00004000,-0.00414393,0.00216898,-0.00006426,-0.00359448,0.00000243,0.00028772,-0.00481305
2021-04-30,89.81406777,91.98914476,89.82404824,87.75844825,88.24210735,87.19479918,91.25333746,90.25252959,87.98068204,90.92925528,90.57846265,89.58495181,89.50880377,13.98973516,3.04316723,0.88871722,2.16280020,1.05662088,1.00000000,1.20000000,-0.50000000,-0.70000000,-0.89024163,-0.00432453,0.00004000,-0.00579479,0.00947851,0.00325335,0.00048511,-0.01311702,0.00305604,0.00286297
2021-05-03,90.32389034,92.43852102,90.29086041,88.57207208,88.86223335,87.59708130,91.79895894,90.82169152,88.22210330,91.45168280,91.18531303,90.05950003,90.04394027,12.99437349,3.31280482,0.86016631,2.01148517,0.98200062,1.00000000,1.20000000,-0.50000000,-0.70000000,-0.89357858,0.00562037,0.00004000,0.01023754,-0.00142599,-0.00002140,0.00284635,-0.01189094,0.00325378,-0.00474737
2021-05-04,90.34594003,92.08880156,90.17322052,88.72512748,88.73802096,87.85899925,91.94611676,90.55356611,88.09811733,91.19224816,91.49066576,90.33486341,90.34996355,14.82016673,2.86242216,1.00653238,2.14240787,1.07501163,1.00000000,1.20000000,-0.50000000,-0.70000000,-0.99629253,0.00020409,0.00004000,-0.00951353,0.00182054,-0.01136063,0.00031645,-0.00554214,-0.00141549,0.00324657
2021-05-05,88.74563188,90.24254161,88.28648288,87.36620864,87.00045985,86.35046117,90.47047629,89.32216416,86.58535077,89.12829698,90.07252103,88.63653286,88.83328993,12.18068829,3.20806622,0.93226919,2.32211118,1.11711888,1.00000000,1.20000000,-0.50000000,-0.70000000,-1.01656202,-0.01791187,0.00004000,0.00135574,-0.00499983,0.00084513,0.00632151,-0.00271205,-0.00096928,-0.00141456
2021-05-06,88.97855092,90.48477062,88.29069570,87.81487908,87.42300702,86.77442699,90.50515556,89.48089296,86.81534109,89.48589798,89.96367649,88.83813507,88.92399880,11.61550961,3.16384401,0.93023170,2.13659840,1.08791752,1.00000000,1.20000000,-0.50000000,-0.70000000,-1.02007133,0.00258113,0.00004000,0.00065762,-0.00815617,0.00007215,-0.00074270,-0.00355646,0.00403525,0.00122033
2021-05-07,89.89467448,91.36305857,89.32940813,88.81210583,88.54067989,87.28539321,91.26217627,90.64641008,87.57148917,90.35471322,91.05632105,90.01628511,89.96727754,11.60504321,3.18536360,0.87804989,2.10001412,1.11753062,1.00000000,1.20000000,-0.50000000,-0.70000000,-1.00296607,0.01020336,0.00004000,0.00374580,0.00269775,0.00298638,-0.00160807,-0.00179120,0.00027267,-0.00473616
2021-05-10,89.63049874,91.06837105,89.13013381,88.54461654,88.38041401,86.96058769,91.04744429,90.38867075,87.36335463,89.90502971,90.85461045,89.74677959,89.80665792,13.66016381,2.92341827,0.86165953,2.14476913,1.07231346,1.00000000,1.20000000,-0.50000000,-0.70000000,-0.97411998,-0.00298305,0.00004000,-0.01059308,-0.00589092,-0.00523665,0.00015560,-0.00058376,-0.00470454,-0.00028603
2021-05-11,90.23914226,91.58058043,89.53198793,89.29494159,88.88154361,87.65757080,91.91839978,91.07394413,87.93552863,90.30525706,91.36861002,90.62917831,90.39651809,13.16921693,3.15496414,0.87616318,2.29738137,1.16293918,1.00000000,1.20000000,-0.50000000,-0.70000000,-0.99658224,0.00672763,0.00004000,0.00650211,0.00384786,0.00385326,0.00143762,-0.00269851,0.00273049,-0.00163851
2021-05-12,90.77344560,92.15086386,90.01502172,90.03785621,89.13733132,88.11129549,92.54776603,91.54653735,88.68352013,90.49464594,91.89492771,91.05118611,91.00590858,12.94868494,2.93959754,0.92020470,2.19349421,1.10548899,1.00000000,1.20000000,-0.50000000,-0.70000000,-1.13305346,0.00586351,0.00004000,0.00610821,-0.00733900,-0.00630227,0.00341738,0.00845436,-0.00241719,-0.00276941
2021-05-13,91.51120940,92.93849277,90.77865255,91.00289645,89.55491524,88.77771500,93.22293173,92.38845340,89.43408424,91.20068029,92.69784024,91.64557070,91.54164425,12.44217425,2.90435290,0.86947179,2.22832219,1.02479039,1.00000000,1.20000000,-0.50000000,-0.70000000,-0.98391978,0.00805468,0.00004000,0.00045507,-0.01094339,-0.00263584,0.00006906,-0.01023420,0.00082749,-0.00095837
2021-05-14,91.89921656,93.51756007,91.21189334,91.41090591,90.12880445,89.12810902,93.28859481,92.76317720,89.63248170,91.52300413,93.37357022,91.77118053,91.96249919,14.27616360,3.03486486,0.91606439,2.40921739,1.14931088,1.00000000,1.20000000,-0.50000000,-0.70000000,-1.09013370,0.00419103,0.00004000,-0.00166539,0.00113682,-0.00280126,0.00120274,0.00391440,0.00124896,-0.00117260
2021-05-17,92.98453559,94.40708719,92.49260035,92.45047214,91.40284868,90.33404544,94.27438778,93.80300451,90.60127127,92.82153949,94.57051651,93.02141856,92.78244249,14.37968273,2.97496492,0.81562935,2.29519991,1.09571495,1.00000000,1.20000000,-0.50000000,-0.70000000,-0.81682724,0.01170069,0.00004000,-0.00210057,-0.00247641,-0.00378122,0.00169852,-0.00760517,0.00149680,0.00067493
2021-05-18,93.56584712,94.77910724,92.95317242,92.96430475,91.86651709,90.79018514,94.76091020,94.57314306,91.39597495,93.32377064,94.94432262,93.24985847,93.56356781,13.89814510,3.02430992,0.94639913,2.16132499,1.08441020,1.00000000,1.20000000,-0.50000000,-0.70000000,-1.01754205,0.00619224,0.00004000,-0.00835806,0.00421239,0.00684375,-0.00022488,0.00472614,0.00163547,0.00363442
2021-05-19,93.79853876,95.17438614,93.07736819,92.92770072,92.51005466,90.86016489,94.93052772,94.49599368,91.66493740,93.39462069,95.39585423,93.31347336,93.83326820,13.05518634,3.01843034,0.93069661,2.13005117,1.00731363,1.00000000,1.20000000,-0.50000000,-0.70000000,-0.93201119,0.00244384,0.00004000,-0.01759093,-0.00319326,0.00153215,-0.00125142,-0.00808153,0.00553425,0.00234241
2021-05-20,93.21861956,94.50282988,92.64238556,92.26280464,91.73328516,90.11618483,94.28358371,94.00517123,91.23441409,93.11679497,94.88008151,92.78532630,93.37948007,13.25693291,2.97218442,0.91634221,2.15167820,1.00781393,1.00000000,1.20000000,-0.50000000,-0.70000000,-0.97702829,-0.00624180,0.00004000,0.00719117,-0.00397062,-0.00355290,-0.00442779,0.01113413,0.00242118,0.00144076
2021-05-21,92.89157388,93.89207692,92.21166238,91.81904553,91.25188202,89.80699179,94.09138265,93.63840471,90.98746994,92.39803218,94.69990718,92.64404041,92.96812891,11.80176778,2.85770574,0.92559394,2.23756417,1.18511323,1.00000000,1.20000000,-0.50000000,-0.70000000,-1.12524885,-0.00355454,0.00004000,0.00065742,0.00330000,-0.00174004,0.00401498,-0.00400276,-0.00600282,-0.00101243
2021-05-24,93.03408346,94.00732739,92.35319168,91.90981143,91.74731419,89.99373302,93.76932445,94.23361193,91.08351509,92.56994874,95.07684378,92.95375204,92.70482352,12.38720307,2.75586157,0.90082041,2.31548248,1.01293400,1.00000000,1.20000000,-0.50000000,-0.70000000,-0.81630282,0.00149297,0.00004000,0.00172198,0.00170640,-0.00624595,-0.00123577,-0.00490489,0.00338128,0.00066476
2021-05-25,93.20947354,94.03929030,92.38881884,92.41259996,92.01309783,90.06943785,94.00233322,94.75571920,91.11534448,92.48312512,95.48113649,93.06423268,93.09379812,11.63637258,3.14828687,0.95248604,2.25722013,1.07505401,1.00000000,1.20000000,-0.50000000,-0.70000000,-1.02465622,0.00184345,0.00004000,-0.00147850,-0.00217893,0.00506389,0.00425666,-0.00064107,0.00402744,-0.00560904
2021-05-26,93.61450381,94.58323090,92.78769427,92.55088183,92.38579628,90.29879942,93.99711796,95.43161044,91.49015269,92.86206965,95.87195119,93.57845563,93.49148534,13.34191614,2.78099378,0.90795239,2.28456642,1.09683615,1.00000000,1.20000000,-0.50000000,-0.70000000,-0.85515936,0.00429596,0.00004000,-0.00345246,0.00603363,0.00775346,0.00144367,-0.00097594,-0.00719046,0.00021853
2021-05-27,94.11956813,94.92149916,93.40483610,93.32040340,93.01529148,90.53573264,94.70648669,96.23743017,91.82332597,93.69953286,96.68368740,94.18396887,94.16742661,12.89555156,3.16826845,0.83944066,2.12710006,1.11316980,1.00000000,1.20000000,-0.50000000,-0.70000000,-0.89418275,0.00534065,0.00004000,-0.00559587,-0.00136402,-0.00817049,-0.00497968,-0.00159541,-0.00415626,0.00669212
2021-05-28,92.58578406,93.15020548,91.84909209,91.98068721,91.77034985,88.81705896,93.22601056,94.82245383,90.12344958,92.03744307,95.10249960,92.59677757,92.84025303,12.56056881,2.99846801,0.86731229,2.16579037,1.08380901,1.00000000,1.20000000,-0.50000000,-0.70000000,-0.92057195,-0.01647037,0.00004000,0.00672894,0.00277266,-0.00431804,-0.00018213,0.00483375,-0.00458870,-0.00004646
2021-05-31,92.66726929,93.16472502,92.05167720,92.04942712,92.00370561,88.71174023,93.35430737,94.43469007,90.17896426,92.08337462,94.90750448,92.80541869,92.78104709,10.78975225,2.81749501,0.98857398,2.27293407,1.01154321,1.00000000,1.20000000,-0.50000000,-0.70000000,-0.88610893,0.00083972,0.00004000,0.00355670,0.00226222,0.00001887,0.00422203,-0.00813527,-0.00256726,-0.00139786
2021-06-01,91.06153611,91.24360194,90.49926887,90.45599327,90.20473146,87.07238132,91.51886544,92.75643772,88.51490880,90.45588087,93.30303612,91.16596952,91.43742408,13.12818566,2.93784124,0.90191960,2.19848711,1.07428554,1.00000000,1.20000000,-0.50000000,-0.70000000,-1.05469689,-0.01751983,0.00004000,0.00806688,-0.00187138,-0.00125546,-0.00111350,-0.00308941,-0.00177703,0.00619073
2021-06-02,91.39659803,91.79902804,90.71316155,90.71101875,90.58945558,87.14077469,91.99257734,93.21673076,88.71235651,90.41387723,93.68134891,91.26592232,92.14549440,13.54851033,2.80667228,0.89153033,1.99479698,1.12646013,1.00000000,1.20000000,-0.50000000,-0.70000000,-1.06468810,0.00363276,0.00004000,-0.00616015,-0.00867954,-0.00346459,0.00080991,0.00482675,-0.00169753,0.00170560
2021-06-03,91.84411707,92.32714361,91.20374365,91.45128418,90.76187038,87.80173666,92.40204048,93.85151862,89.26418719,90.93563728,93.94870490,91.91261173,92.14026288,11.60562716,3.09264368,0.89333108,2.32024311,1.11170223,1.00000000,1.20000000,-0.50000000,-0.70000000,-1.04943605,0.00484450,0.00004000,0.00906040,0.00680482,-0.00075150,0.00350945,0.00036630,-0.00950958,-0.00236169
2021-06-04,91.61087100,92.28591047,91.18358952,91.27331747,90.66828821,87.32621088,92.21786838,93.31814060,89.11189545,90.54154472,93.49009514,91.58755305,91.62437369,14.57544835,3.00960613,0.84091133,2.15535176,1.08751851,1.00000000,1.20000000,-0.50000000,-0.70000000,-0.98260562,-0.00258282,0.00004000,-0.00857231,-0.00153365,-0.00883848,-0.00276343,-0.00238153,0.00171351,0.00152302
2021-06-07,91.41943392,91.76684054,90.99975417,90.95020589,90.57833509,87.20369798,92.21582891,93.00352519,89.33524197,90.50575828,93.26942088,91.64249195,91.49157772,11.89991159,2.83466780,0.89658971,2.12761253,1.00626779,1.00000000,1.20000000,-0.50000000,-0.70000000,-0.69202397,-0.00213186,0.00004000,-0.00029754,0.00760321,0.00233460,-0.00392183,-0.01020302,0.00978884,-0.00001539
2021-06-08,91.89397376,92.44113011,91.32079503,91.24065375,90.87710705,87.68692505,92.76950959,93.34301531,89.97000164,91.06968312,93.66163088,92.14950084,92.08047552,12.47113897,3.02638487,0.83946179,2.19658712,1.06398909,1.00000000,1.20000000,-0.50000000,-0.70000000,-1.01744380,0.00513737,0.00004000,0.00460222,-0.00185434,0.00180519,0.00399048,0.00480581,-0.00144390,-0.00054386
2021-06-09,91.80230655,92.16875272,91.09514646,91.06873609,90.89538019,87.71095211,93.03061643,93.23856170,89.75891050,91.24085614,93.66698358,91.95265164,91.85477735,13.88327592,2.95971844,0.87930975,2.30627841,1.12038305,1.00000000,1.20000000,-0.50000000,-0.70000000,-1.02084894,-0.00103803,0.00004000,-0.00028228,0.00569128,-0.00354766,0.00402540,0.00236803,0.00176204,-0.00017939
2021-06-10,90.92321937,91.30660917,90.51616215,90.57819900,90.17316576,87.03369116,92.47064217,92.52122217,88.99706217,90.19119996,92.69360858,90.91079892,91.19941756,14.77804642,3.10371454,0.90709992,2.21468996,1.12091923,1.00000000,1.20000000,-0.50000000,-0.70000000,-0.93079292,-0.00966202,0.00004000,0.00152971,-0.00611482,-0.00151080,-0.00120365,0.00132979,-0.00151760,-0.00121969
2021-06-11,90.13548665,90.25272421,89.49717093,89.77689390,89.49227565,86.17989161,92.26770380,91.67805670,88.27305222,89.59842746,91.88868741,89.75827131,90.56685860,12.80255898,2.88310743,0.82340028,2.15957584,1.10310203,1.00000000,1.20000000,-0.50000000,-0.70000000,-0.91850147,-0.00874146,0.00004000,-0.00342155,-0.00448006,0.00529785,0.00663511,-0.00055636,-0.00059066,0.00029800
2021-06-14,88.75390065,88.64888120,88.13866120,88.30898305,88.12438789,84.88470384,91.01224236,89.91316520,87.50383235,88.00035553,90.50667457,88.49933846,89.43056223,12.94288323,2.91294840,1.00747742,2.23826156,1.17568457,1.00000000,1.20000000,-0.50000000,-0.70000000,-0.98300906,-0.01548657,0.00004000,0.00535702,-0.00649777,0.00369659,0.00057785,-0.01415272,-0.00034872,-0.00221965
2021-06-15,88.85183126,88.84742677,88.16481722,88.62029765,88.06781602,85.19541993,91.02331636,90.10061111,87.83785192,88.04822888,91.01950323,88.41796880,89.52417983,12.77847508,3.14239439,0.95058193,2.17744988,1.09106417,1.00000000,1.20000000,-0.50000000,-0.70000000,-0.91406564,0.00106279,0.00004000,-0.00112661,-0.00413367,0.00328422,0.00274138,0.00184991,0.00593815,0.00618929
2021-06-16,88.51390386,88.38999702,87.74139290,88.44477506,87.72360771,84.58929630,90.44658224,90.03192346,87.37660521,87.96514178,90.95750071,88.12009529,89.04091771,11.81646134,3.10205107,0.91384007,2.32941428,1.07618861,1.00000000,1.20000000,-0.50000000,-0.70000000,-1.15045611,-0.00385052,0.00004000,0.00310567,-0.00168384,0.00145653,-0.00393448,-0.00440699,-0.00275824,0.00670597
2021-06-17,89.06524302,88.87628858,88.60582098,88.90297744,88.28416105,84.88058900,90.83436385,90.96511701,88.09925224,88.71387711,91.69222950,88.79813656,89.66634786,13.82486069,2.85087093,0.88035440,2.13828742,1.15038253,1.00000000,1.20000000,-0.50000000,-0.70000000,-0.93743765,0.00616952,0.00004000,-0.00413243,-0.00772076,0.00134197,-0.00107887,0.00730642,-0.00020243,-0.00171379
2021-06-18,88.30020875,87.85035786,87.80878547,87.83892910,87.37333413,84.15690700,90.08027428,90.19355149,87.36897528,87.79562783,90.81860431,87.94593166,88.94093397,13.71981448,2.79662635,0.89699071,2.13176521,1.05481399,1.00000000,1.20000000,-0.50000000,-0.70000000,-1.00278109,-0.00866670,0.00004000,0.01595193,-0.00544713,0.00457505,-0.00133908,0.00108604,0.00099087,-0.00393157
2021-06-21,89.07059364,88.24794586,88.63654194,88.71401017,88.03352520,85.11966865,90.87685417,90.88665142,87.88494401,88.55294791,91.60774136,88.38765428,89.78831156,12.36215144,3.27721757,0.88585027,2.00634784,1.14392188,1.00000000,1.20000000,-0.50000000,-0.70000000,-1.03471214,0.00864677,0.00004000,0.00127334,-0.00271082,-0.00586834,-0.00465551,-0.00053702,0.00314002,-0.00412641
2021-06-22,89.36573694,88.50739800,88.75918495,89.36785629,88.19707488,85.23971219,91.18340419,91.34746168,88.14517890,88.90130460,91.88316421,88.55723974,90.12777935,13.05943882,3.19480124,0.85474674,2.24948613,1.09262782,1.00000000,1.20000000,-0.50000000,-0.70000000,-0.99479304,0.00326811,0.00004000,0.00776781,0.00358265,-0.00003585,-0.00301280,0.00094232,-0.00028054,0.00423406
2021-06-23,89.92795026,89.24432419,89.43458862,89.74423578,88.67210088,85.71537627,91.87621310,91.58265610,88.81108522,89.90930596,92.68078350,89.34703758,90.69989215,13.45288640,3.22112238,0.82075899,2.09056649,1.07172113,1.00000000,1.20000000,-0.50000000,-0.70000000,-0.90177180,0.00623144,0.00004000,0.00229231,-0.00034497,0.00317082,-0.00138438,-0.00707900,-0.00945127,0.00147447
2021-06-24,91.28046000,90.70954023,90.61671888,91.27147930,90.06874858,87.01128607,92.94630292,92.77930757,90.31389083,91.36489383,94.09890238,90.63869233,92.08883140,12.24116323,3.03797232,0.84042140,2.30489880,1.14009583,1.00000000,1.20000000,-0.50000000,-0.70000000,-1.03275722,0.01488795,0.00004000,0.00422921,-0.00464440,0.00525743,-0.00074274,0.01478944,-0.00016462,-0.00069765
2021-06-25,92.11687638,91.55903323,91.16783237,91.74438836,90.59859589,88.11398946,94.08927299,93.71194888,91.24992820,92.26138786,94.83835740,91.46533331,92.90122278,12.72452511,3.05301694,0.92967047,2.41812255,1.03848884,1.00000000,1.20000000,-0.50000000,-0.70000000,-0.93796021,0.00908142,0.00004000,-0.00618562,0.00015149,-0.00548599,0.00186898,0.00734652,0.00320862,-0.00328554
2021-06-28,92.22844113,91.85846256,90.98034134,92.05079363,90.45866932,88.42015301,94.10247217,93.71656999,91.32858243,92.33188638,94.86181056,91.80251140,92.96986466,13.32123473,2.72538025,0.94590137,2.03495175,1.08729391,1.00000000,1.20000000,-0.50000000,-0.70000000,-1.02390954,0.00117039,0.00004000,-0.00343276,0.00291885,-0.00158075,-0.00578020,0.00722171,-0.00648555,-0.00056898
2021-06-29,92.07569607,91.84554833,91.16073744,91.85853454,90.35403470,88.41817943,93.93351271,93.16759736,91.19061371,92.04600248,94.79247627,91.60717570,93.07028873,12.57216040,2.92501617,0.87047666,2.23942888,1.06619764,1.00000000,1.20000000,-0.50000000,-0.70000000,-1.04591972,-0.00169753,0.00004000,-0.00191524,-0.00162851,0.00083275,0.00209929,0.00783148,-0.00249930,0.00356938
2021-06-30,92.05115818,91.87112797,91.02902234,91.65506287,90.37244432,88.29784444,93.72464162,93.53094458,91.16019446,92.01375157,94.59446084,91.15968361,93.73416344,12.52931289,2.78220375,0.90557463,2.09944765,1.05663463,1.00000000,1.20000000,-0.50000000,-0.70000000,-1.03043347,-0.00030653,0.00004000,-0.00284700,-0.00762285,0.00312888,0.00104018,0.01067037,0.00943460,0.00021475
2021-07-01,91.98410304,91.93241439,90.93207129,91.75435645,90.47395008,88.23531686,93.91654307,93.78021540,91.20388344,91.84616000,94.89685799,91.21338142,93.83533865,12.63332390,3.07115720,0.90996593,2.29822838,1.07314513,1.00000000,1.20000000,-0.50000000,-0.70000000,-1.03922767,-0.00076872,0.00004000,0.00304261,-0.00689485,-0.00763191,-0.00132057,0.00197898,0.00379617,0.00355843
2021-07-02,91.94689813,92.04759007,90.88090660,91.75270832,90.55901142,88.27902343,94.12775998,93.70515145,91.42433646,91.75330577,94.82640807,90.92335984,93.85660198,12.76680607,2.90328401,0.88621818,2.25919946,1.02344049,1.00000000,1.20000000,-0.50000000,-0.70000000,-0.89118484,-0.00044455,0.00004000,-0.00671732,0.00900504,0.00025717,0.00259978,0.00173004,0.00231577,0.00052275
2021-07-05,93.08606750,93.01161139,91.95021770,92.63392667,91.71882061,89.19463509,94.92056742,94.88431406,92.53413171,92.70549666,96.12711734,91.99880193,94.95640865,12.40924909,2.89901689,0.78757961,2.18831421,1.04454751,1.00000000,1.20000000,-0.50000000,-0.70000000,-1.08207427,0.01227331,0.00004000,-0.00335556,0.00008768,0.00580695,-0.00110243,0.01339229,0.00085464,0.00541975
2021-07-06,92.58736947,92.57091203,91.46785135,92.10672316,91.16249042,88.79058942,94.25704528,94.11625178,92.46217326,92.19602558,95.53329346,91.08777227,94.68102398,13.74689762,2.67820737,0.97475012,2.05771285,1.11009980,1.00000000,1.20000000,-0.50000000,-0.70000000,-1.05594757,-0.00541179,0.00004000,-0.00929622,0.00012303,0.00078368,0.00044086,-0.00525310,-0.00285978,0.00008031
2021-07-07,92.09975939,92.19513157,90.96822423,91.62422139,91.14777259,88.24564717,93.76302873,93.38931071,92.04486733,91.50161074,94.75463058,90.42273564,94.38048642,13.48392705,2.70702980,0.98384101,2.34324851,1.12678384,1.00000000,1.20000000,-0.50000000,-0.70000000,-1.08967469,-0.00532040,0.00004000,-0.01032735,0.00043132,0.00494642,0.00028520,0.00348593,-0.00055883,-0.00560855
2021-07-08,93.78261201,93.90262663,92.70683417,93.42298520,92.81137461,89.93134530,95.41973156,95.04084776,93.73440893,93.25773171,96.45953423,92.09820177,95.96732213,12.67398937,3.25869521,0.94623955,2.08971941,1.14677642,1.00000000,1.20000000,-0.50000000,-0.70000000,-0.96734829,0.01806714,0.00004000,-0.00172511,0.00554049,-0.00568376,-0.00052591,-0.01167415,0.00567235,0.00126634
2021-07-09,94.56161360,94.54649614,93.38345099,94.00547389,93.73681028,90.88523525,96.14298294,95.50020192,94.50769920,93.88134176,97.00485603,92.40311240,96.52993440,12.85317506,3.22587224,0.96183348,2.18687262,1.09913210,1.00000000,1.20000000,-0.50000000,-0.70000000,-0.95339270,0.00823215,0.00004000,-0.00641828,0.00133025,0.00185497,-0.00001955,0.00387871,0.00112144,-0.00053570
2021-07-12,94.16849605,94.27569685,92.90629708,93.81544007,93.22574708,90.33457702,95.27755149,94.97446079,94.08212155,93.47781561,96.73708924,91.87663057,96.11982385,14.11692090,3.15593827,0.90260984,2.28249791,1.11836663,1.00000000,1.20000000,-0.50000000,-0.70000000,-1.00249655,-0.00420593,0.00004000,-0.01073504,0.00309596,-0.00047757,0.00564627,0.00338713,0.00541266,0.01037438
2021-07-13,95.14772326,95.42006018,93.85222673,94.73423889,94.51031996,91.23545367,96.26535070,95.81638857,94.96910010,94.36961314,97.72843408,92.99458241,97.25286308,11.34994330,3.01893381,0.93539115,2.32920525,1.04435914,1.00000000,1.20000000,-0.50000000,-0.70000000,-0.98395905,0.01030498,0.00004000,0.00729189,0.00197714,0.00396215,0.00258452,-0.00093776,-0.00033599,-0.00661934
2021-07-14,95.75807238,96.31413766,94.65513179,95.21026771,95.39820478,91.92272813,96.96731824,96.38771430,95.40895658,94.69588297,98.16050645,93.59314082,97.62420340,11.64798530,2.94387082,0.93487462,2.24456650,1.15025727,1.00000000,1.20000000,-0.50000000,-0.70000000,-0.88559857,0.00635427,0.00004000,0.00821905,-0.00686295,-0.00345693,0.00144870,-0.00549142,0.00087378,-0.00500874
2021-07-15,95.06522589,95.42679455,94.23263057,94.82585682,94.62292778,91.56142458,96.30429647,95.93604699,95.11106951,94.53093065,97.52912393,92.70276579,96.95011542,13.18531435,3.34864891,0.95087479,2.10461043,1.19769381,1.00000000,1.20000000,-0.50000000,-0.70000000,-0.97755458,-0.00730169,0.00004000,0.00726025,0.00748724,0.00530794,0.00150357,0.00348467,-0.00121009,-0.00155627
2021-07-16,95.96418712,96.09625775,95.19812963,95.76759549,95.13315022,92.46130523,96.88226488,97.15713082,95.89039289,95.20052018,98.76936132,93.36058270,97.74610272,13.97195915,3.15247169,0.90660696,2.25375511,1.10256431,1.00000000,1.20000000,-0.50000000,-0.70000000,-0.89813105,0.00937183,0.00004000,0.01032951,-0.00951797,0.00145837,-0.00516121,-0.00999776,0.00323191,-0.00318778
2021-07-19,96.21387685,96.37887363,95.63005523,96.28969927,95.27593601,92.83018678,97.00167554,97.38526268,96.49031023,95.40817553,99.34922506,93.68497970,98.05976031,13.38075467,2.95340460,0.96616246,2.31085607,1.10516932,1.00000000,1.20000000,-0.50000000,-0.70000000,-0.87725100,0.00255853,0.00004000,0.00466452,-0.00076150,-0.00185035,0.00326109,0.00050300,0.00165287,0.00110327
2021-07-20,95.98632844,96.12816303,95.24999575,96.09447678,95.01183803,92.65583642,96.85758408,97.10222704,96.37108749,95.01721813,98.83671982,93.03737751,97.99760444,13.47946255,3.07439199,0.84570952,2.12944198,1.01371052,1.00000000,1.20000000,-0.50000000,-0.70000000,-0.91735453,-0.00240783,0.00004000,-0.00883472,-0.00418572,0.00251194,-0.00303209,0.00545122,0.00178719,0.00522007
2021-07-21,95.86673522,96.13740185,95.12317778,96.22620361,94.40055345,92.34634170,96.67075490,97.21545219,96.32392727,94.86833968,98.53457856,93.16764360,97.97656293,12.56774415,3.28832479,0.92097363,2.32382453,1.14637147,1.00000000,1.20000000,-0.50000000,-0.70000000,-0.99525161,-0.00128672,0.00004000,-0.00189219,0.00246289,-0.00222861,-0.00386758,0.00080834,0.00186923,-0.00169819
2021-07-22,95.53598551,95.52837245,95.29368310,96.08387824,94.12996655,91.85038443,96.26342130,96.73559041,95.70253725,94.74625784,98.20231789,92.84802507,97.80326464,11.75037018,3.25469646,0.89374057,2.11345354,1.12239112,1.00000000,1.20000000,-0.50000000,-0.70000000,-0.96244867,-0.00349606,0.00004000,0.00099426,-0.00050462,-0.00695167,-0.00445937,0.00035060,0.00894343,0.00281116
2021-07-23,96.07124146,95.99877937,95.91582041,96.61018480,95.07088694,92.34863674,96.71418713,97.18211844,96.26461137,95.38127469,98.92289157,93.41184447,98.14219814,11.90470726,2.97561219,0.90948555,2.32301313,1.13414347,1.00000000,1.20000000,-0.50000000,-0.70000000,-1.00444042,0.00554703,0.00004000,0.00258291,-0.00469752,-0.00549598,-0.00302748,0.00148620,0.00439447,0.00281803
2021-07-26,96.44908317,96.27152783,96.34768576,97.08751959,95.33798465,92.80591137,97.00967212,97.62640870,96.88167240,95.52094249,98.98520247,93.84898526,98.52909106,13.11035118,2.94899431,1.00059112,2.08161482,1.10160832,1.00000000,1.20000000,-0.50000000,-0.70000000,-1.01009777,0.00388522,0.00004000,0.00753131,0.00907672,0.00286054,0.00278370,0.00662608,-0.00039553,0.00135463
2021-07-27,95.94211464,96.10073604,95.96361755,96.30488846,95.19924473,92.33726230,96.51234766,97.26470543,96.30702200,95.06783975,98.34377050,93.63383539,98.31823140,11.79061528,2.79556805,0.85821234,2.10034979,1.08500591,1.00000000,1.20000000,-0.50000000,-0.70000000,-0.89386169,-0.00531020,0.00004000,-0.00437634,-0.00504877,-0.00142905,0.00338701,0.00575913,0.00203407,-0.00050226
2021-07-28,96.30279541,96.66237305,96.32729641,96.84865084,95.45700029,92.27793670,97.02348349,97.79159753,96.55763372,95.14438189,98.41871795,94.23996022,98.72792025,12.54138018,3.05931960,0.90617295,2.08916310,1.15200493,1.00000000,1.20000000,-0.50000000,-0.70000000,-1.03047923,0.00371231,0.00004000,-0.00079131,0.01077133,0.00621279,-0.00297458,-0.00942701,-0.00273457,-0.00319417
2021-07-29,95.31179968,95.55234611,95.51199333,95.95313335,94.36160877,91.46948239,96.11428327,96.91014648,95.69947199,94.62387082,97.06275063,93.35853679,97.67076031,12.11874905,3.05790061,0.86447534,2.18069016,1.01880498,1.00000000,1.20000000,-0.50000000,-0.70000000,-1.08073558,-0.01038373,0.00004000,-0.00205309,-0.00048497,0.00012420,0.00527635,-0.00910674,-0.00479614,0.00073016
2021-07-30,95.28200889,95.41235041,95.22082540,95.85426333,94.24809082,91.67673126,96.14660831,97.19219548,95.97186682,94.55374451,97.25481110,93.37364788,97.75849567,12.21884254,3.00998159,0.91345174,2.32957711,1.11184515,1.00000000,1.20000000,-0.50000000,-0.70000000,-1.05880396,-0.00035261,0.00004000,0.00052655,0.00263865,-0.00237392,0.00016974,-0.00196145,-0.00061072,-0.00195475
2021-08-02,95.08618002,95.62626477,95.18929340,95.49100669,93.99737652,91.76105524,95.84025444,96.89404240,95.57006922,94.47023984,97.23023853,93.21473813,97.67415854,13.97509106,2.92551290,0.88049408,2.30487411,1.06487858,1.00000000,1.20000000,-0.50000000,-0.70000000,-1.01233597,-0.00209737,0.00004000,0.00343545,0.00728495,0.00077137,-0.00014476,0.00063027,-0.00823129,-0.00079657
2021-08-03,95.16338578,95.77964393,95.18899064,95.49843679,94.20309703,91.39071477,95.88697187,97.54394916,95.74812975,94.04721310,97.11675627,93.43705855,97.59472504,13.70132949,2.82593605,0.85736808,2.21134438,0.98342325,1.00000000,1.20000000,-0.50000000,-0.70000000,-0.91262677,0.00077163,0.00004000,0.00662430,-0.00122595,0.00310702,-0.00053523,0.00223488,0.00488600,-0.00113627
2021-08-04,96.91942798,97.38083346,96.78566450,97.60447067,95.43750586,92.83682885,97.33182535,99.57093267,97.67092240,96.04161519,98.94553768,95.30183722,99.49770458,12.34426257,2.86284129,0.94187465,1.90895364,1.15600422,1.00000000,1.20000000,-0.50000000,-0.70000000,-0.96969734,0.01824473,0.00004000,-0.00533595,-0.00059079,-0.00176009,-0.00195359,-0.00267975,0.00148865,0.00439562
2021-08-05,96.85832215,97.52739562,96.89315619,97.58295507,95.49799737,92.81946202,97.37640392,99.14041042,97.78999167,96.17638502,99.19142346,95.30155424,99.31157055,11.18187625,3.09342185,0.82377195,2.20471329,1.14568356,1.00000000,1.20000000,-0.50000000,-0.70000000,-1.00908568,-0.00067068,0.00004000,-0.00520083,-0.00193666,0.00298488,0.00014662,-0.00866633,0.00205626,0.00127337
2021-08-06,97.45081507,98.29055191,97.85268486,98.02262154,96.25995981,93.51060997,98.28369252,99.65448713,98.36314489,96.96520442,99.97549077,95.55646220,99.82817107,12.67594850,2.84195450,0.89938111,2.14978901,1.16044773,1.00000000,1.20000000,-0.50000000,-0.70000000,-0.98523352,0.00605848,0.00004000,-0.00198489,0.00555944,-0.00787597,-0.00109245,-0.00024606,-0.00794807,-0.00140455
2021-08-09,97.95300338,98.73147436,98.16019421,98.16073037,96.74571159,93.87383850,98.62097826,100.25012925,98.70106564,97.50232031,100.42362548,95.97074623,100.12768768,13.00266605,2.90985292,0.91172742,2.08787358,1.16016564,1.00000000,1.20000000,-0.50000000,-0.70000000,-0.88738647,0.00510002,0.00004000,0.00684967,0.00288938,0.00064544,0.00188959,-0.00245152,-0.00004930,0.00093677
2021-08-10,97.18264957,98.02846150,97.20657661,97.24831134,95.70046140,93.04919026,97.78983546,99.08428896,97.97048294,96.82079271,99.72971152,95.40551307,99.77910128,12.34961162,3.01613666,0.94816335,2.28044460,1.11863315,1.00000000,1.20000000,-0.50000000,-0.70000000,-0.87577282,-0.00793561,0.00004000,-0.00122521,-0.00338747,0.00624433,0.00098274,-0.00529462,-0.00457728,-0.00541035
2021-08-11,97.31928327,98.26756034,97.38162455,97.53808443,95.69993825,92.82091672,97.76561098,99.37080994,98.03756828,96.66262466,99.55900637,95.22281632,100.02575056,13.52647617,3.03576092,0.92000834,2.27390189,1.13111333,1.00000000,1.20000000,-0.50000000,-0.70000000,-0.98624503,0.00136496,0.00004000,-0.00528471,-0.00535609,-0.00559865,-0.00091020,-0.00124627,0.00664311,0.00173852
2021-08-12,97.74309993,98.77575755,98.07836261,98.27931109,96.01016772,93.13149196,98.47010414,99.78531239,98.32376338,96.90202634,99.91767010,95.74887481,100.49582733,11.55253243,2.91122863,0.82459492,2.10402378,1.11506156,1.00000000,1.20000000,-0.50000000,-0.70000000,-0.94468912,0.00430545,0.00004000,-0.00452412,-0.00240285,0.00209326,0.00048914,0.00252960,-0.00280557,0.00112537
2021-08-13,98.02244751,99.16517270,98.18600535,98.36373456,96.27340012,93.46895354,98.82615868,99.63990116,98.88217521,96.88723289,100.25532340,95.91382948,100.63630593,14.40300295,3.20826916,0.85770956,2.20751134,1.07804120,1.00000000,1.20000000,-0.50000000,-0.70000000,-0.91649823,0.00281390,0.00004000,-0.00452815,-0.00694758,-0.00136922,-0.00058649,0.00229552,-0.00043657,-0.00092105
2021-08-16,98.58902129,100.07465605,98.65900922,98.88591948,96.67474359,94.23367910,99.34357394,100.34616522,99.29826784,97.54732393,100.96895570,96.45222020,101.15316127,14.05983370,3.27579701,0.95921202,2.26055051,1.11395196,1.00000000,1.20000000,-0.50000000,-0.70000000,-0.97202811,0.00572340,0.00004000,-0.00120914,-0.00248866,-0.00351797,-0.00032972,0.00049696,-0.00586328,-0.00283713
2021-08-17,100.03425545,101.48673442,100.23833323,99.94504454,98.03503422,95.51156899,100.64334829,102.04962567,100.91756225,99.36608817,102.69547057,97.82007712,102.84691305,12.04849247,3.03320402,0.88853878,2.07773362,1.04811298,1.00000000,1.20000000,-0.50000000,-0.70000000,-1.07840683,0.01451277,0.00004000,-0.00254201,0.00179047,0.00160956,0.00103901,0.00236901,-0.00579786,-0.00186998
2021-08-18,99.18746685,100.56972732,99.27715706,99.06788425,97.21014165,94.55112001,99.60682287,101.27321898,100.16960483,98.42265188,101.64215380,97.11029108,101.92697226,12.64802108,3.16233829,0.91738353,2.08617160,1.10882304,1.00000000,1.20000000,-0.50000000,-0.70000000,-1.02049801,-0.00854102,0.00004000,0.00057562,-0.01016819,-0.00538681,-0.00025008,-0.00139207,0.00178340,-0.00002751
2021-08-19,99.51984341,101.08677932,99.55935374,99.28945347,97.78502010,95.04015817,99.99475993,101.90311251,100.81039042,98.82028662,101.79013740,97.44545909,102.17408457,12.85124142,2.69849358,0.85209739,2.30223701,1.03111420,1.00000000,1.20000000,-0.50000000,-0.70000000,-0.98551977,0.00330539,0.00004000,-0.00517266,-0.00142660,0.00266157,0.00329141,-0.00609959,-0.00768216,0.00377746
2021-08-20,99.89679110,101.69745641,100.33426658,99.20978043,98.25625584,95.31711372,100.68261967,102.65823650,101.02238238,98.77372898,102.03328871,97.81340674,102.43072278,14.11301373,3.14182043,0.90307332,2.23472253,1.16329943,1.00000000,1.20000000,-0.50000000,-0.70000000,-1.01258565,0.00374051,0.00004000,0.00032661,0.00712791,-0.00119847,-0.00024087,0.00908514,0.00207715,-0.00015978
2021-08-23,99.12768682,100.35347202,99.09808234,98.45776444,97.65485883,94.37263287,99.88054509,101.81211290,100.08868632,97.90568909,100.91546532,97.00787456,101.65735040,13.84972682,2.92154903,0.91193305,2.30145446,1.10734758,1.00000000,1.20000000,-0.50000000,-0.70000000,-0.96542361,-0.00776878,0.00004000,-0.00755318,0.00113526,-0.00275313,-0.00013493,-0.00506827,0.00433315,0.00118363
2021-08-24,98.81325652,100.25307233,98.99145060,98.05646523,97.30597484,93.99192979,99.41246212,101.51131041,100.00447894,97.88185449,100.90785799,96.91590431,101.23396273,13.46300049,3.08900065,0.88845723,2.35902799,1.12930156,1.00000000,1.20000000,-0.50000000,-0.70000000,-1.04211105,-0.00321701,0.00004000,0.00213210,-0.01296868,0.00001473,0.00112479,-0.00133745,-0.00384232,0.00249905
2021-08-25,98.25766752,99.66027545,98.56954733,97.48566546,96.76555520,93.46377237,98.72190843,101.13808520,99.57902340,97.39325583,100.36322743,96.40549519,100.74072473,11.71135108,2.94159429,0.87289863,2.14258538,1.10623715,1.00000000,1.20000000,-0.50000000,-0.70000000,-1.06618156,-0.00567848,0.00004000,-0.00626703,-0.00105165,0.00492895,-0.00384131,0.00226810,-0.00133409,0.00169264
2021-08-26,97.15611632,98.58165965,97.52729187,96.33821252,95.48778397,92.39142543,97.20236973,99.97790354,97.97966619,96.47662520,99.48512276,95.43458872,99.55041351,13.57599416,2.91535066,0.89493380,2.28202096,1.09913845,1.00000000,1.20000000,-0.50000000,-0.70000000,-0.89569025,-0.01131416,0.00004000,-0.00947455,0.00572944,0.00171992,0.00148285,-0.00181753,0.00304898,0.00358396
2021-08-27,97.27856678,98.81737447,97.68040934,96.29213349,95.66494029,92.71870115,97.24235797,100.10900646,98.32466991,96.61046434,99.49393029,95.52739689,99.67001680,13.33170014,2.96068451,0.86653166,2.18250767,1.18064538,1.00000000,1.20000000,-0.50000000,-0.70000000,-0.97448404,0.00121955,0.00004000,0.00306145,-0.00872416,-0.00452430,-0.00524288,0.00426425,-0.00069308,-0.00127881
2021-08-30,98.67712088,100.44116397,99.01434755,97.55007579,97.05049878,93.80229172,98.49792566,101.88658743,99.56784511,98.03311966,100.72521868,96.67933641,100.99205334,12.24479110,3.04715711,0.89329556,2.19445755,1.08840383,1.00000000,1.20000000,-0.50000000,-0.70000000,-1.03403600,0.01423443,0.00004000,0.00424923,0.00419650,-0.00692820,-0.00125493,0.00394082,-0.00294747,0.00079558
2021-08-31,100.05296890,101.88557022,100.49833563,99.16871247,98.41923742,95.23634033,99.64450680,103.24420850,100.83190083,99.48252931,102.53422046,98.12579620,102.63053072,13.46890229,3.17192442,0.86333469,2.19405365,1.07795177,1.00000000,1.20000000,-0.50000000,-0.70000000,-0.96812259,0.01380662,0.00004000,-0.00404188,-0.00093332,-0.00467695,0.00418646,-0.00313507,0.00329583,-0.00028920
2021-09-01,98.58082603,100.14950188,99.19067184,97.64559278,97.37653221,93.86736212,97.99116230,101.69026166,99.56042333,97.87536496,100.97376408,96.64241221,100.90202848,13.47664332,3.06834435,0.89174520,2.11009935,1.12773086,1.00000000,1.20000000,-0.50000000,-0.70000000,-1.14201958,-0.01486295,0.00004000,-0.00588671,-0.00066215,-0.00413770,0.00141906,-0.00281839,-0.00055056,0.00260393
2021-09-02,98.10132493,99.73446686,98.48093130,97.25393476,97.15777329,93.30787942,97.61737940,101.06991931,99.25323461,97.52575689,100.40121617,96.23910474,99.95261812,13.76683123,3.09093584,0.92368275,2.28348120,1.10444895,1.00000000,1.20000000,-0.50000000,-0.70000000,-0.89992936,-0.00491591,0.00004000,0.01008568,0.00079908,0.00434878,0.00304190,0.00713141,-0.01018207,-0.00532466
2021-09-03,96.83143512,98.99488012,97.33676635,95.90126095,95.98448389,92.16631816,96.15800707,99.57319962,97.82309900,96.08740790,99.20220134,94.94792139,99.01394926,11.39613348,3.02813274,0.89027443,2.22714049,1.05522312,1.00000000,1.20000000,-0.50000000,-0.70000000,-0.91601869,-0.01306919,0.00004000,0.00628593,-0.00034592,-0.00309041,-0.00212338,-0.00210376,0.00085756,0.00477789
2021-09-06,96.74209279,98.91159769,97.09079107,95.65898940,95.66992332,91.90056289,96.06962481,99.79650976,98.10860032,96.17906194,99.41758007,94.81529829,98.62988972,10.19250339,2.72983412,0.86666797,2.25416638,1.04822965,1.00000000,1.20000000,-0.50000000,-0.70000000,-1.05253320,-0.00096308,0.00004000,0.00295397,0.00527720,-0.00603600,0.00054491,0.00381647,-0.00265516,-0.00318608
2021-09-07,96.13499099,98.08935055,96.31592477,94.99362159,94.68917411,91.64972035,95.81271051,99.06530505,97.43447203,95.34822002,99.04556829,94.28461054,97.97582138,12.79948351,3.17901989,0.86661709,2.17873249,1.10899359,1.00000000,1.20000000,-0.50000000,-0.70000000,-0.90837329,-0.00633524,0.00004000,-0.00170397,-0.00834062,0.00527035,0.00184589,0.02051253,0.00423785,0.00063946
2021-09-08,95.75086392,97.97761639,96.02693455,94.89003663,94.53843192,91.47078475,95.16436174,98.57485968,97.09624444,94.78353507,98.72161449,93.84204619,97.99724572,13.59868135,2.90641440,0.96519225,2.07727702,1.09869139,1.00000000,1.20000000,-0.50000000,-0.70000000,-0.98198937,-0.00404371,0.00004000,-0.00239177,0.00998080,0.00181689,0.00101064,0.00457088,0.00015424,-0.00254911
2021-09-09,95.02585957,97.45993550,95.00842103,94.46894293,93.83663038,90.59142033,94.48612567,97.49482815,96.52875811,94.23182563,97.87041512,93.28158734,97.03075947,14.39609839,3.15120493,0.85586129,2.16507612,1.11309172,1.00000000,1.20000000,-0.50000000,-0.70000000,-1.01233892,-0.00764059,0.00004000,0.00272819,0.00154461,-0.00044518,-0.00209241,0.00623011,0.00544923,-0.00269190
2021-09-10,94.99549521,97.17976771,95.03153482,94.29262509,93.53416423,90.66968536,94.62329197,97.05296875,96.36084432,94.29942560,97.64878621,93.09840765,97.02468080,12.99909044,3.26678995,0.89475033,2.07394694,1.03896317,1.00000000,1.20000000,-0.50000000,-0.70000000,-1.00720981,-0.00035959,0.00004000,0.00430687,-0.00242853,0.00024440,-0.00679183,-0.00192936,-0.00123349,-0.00011810
2021-09-13,94.86799714,97.21263031,95.22044555,94.18085059,93.29574281,90.50795712,94.78375230,97.15546398,96.57615163,94.12819484,97.31940530,93.35903920,96.87197273,14.87713172,2.89885718,0.89960844,2.28779112,1.05695831,1.00000000,1.20000000,-0.50000000,-0.70000000,-1.03139957,-0.00138305,0.00004000,-0.00796133,-0.00311896,-0.00278874,0.00045134,-0.00995960,0.00246069,0.00137633
2021-09-14,95.22486206,97.36418429,95.46090254,94.68319001,93.46176061,90.55601579,95.00736557,97.75404587,97.18647297,94.21186919,97.60730390,93.42338868,97.51366338,10.86805289,2.78185088,0.90843391,2.33252085,1.08291216,1.00000000,1.20000000,-0.50000000,-0.70000000,-1.12922133,0.00371464,0.00004000,-0.01091190,-0.00085164,0.00322634,-0.00546277,0.00318439,-0.00273869,0.00053209
2021-09-15,97.13975188,99.31129026,97.22171869,96.52070081,95.50622441,92.52506529,97.13854649,99.76271635,99.11502462,96.18554895,99.39500449,95.14273953,99.43454404,13.69603464,2.82599478,0.84235875,2.21412065,1.09625056,1.00000000,1.20000000,-0.50000000,-0.70000000,-1.07879291,0.01986962,0.00004000,0.00564869,0.00753407,0.00028022,-0.00334548,-0.00171065,0.00214097,-0.00125214
2021-09-16,97.29006358,99.49617753,96.95229665,96.57443875,96.20152916,92.46824685,97.30483584,99.77519522,99.46206580,96.23486730,99.13006170,95.75192744,99.60029528,12.89835048,3.19258553,0.81250638,2.19928734,1.16041198,1.00000000,1.20000000,-0.50000000,-0.70000000,-0.98693608,0.00150618,0.00004000,-0.00840735,0.00127988,0.00049036,0.00155860,-0.00676039,0.00092148,0.00221764
2021-09-17,97.45506175,99.70429902,97.02756765,96.88286141,96.21332096,92.76783362,97.39883296,99.63873517,99.38648402,96.09875673,99.65441644,96.03851869,99.61023124,13.42731054,2.94365472,0.87642320,2.21665348,1.08347316,1.00000000,1.20000000,-0.50000000,-0.70000000,-1.05919133,0.00165450,0.00004000,0.00453325,-0.00278126,-0.00092237,-0.00305084,0.00494384,-0.00408647,0.00191728
2021-09-20,97.39303959,99.40065123,97.11773721,96.98488462,96.52016596,92.99104466,97.52918808,99.83383986,99.06867572,95.98654230,99.84835865,96.45127281,99.29664439,12.56933334,2.89134325,0.93006492,2.19653416,1.00305558,1.00000000,1.20000000,-0.50000000,-0.70000000,-1.00967974,-0.00067662,0.00004000,-0.00006571,-0.01079554,-0.00028269,-0.00396233,0.00782765,0.00161502,-0.00804302
2021-09-21,98.10182279,100.34161511,97.82060928,97.67630810,97.20978006,93.78621988,98.59798957,100.93223076,99.66846266,96.49404688,100.39699212,97.36954520,100.10785358,12.71604131,2.77711070,0.94492651,2.20691729,1.08897290,1.00000000,1.20000000,-0.50000000,-0.70000000,-0.95651952,0.00721120,0.00004000,-0.00214270,0.00299358,-0.00069705,0.00194774,-0.00249437,0.00219176,-0.00357474
2021-09-22,97.49425654,99.96136509,97.62350710,97.22300769,96.69409800,93.18779603,98.12580509,100.20680195,98.83913543,95.64383787,100.32758923,96.67642450,99.34007300,13.15881366,2.82923301,0.93031726,2.27746462,1.11465490,1.00000000,1.20000000,-0.50000000,-0.70000000,-0.97576439,-0.00625248,0.00004000,0.00139793,0.00016153,0.00280535,0.00290641,0.00361808,-0.00042369,0.00009656
2021-09-23,95.93248372,98.24567541,96.14486088,95.57718061,94.88046878,91.71480677,96.76835759,98.62484831,97.34824725,94.36546723,99.14660618,94.96219936,97.76823421,12.18481334,2.91191957,0.86271615,2.14953881,1.11701635,1.00000000,1.20000000,-0.50000000,-0.70000000,-0.88603804,-0.01618882,0.00004000,-0.00148718,0.00307904,-0.00006537,0.00279210,-0.00685061,0.00344829,0.00390778
2021-09-24,94.93898197,97.20571350,95.22537313,94.52214540,93.74261129,90.56068993,95.70395834,97.82853105,96.42913712,93.42427404,97.86038713,93.77252568,96.69853808,10.89700284,2.93543033,0.89020049,2.07771951,1.05704889,1.00000000,1.20000000,-0.50000000,-0.70000000,-1.01058062,-0.01045026,0.00004000,-0.00649895,0.00029311,-0.00054745,-0.00350518,-0.00836445,-0.00066730,0.00230970
2021-09-27,95.50072429,97.71692978,96.14538738,94.98880164,94.09871818,91.28050099,96.11478025,98.29272517,97.03957205,93.89002909,98.24686382,94.28929605,97.25671470,13.70853484,2.96894845,0.89463706,2.31219396,1.16174307,1.00000000,1.20000000,-0.50000000,-0.70000000,-1.00362989,0.00585944,0.00004000,-0.00637898,0.00437495,0.00148168,0.00073330,0.00132845,0.00288340,-0.00038920
2021-09-28,94.54698300,96.80244925,94.97784765,94.08551742,93.23794981,90.48277642,95.19116257,97.40902683,96.01755982,92.85537782,97.41842643,93.28330160,95.99068095,14.26801776,3.01729295,0.92360178,2.24696551,1.06374624,1.00000000,1.20000000,-0.50000000,-0.70000000,-0.98026517,-0.01007695,0.00004000,0.00412542,0.00334926,0.00061077,0.00284391,-0.01055263,-0.00269025,0.00021262
2021-09-29,94.77024675,97.09620816,95.12311374,94.47194676,93.44315797,90.70795185,95.59472538,97.46216542,96.21266090,92.88727024,97.71816533,93.29461440,96.61959930,13.44943346,3.26642375,0.91527459,2.37845560,1.13631839,1.00000000,1.20000000,-0.50000000,-0.70000000,-1.04832262,0.00231862,0.00004000,-0.01212049,0.00491980,0.00473373,-0.00342886,-0.00656068,0.01124664,-0.00161427
2021-09-30,95.20601201,97.64050862,95.24157517,94.52148595,93.82347074,91.26247289,95.94276835,97.71975344,96.86038498,93.64601517,98.43053482,93.52704795,97.01527532,12.57956543,2.93479763,0.91026541,2.19449327,1.02718559,1.00000000,1.20000000,-0.50000000,-0.70000000,-1.01567886,0.00454758,0.00004000,0.00246321,0.00806282,0.00236980,-0.00278790,-0.00097044,0.01259379,0.00015866
2021-10-01,95.86443039,98.25345016,96.09706097,95.55851890,94.35585023,91.81425271,96.87258842,98.12339132,97.33061467,93.95479514,99.23211601,94.07105334,97.77490905,12.19993767,3.28875990,0.87679782,2.14286683,1.11883925,1.00000000,1.20000000,-0.50000000,-0.70000000,-1.01941795,0.00685192,0.00004000,-0.00542061,0.00050812,-0.00326856,-0.00110561,0.00243215,-0.00268198,0.00011838
2021-10-04,96.58231186,98.82607499,96.69321719,95.98051141,95.26140664,92.45512432,97.62928031,98.99427887,97.99718088,94.55696291,99.95630221,94.73679575,98.78709927,13.43289813,2.95234310,0.90944737,2.10524193,1.14115116,1.00000000,1.20000000,-0.50000000,-0.70000000,-1.10875591,0.00742061,0.00004000,-0.00777321,0.00581867,-0.00184207,0.00058915,0.00016018,0.00137264,-0.00197393
2021-10-05,97.24157628,99.52744999,97.32947029,96.37914053,95.63291200,92.69296955,98.50281246,99.75963772,98.40534166,95.35944956,100.23360219,95.02319129,99.78737321,12.46214144,3.04233522,0.89025743,2.22970886,1.08256574,1.00000000,1.20000000,-0.50000000,-0.70000000,-1.07577032,0.00676274,0.00004000,0.00398740,0.00035366,-0.00199528,0.00166978,0.00410118,0.00593210,-0.00028252
2021-10-06,98.31050626,100.42473190,98.56656243,97.64706298,96.70301004,93.46679400,99.50744418,100.72087254,99.55027033,96.57716851,101.49522153,96.29220567,101.00176295,12.92342668,3.03003291,0.84109960,2.17221883,1.00528494,1.00000000,1.20000000,-0.50000000,-0.70000000,-0.85677991,0.01089254,0.00004000,-0.00027382,0.00011420,0.00202816,0.00418272,-0.00992793,0.00159738,0.00099667
2021-10-07,98.31420012,100.25813020,98.56929955,98.03157200,96.84500214,93.39206368,99.62112411,100.39918048,99.61777437,96.86452681,101.89770526,96.24981561,100.88041039,14.01321625,3.11598141,0.97105773,2.32335167,1.12636402,1.00000000,1.20000000,-0.50000000,-0.70000000,-0.99149011,-0.00000243,0.00004000,-0.00332585,-0.00101799,-0.00156738,0.00230694,0.00731009,-0.00571382,-0.00150680
2021-10-08,97.99157317,100.05352202,98.34064986,97.91843478,96.60802378,93.16636698,99.32012439,100.02891487,99.50109718,96.38064862,101.69979963,96.00985006,100.65906880,13.94003724,2.97153885,0.92110138,2.20032188,1.11166053,1.00000000,1.20000000,-0.50000000,-0.70000000,-0.96473689,-0.00332699,0.00004000,0.00867755,0.00064849,0.00974979,-0.00323816,-0.01059909,0.00568997,0.00096793
2021-10-11,97.66031181,100.07342421,98.39352522,97.69564132,96.43540963,93.02644028,99.00763149,99.45164267,99.22660210,96.22896335,101.54839548,95.44706210,100.01498341,11.67726108,2.98867414,0.86932249,2.13119322,1.10939472,1.00000000,1.20000000,-0.50000000,-0.70000000,-0.98399415,-0.00342624,0.00004000,-0.00516858,-0.01238708,-0.00500803,0.00743615,-0.00300747,-0.01142675,-0.00598611
2021-10-12,96.49927844,98.81866287,97.20303100,96.55601186,95.29378793,91.91454506,97.62231854,98.28281585,98.31482136,94.84703351,100.28519360,94.28944716,98.83027717,13.48110643,3.11982342,0.85597897,2.10447846,1.08343626,1.00000000,1.20000000,-0.50000000,-0.70000000,-0.85812066,-0.01199972,0.00004000,-0.00145215,0.00109772,-0.00112762,0.00352476,-0.00208859,-0.00312842,-0.00583803
2021-10-13,97.78653564,100.24391739,98.56555421,97.91681415,96.36185686,93.06623659,98.86277232,99.61638558,99.81134192,96.27242064,101.56977713,95.51637611,99.82437455,13.96454418,3.06617062,0.83302144,2.13471577,1.07433741,1.00000000,1.20000000,-0.50000000,-0.70000000,-1.03970362,0.01321136,0.00004000,0.00673640,-0.00133162,0.00374107,0.00249057,-0.00827722,-0.00011605,0.00460822
2021-10-14,98.62889245,100.98675175,99.29163769,98.68212103,97.45721854,93.90102597,99.34271881,100.95849212,100.34836013,97.42868812,102.24658124,96.47420432,100.81982497,13.64655915,3.28591550,0.97949786,2.20712307,1.07425401,1.00000000,1.20000000,-0.50000000,-0.70000000,-1.00539229,0.00853735,0.00004000,-0.00038877,0.00109280,-0.00129822,0.00107998,-0.01057747,0.00318665,0.00435798
2021-10-15,99.26582791,101.60618976,99.96984794,99.50565469,98.40908222,94.54297590,99.83433712,101.71162157,100.87770550,98.66520037,102.99617199,97.13816560,101.63639579,12.92730601,3.29213779,0.93373041,2.14342812,0.99655113,1.00000000,1.20000000,-0.50000000,-0.70000000,-0.93812370,0.00639714,0.00004000,-0.00548732,0.00011222,-0.00387276,-0.00383830,-0.00478937,-0.00072081,0.00176342
2021-10-18,99.67975029,101.90314618,100.63209197,100.18718420,99.21401513,94.96362620,100.08822054,101.95635393,101.43654584,99.40222991,103.34568323,97.61645216,101.95682627,12.87410443,3.02702982,0.94069778,2.27277088,1.11171946,1.00000000,1.20000000,-0.50000000,-0.70000000,-0.99537843,0.00412117,0.00004000,0.00037375,-0.00199334,-0.00623895,0.00815549,-0.00970573,0.00402334,-0.00377991
2021-10-19,99.64657391,101.51650824,100.60552060,100.40915345,99.29817794,94.78855558,100.08282779,101.78883730,101.14415156,99.70751367,103.31059179,97.79904378,101.65063340,12.22406364,3.21791602,0.95530220,2.07011845,1.15528130,1.00000000,1.20000000,-0.50000000,-0.70000000,-1.15227936,-0.00037289,0.00004000,-0.00302557,-0.00133399,-0.00161719,0.00197250,0.00586607,0.00322860,-0.00327745
2021-10-20,99.49239962,101.22135397,100.09926991,100.01534724,99.17503100,94.34838093,100.38612537,101.52338817,100.96153456,99.49230276,103.05388302,97.30385404,101.71698925,12.18061766,3.09884710,0.84923135,2.12861714,1.13043194,1.00000000,1.20000000,-0.50000000,-0.70000000,-0.96570854,-0.00158841,0.00004000,-0.00427076,0.00693828,-0.00458019,-0.00320766,0.00516503,0.00431944,-0.00159840
2021-10-21,99.74916325,101.60383469,100.43126927,100.27374623,99.61401155,94.53647497,100.72667962,101.69488452,101.14671944,99.79712028,103.65537867,97.59440104,101.73162357,13.49403279,3.05548901,0.84572213,2.03321870,1.05638093,1.00000000,1.20000000,-0.50000000,-0.70000000,-1.06076138,0.00253741,0.00004000,-0.00894709,0.00181453,-0.00060699,0.00054402,0.00572534,0.00182629,0.00040154
2021-10-22,99.93021454,101.71351764,100.45640517,100.68242385,99.57730269,94.81366654,100.73732857,102.14730570,101.21200023,100.24560319,104.05303773,97.70955035,101.77572230,11.30499027,2.99763678,0.91286198,2.31692522,1.14975887,1.00000000,1.20000000,-0.50000000,-0.70000000,-1.04131584,0.00177342,0.00004000,-0.00328663,0.00125566,-0.00076327,0.00033750,-0.01015388,-0.00019515,-0.00245079
2021-10-25,101.73802587,103.86191092,102.40859142,102.50489640,101.42543221,96.47415807,102.75202819,104.01123050,103.14381547,102.09184764,105.80012687,99.42515306,103.38673931,10.71652179,2.92776167,0.89638242,2.34859645,1.09007363,1.00000000,1.20000000,-0.50000000,-0.70000000,-0.94553413,0.01788905,0.00004000,-0.00923189,-0.00242074,-0.00319483,-0.00088861,0.00896493,0.00329787,0.00156706
2021-10-26,101.23317159,102.96682129,101.67817236,102.08919357,100.97397307,95.64969855,102.08207342,103.28303270,102.35068453,101.78124037,105.06734071,98.68383726,102.52594371,12.60032089,2.99677040,0.91648245,2.26919299,1.11849518,1.00000000,1.20000000,-0.50000000,-0.70000000,-1.00649207,-0.00501465,0.00004000,-0.00052423,-0.00764725,0.00037530,-0.00098059,-0.00173674,-0.00339134,-0.00145893
2021-10-27,99.75152674,101.38498998,100.49720090,100.56299470,99.60331027,94.16148037,100.45746634,101.61974866,100.89421432,100.68055126,103.47012241,97.36389076,100.73073633,14.94099163,2.91651465,0.90690648,2.26370360,1.04722005,1.00000000,1.20000000,-0.50000000,-0.70000000,-1.01112045,-0.01478412,0.00004000,0.00176277,0.00014538,-0.00352624,0.00087512,-0.00573066,-0.00148991,0.00403296
2021-10-28,99.56412145,101.03248693,100.25354084,100.63381833,99.39048765,94.06040136,100.42368970,101.49114328,100.81400034,100.56905912,103.12523633,97.28140523,100.23088577,12.08485428,3.21827863,0.93640520,2.20101409,1.08564919,1.00000000,1.20000000,-0.50000000,-0.70000000,-1.09685594,-0.00192049,0.00004000,0.00195145,-0.00732984,-0.00348613,0.00395050,-0.00594489,0.00591726,0.00266766
2021-10-29,99.23314688,100.48444657,99.94533499,100.12024944,99.00200704,93.81486839,100.04585511,100.93184817,100.56942746,100.25887849,102.87950368,96.61983850,100.40487468,13.46536237,3.24609182,0.89859548,2.37366529,1.16883640,1.00000000,1.20000000,-0.50000000,-0.70000000,-0.83850854,-0.00336977,0.00004000,-0.00654823,0.00983948,-0.00123807,-0.00215850,0.00098164,-0.00229385,0.00244835
2021-11-01,99.04312984,100.17180461,99.68742350,99.73879079,98.98884989,93.58536635,100.17459627,100.82097780,100.61926432,100.01441150,102.77501919,96.46917926,100.17918281,11.71056601,2.94784386,0.87187277,2.37439562,1.08736240,1.00000000,1.20000000,-0.50000000,-0.70000000,-1.12133652,-0.00195669,0.00004000,0.00030272,-0.00068223,0.00262587,0.00109573,0.00515611,0.00484681,0.00566593
2021-11-02,97.84823826,98.81186764,98.17309499,98.45086495,97.67117025,92.56017651,99.10040850,99.67487263,99.43409215,98.63346689,101.51933876,94.91383735,99.07735722,13.56752191,2.94545942,0.88384980,2.27766161,1.09544716,1.00000000,1.20000000,-0.50000000,-0.70000000,-0.87976924,-0.01217772,0.00004000,-0.00126002,0.00759236,-0.00009552,0.00155918,0.00872986,0.00199733,-0.00189232
2021-11-03,96.59738703,97.67968160,97.13249264,97.45267668,96.47505034,91.41354732,97.93114503,98.24529574,97.85770129,97.27006260,100.40174270,94.04635724,97.65938061,15.31956167,3.07144833,0.94149319,2.17668913,1.08981041,1.00000000,1.20000000,-0.50000000,-0.70000000,-1.06597911,-0.01290600,0.00004000,-0.00151807,0.00326972,0.00946120,-0.00493868,-0.01060152,-0.00066936,0.00127231
2021-11-04,97.39392425,98.32120995,97.89823213,98.31795890,97.23930312,92.12451279,98.95257133,98.71207716,98.82966128,98.14096393,101.20813790,95.06337224,98.93120002,12.06563663,2.88633055,0.93570552,2.16442400,1.16283831,1.00000000,1.20000000,-0.50000000,-0.70000000,-0.89828769,0.00817214,0.00004000,0.00653672,0.00749391,-0.00166389,0.00411690,-0.01117462,0.00083907,-0.01057927
2021-11-05,97.42246653,98.54677249,98.01988077,98.02859023,97.18590927,91.85671398,98.59929974,99.06761748,98.84890034,98.25101187,101.42634822,94.89885494,99.10815729,12.65918158,2.90464209,0.92788111,2.20575076,1.14744322,1.00000000,1.20000000,-0.50000000,-0.70000000,-0.89659401,0.00025302,0.00004000,0.00190538,0.00351924,0.00265144,-0.00098268,0.00072883,-0.00169401,-0.00023435
2021-11-08,98.00147149,98.82545019,98.63711166,98.31303263,98.12217371,92.36060664,99.36643962,99.79920991,99.52554838,98.68742407,101.96014773,95.75489052,99.84932939,12.86852844,2.98319032,0.90013044,2.20744108,1.04098246,1.00000000,1.20000000,-0.50000000,-0.70000000,-0.98834239,0.00588565,0.00004000,-0.00199963,0.00495886,-0.00535285,-0.00508316,0.00504869,-0.00021887,0.00228834
2021-11-09,97.06815588,97.75807582,97.83080267,97.48245189,97.43237411,91.61379632,98.59561561,99.19448984,98.71378162,97.53541560,101.08665560,94.85354290,98.77334140,11.14072398,2.79635705,0.84035141,2.22813497,1.15607049,1.00000000,1.20000000,-0.50000000,-0.70000000,-1.10789679,-0.00960912,0.00004000,-0.01696173,0.00219868,-0.00196556,0.00059013,-0.00127548,0.00074210,0.00005876
2021-11-10,97.92438049,98.55037584,98.76319006,98.29534866,98.13027787,92.50787215,99.57510696,99.98903935,99.49723690,98.27117571,102.23102748,95.52025166,99.89288963,13.34496374,3.07507827,0.96480549,2.11433070,1.12448017,1.00000000,1.20000000,-0.50000000,-0.70000000,-0.95612281,0.00874218,0.00004000,0.00981922,0.00076431,-0.00381235,0.00170307,0.00252269,0.00622546,-0.00138143
2021-11-11,96.91415380,97.52796828,97.58538915,97.02819942,97.09818498,91.44329639,98.30437983,98.99709624,98.09817003,97.50386305,101.29500100,94.60847638,99.01004320,13.65461190,2.87920041,0.81773034,2.24384505,1.01919256,1.00000000,1.20000000,-0.50000000,-0.70000000,-1.05037749,-0.01040998,0.00004000,0.00527269,-0.00486851,-0.00059246,-0.00015724,0.00334863,-0.00055988,0.00047280
2021-11-12,96.16592478,97.01735638,96.63472939,96.35083156,96.36419372,90.66415458,97.82466544,98.18909467,97.65997627,96.91579543,100.42434766,93.94790311,98.28184091,12.76386353,2.92980641,0.87424020,2.24383582,1.05165206,1.00000000,1.20000000,-0.50000000,-0.70000000,-0.84459890,-0.00779049,0.00004000,0.00092895,0.00247650,0.00594777,0.00319882,0.00193066,0.00190613,-0.00707185
2021-11-15,96.92028558,98.05347887,97.37845910,96.75846454,97.03439512,91.37069251,98.56610346,98.87927742,98.51357599,97.63719144,101.12511249,94.69250724,99.50745364,12.75940568,3.02770535,0.89138257,1.97877248,1.06627687,1.00000000,1.20000000,-0.50000000,-0.70000000,-1.11055181,0.00777376,0.00004000,0.00685830,0.00010778,-0.00945923,0.00108724,-0.00066741,0.00142814,-0.00208808
2021-11-16,97.97187954,98.95225705,98.12556709,97.78144427,98.21687522,92.49940951,99.79439452,100.13942428,99.61274161,98.63917877,101.98845067,95.58400058,100.74590287,12.95555359,2.97868873,0.91115160,2.07073783,1.16563644,1.00000000,1.20000000,-0.50000000,-0.70000000,-0.99295848,0.01075165,0.00004000,0.00193765,-0.01303239,0.00529276,0.00179291,-0.00056390,0.00564334,0.00254553
2021-11-17,96.70056791,97.36034847,96.92003554,96.43264444,96.98628074,91.34434517,98.26818696,98.93713091,98.33303477,97.43350781,100.54900062,94.15584032,99.42233407,13.11986992,2.75711952,0.91634571,2.24077548,1.06022883,1.00000000,1.20000000,-0.50000000,-0.70000000,-0.84005888,-0.01310122,0.00004000,0.00292988,0.00590092,0.00564890,0.00165178,-0.01147382,0.00048288,0.00071262
2021-11-18,96.76581612,97.68642772,97.31525078,96.24089303,97.22573221,91.31428518,98.07856928,98.75442639,98.70585205,97.59716976,100.43441073,94.55578585,99.36938912,14.67300411,2.81470134,0.89909019,2.22011221,1.10337820,1.00000000,1.20000000,-0.50000000,-0.70000000,-1.06627403,0.00063452,0.00004000,-0.01407855,-0.00441458,0.00105209,0.00224342,0.00783710,-0.00122462,-0.00200647
2021-11-19,96.89092029,98.36365187,97.04932781,96.01881865,97.54265535,91.43312566,98.50183191,98.89857374,98.48787607,97.66097481,100.60415906,94.93011509,99.30588408,13.62589927,3.02422314,0.84576951,2.14582497,1.17440527,1.00000000,1.20000000,-0.50000000,-0.70000000,-0.98282339,0.00125202,0.00004000,0.00762578,0.00198888,-0.00467157,0.00242411,0.00129527,0.00010700,-0.00019064
2021-11-22,96.60642370,98.33056953,96.84193800,95.89701261,97.32492921,90.98479105,98.26204201,98.60100546,97.99070599,97.28103231,100.45395835,94.61097477,98.87049071,12.91736339,2.83656932,0.95247929,2.09514819,1.07229171,1.00000000,1.20000000,-0.50000000,-0.70000000,-0.99440049,-0.00298058,0.00004000,0.00043851,-0.01365386,0.00038124,0.00180101,0.00120777,0.00015135,-0.00370625
2021-11-23,96.26363719,98.13701227,96.52223433,95.92246265,97.21433983,90.29413008,97.79223792,98.16387719,97.45253148,97.58495487,99.98853579,94.02305575,98.62410714,13.54201312,2.94519991,0.91452545,2.02881338,1.11912155,1.00000000,1.20000000,-0.50000000,-0.70000000,-0.97058667,-0.00359459,0.00004000,-0.00920278,0.00729304,0.00139429,-0.00747496,-0.00257320,0.00180739,-0.00057164
2021-11-24,96.52322815,98.36708222,96.95667166,96.12648409,97.75334996,90.64555957,97.87907448,98.74670881,97.54806119,97.57735704,100.04286410,94.43439497,99.09490963,12.76471264,3.03654507,0.87412861,2.21022380,1.16132104,1.00000000,1.20000000,-0.50000000,-0.70000000,-1.12958835,0.00265304,0.00004000,-0.00607559,-0.00367061,-0.00257509,0.00101840,-0.00526260,-0.00281986,0.00797051
2021-11-25,96.01360950,97.68298545,96.45107686,95.44781866,97.11013147,90.04830719,97.38014390,98.26393805,96.62142225,97.12233856,99.45610118,93.78140221,98.57293067,14.51283011,2.89110309,0.84928014,2.20112263,1.13527262,1.00000000,1.20000000,-0.50000000,-0.70000000,-0.84323664,-0.00533374,0.00004000,0.00203223,-0.00122849,0.00375523,-0.00546183,-0.00120965,-0.00381497,-0.00128897
2021-11-26,96.54651279,98.37258785,96.96203371,95.84790579,97.48023899,90.26449732,97.93896778,98.94367352,97.19004975,97.69795413,100.06190061,94.15296847,99.34310860,12.34816513,2.98473964,0.90624022,2.30533255,1.13257904,1.00000000,1.20000000,-0.50000000,-0.70000000,-1.14981524,0.00549494,0.00004000,-0.00237658,0.00729555,0.00250894,-0.00651648,0.00838527,0.00034727,-0.00228353
2021-11-29,96.57551373,98.36538882,96.79812948,95.67250944,97.39662240,90.17173725,97.84244342,98.90370760,97.14253070,97.57624946,100.16833663,94.12374941,99.45952081,12.53668822,2.68830654,0.88697027,2.25684963,1.04977428,1.00000000,1.20000000,-0.50000000,-0.70000000,-1.04342908,0.00026034,0.00004000,0.00250326,-0.00075497,-0.00615270,0.00012233,0.00688415,0.00140317,-0.00113521
2021-11-30,97.27171069,99.15503594,97.35650833,96.37516883,98.17230087,90.93138279,98.72958177,99.56675602,97.65482211,98.56674472,100.64028803,94.61310071,99.81660015,12.27320504,3.01887412,0.86920842,2.10749846,1.08014593,1.00000000,1.20000000,-0.50000000,-0.70000000,-0.95422878,0.00714298,0.00004000,0.00819903,0.00377118,0.00832190,0.00242805,0.01040787,-0.00032838,-0.00108141
2021-12-01,98.69866794,100.70756036,98.90771429,97.60608751,99.27401255,92.03547088,100.08968181,100.84132489,99.08523152,100.32573400,101.89710620,95.69344015,101.46240275,12.53137245,2.89591821,0.90474571,2.27474200,1.08899909,1.00000000,1.20000000,-0.50000000,-0.70000000,-0.92672930,0.01452325,0.00004000,0.01506401,-0.00104161,-0.00127577,0.00477818,0.00049502,-0.00758619,-0.00366814
2021-12-02,98.40222876,100.66948541,98.43711139,97.45749002,98.86729145,91.51070374,99.81119519,100.77959174,98.52025889,99.89585199,101.50145348,95.33503519,101.30769393,11.05067538,3.20233825,0.90636663,2.00321574,1.06377939,1.00000000,1.20000000,-0.50000000,-0.70000000,-1.01810221,-0.00304800,0.00004000,-0.00265762,-0.00040231,-0.00297301,0.00063392,-0.00319729,0.00150298,-0.00186635
2021-12-03,99.09923346,101.91588153,98.89561727,97.96567129,99.37070845,92.00116609,100.40907521,101.71368673,99.35602851,100.45297509,102.54823012,95.81155892,101.97205876,13.94335491,3.17465351,0.91581252,2.20844878,1.11111292,1.00000000,1.20000000,-0.50000000,-0.70000000,-1.03130963,0.00701825,0.00004000,-0.00312152,0.00201092,0.00208349,-0.00110755,0.00477415,-0.00012853,0.00256603
2021-12-06,99.51741970,102.15200611,99.23391377,98.16569173,100.32174497,92.37786697,101.14237698,102.34631576,99.82155940,100.72431435,102.66410913,96.74140085,102.21196259,11.57313291,2.74391868,0.90254165,2.16614989,1.13159855,1.00000000,1.20000000,-0.50000000,-0.70000000,-1.02416108,0.00417099,0.00004000,-0.00881209,0.00236805,0.01137107,-0.00223827,0.00903732,-0.00061078,-0.00559250
2021-12-07,100.06500058,102.88158350,99.50789578,98.46791011,100.72062437,93.12780076,101.54014172,103.02297475,100.59104429,101.24444342,102.99257970,97.36333768,102.70473072,14.85860343,2.96884404,0.84967870,2.04220388,1.14047448,1.00000000,1.20000000,-0.50000000,-0.70000000,-0.98800049,0.00544728,0.00004000,-0.00333940,-0.00537553,0.00434070,-0.00721416,-0.00529601,-0.00266018,-0.00215861
2021-12-08,100.15852284,103.20501689,99.64355736,98.72109171,100.69797908,92.99328037,101.41413011,103.25206076,100.56900959,101.20600981,102.81350368,96.99062057,102.84887073,13.19915638,2.77104078,0.85389679,2.27647015,1.04370370,1.00000000,1.20000000,-0.50000000,-0.70000000,-1.02465753,0.00089418,0.00004000,-0.00623857,0.00028240,-0.00334842,0.00324059,0.00579378,-0.00237103,-0.00028944
2021-12-09,100.50544691,103.70056954,99.92244228,99.06738867,101.44466977,93.48351746,101.64152553,103.87172676,101.12970007,101.34641846,103.07148853,97.08812750,103.12377860,13.81106601,2.94419238,0.87041437,2.29048046,1.06059194,1.00000000,1.20000000,-0.50000000,-0.70000000,-0.94876145,0.00341776,0.00004000,0.00146340,-0.00297710,0.00239088,-0.00030161,0.00830790,-0.00129060,0.00127851
2021-12-10,100.15737912,103.31018710,99.54824622,98.89436862,101.18858134,92.86070532,101.26100882,103.48176206,100.88844106,101.04357537,102.80780557,96.49932034,102.98529137,12.19101153,3.15986439,0.91689943,1.99978149,1.04442122,1.00000000,1.20000000,-0.50000000,-0.70000000,-0.90732698,-0.00350918,0.00004000,-0.00296754,-0.00328204,0.00148702,-0.00028357,0.00152844,0.00222830,0.00279438
2021-12-13,100.36576144,103.05976375,99.78609291,98.93348252,101.51212351,92.85975277,101.67664478,103.81069578,101.04605381,101.06737211,103.11542152,96.71908826,103.27254162,13.44160860,3.16696818,0.91051085,2.27399788,1.11619538,1.00000000,1.20000000,-0.50000000,-0.70000000,-1.17504797,0.00203839,0.00004000,-0.00138785,-0.00158441,-0.00205584,-0.00043743,-0.00454887,-0.00133610,-0.00226644
2021-12-14,100.77174176,103.83163025,99.80685223,99.29460477,101.94346652,93.45623819,102.15573846,104.08713301,101.82815937,101.42689152,103.38159912,96.92489821,103.58154534,12.81433434,3.18464083,0.91239915,2.09708100,1.06698374,1.00000000,1.20000000,-0.50000000,-0.70000000,-0.95786876,0.00399685,0.00004000,0.01067808,-0.00412128,-0.00038126,0.00110644,-0.00053946,0.00399889,-0.00081429
2021-12-15,100.56935347,103.93733312,99.52728202,98.89832854,101.63364155,93.05987317,101.68387626,103.92056099,101.78003501,101.41486135,103.55788816,96.57270255,103.02672765,12.16091882,3.26021184,0.86386491,2.17586271,1.11123857,1.00000000,1.20000000,-0.50000000,-0.70000000,-1.02811151,-0.00205040,0.00004000,0.00565276,-0.00254764,-0.00215083,0.00354141,-0.00735931,-0.00006829,-0.00472530
2021-12-16,101.76916987,105.09284105,100.84235914,99.78119348,102.90736628,94.07474157,102.70352447,105.19036115,102.94659800,102.71690147,104.53022576,97.25172299,104.54861231,12.43322434,3.18675919,0.90853512,2.12282644,1.15604931,1.00000000,1.20000000,-0.50000000,-0.70000000,-1.09085914,0.01181963,0.00004000,0.00326509,0.00021973,0.00130175,-0.00501148,0.00843270,0.00030203,0.00345288
2021-12-17,100.54399270,103.85693779,99.45370514,98.55212102,101.79554125,92.77059305,101.39103696,103.73389781,101.66004363,101.72224585,102.92066051,96.26902957,103.29121081,12.29571182,2.97255021,0.91563455,2.22026532,1.01358419,1.00000000,1.20000000,-0.50000000,-0.70000000,-1.06988245,-0.01215184,0.00004000,-0.00118193,-0.00149042,-0.00373888,-0.00139463,-0.00564624,0.00034991,-0.00190251
2021-12-20,100.88361735,104.22223838,99.49356401,98.62094477,101.95495535,93.15230784,101.63509565,104.23739101,102.06214992,102.55652520,102.88247691,96.44681696,103.80004154,12.74582967,3.22741227,0.86948123,2.06943324,1.07495801,1.00000000,1.20000000,-0.50000000,-0.70000000,-0.97602238,0.00333218,0.00004000,0.00211708,0.00116935,0.00368198,0.00230161,0.00592127,0.00220842,-0.00107528
2021-12-21,100.77580397,104.02257492,99.11980639,98.76454057,101.71758206,92.96404899,101.53889474,104.11417810,101.86891773,102.65869735,102.83176291,96.28752913,103.23646450,13.13235711,3.23172405,0.98010778,2.11359952,1.08079553,1.00000000,1.20000000,-0.50000000,-0.70000000,-1.05435069,-0.00110926,0.00004000,-0.00438229,-0.00013019,0.00943323,-0.00185304,-0.00633719,0.00356144,0.00242999
2021-12-22,100.54517607,103.95916995,98.97476688,98.73764587,101.84489219,93.08929075,101.56268537,103.97627174,101.54535574,102.82927919,102.86186294,96.09089807,103.14986270,13.12520598,3.01993309,0.85755395,2.24234989,1.11166010,1.00000000,1.20000000,-0.50000000,-0.70000000,-0.81482345,-0.00233115,0.00004000,-0.01059588,0.00079167,-0.00412713,0.00002914,-0.00352252,-0.00236637,-0.00022584
2021-12-23,101.35490817,104.37781660,100.04391141,99.28883471,102.63393605,93.75495312,102.31843382,104.86451721,101.81991187,103.83525187,103.92439565,96.74923573,103.82002767,12.07577243,3.11787877,0.97092420,2.29439299,1.07615978,1.00000000,1.20000000,-0.50000000,-0.70000000,-1.13265138,0.00798116,0.00004000,-0.01014058,0.00134899,0.00583537,0.00024333,0.01696391,0.00302865,-0.00128959
2021-12-24,101.46462390,104.75881791,100.05906169,99.60702922,102.78767198,93.62611777,102.26815453,105.50706281,101.63840549,104.05716722,104.16067018,97.11556042,104.13896474,13.23730118,3.07084105,0.92998173,2.09793426,1.06302664,1.00000000,1.20000000,-0.50000000,-0.70000000,-0.95448450,0.00104191,0.00004000,-0.00182105,-0.00151576,0.00084809,0.00388416,-0.00655528,0.00173767,0.00288487
2021-12-27,101.84205289,105.34538097,100.30916948,100.18861166,103.01665462,94.00462216,102.74581343,106.12791512,101.79554440,104.15978935,104.48448064,97.24966801,104.48949215,12.05000348,3.10007076,0.90255847,2.13710451,1.10372948,1.00000000,1.20000000,-0.50000000,-0.70000000,-1.07843352,0.00367291,0.00004000,0.00007374,-0.00651874,-0.00049018,-0.00203252,-0.00980704,-0.00448757,0.00108165
2021-12-28,101.55679259,104.92391634,99.93447567,99.62445292,102.68597618,93.47786869,102.34022635,105.50467146,101.84531745,103.82348452,104.32748376,97.00321275,104.05674992,12.98944293,3.03297617,0.89570222,2.23497159,1.12040436,1.00000000,1.20000000,-0.50000000,-0.70000000,-0.95757075,-0.00284494,0.00004000,0.00162381,-0.00948658,-0.00107855,0.00537097,0.00556440,0.00327667,0.00244995
2021-12-29,102.15723127,105.71159128,100.59873760,100.07809227,103.40258378,94.21295395,102.79444676,106.12377893,102.33105547,104.40180999,104.81726611,97.64823689,104.76410727,13.97147557,2.99766928,0.91117602,2.12079021,1.04697669,1.00000000,1.20000000,-0.50000000,-0.70000000,-0.95704345,0.00585493,0.00004000,-0.00185472,-0.00197019,-0.00039453,0.00212345,0.00379900,0.00262545,0.00287719
2021-12-30,102.54063364,106.11938747,100.68803979,100.26775780,103.75414843,94.30115776,102.84378611,106.78886563,102.72193447,105.19179873,105.44880074,98.06120856,105.20317216,14.30909938,2.86675417,0.85971237,2.19779540,1.16571109,1.00000000,1.20000000,-0.50000000,-0.70000000,-0.90487862,0.00370604,0.00004000,-0.00251622,0.00567057,0.00047156,-0.00061387,-0.00094189,-0.00316163,-0.00077391
2021-12-31,102.28495013,106.04894827,100.47486230,100.21691128,103.73591371,93.99492176,102.57173233,106.35877438,102.41578791,104.68384382,105.19643606,97.81632254,104.90102203,11.78085436,2.88439573,0.88981710,1.98331438,0.99480143,1.00000000,1.20000000,-0.50000000,-0.70000000,-1.06609929,-0.00253660,0.00004000,0.00714753,-0.00054013,0.00196055,0.00500084,0.00936941,-0.00275569,0.00274053
2022-01-03,103.20798341,106.80643194,101.60306527,100.89423281,104.43673946,94.54347950,103.52449124,107.26380538,103.53056453,105.63417670,106.36438273,98.75105176,105.87033909,13.75318455,2.83417363,0.88552458,2.22081660,1.02752530,1.00000000,1.20000000,-0.50000000,-0.70000000,-0.93375229,0.00894366,0.00004000,0.00746878,0.00778354,-0.00128802,-0.00107210,0.00068588,-0.00104265,-0.00108337
2022-01-04,103.22662319,106.58921052,101.30557295,101.19386627,103.88213283,94.66082092,103.48772726,107.35332337,103.67604360,106.03050653,106.28499565,98.49501067,105.81917835,14.62351235,2.97736464,0.86797840,2.18246840,1.16655542,1.00000000,1.20000000,-0.50000000,-0.70000000,-0.99881345,0.00014059,0.00004000,-0.00415133,0.00327446,0.00521778,0.00192576,0.00840929,-0.00122219,-0.00523702
2022-01-05,102.58038423,105.91703249,100.61290606,100.40161357,103.36888232,94.17296248,103.15648942,106.67666496,102.67084115,105.29645267,105.61974465,98.08196313,105.42996645,13.14218259,2.91674040,0.89902575,2.25650910,1.14000440,1.00000000,1.20000000,-0.50000000,-0.70000000,-1.06519836,-0.00632007,0.00004000,0.00534763,-0.00185521,0.00682391,0.00358958,0.00195788,-0.00074155,-0.00221389
2022-01-06,102.21233741,105.78791580,100.32982331,100.07935977,103.00636129,93.53177406,102.82049568,106.43418217,102.09018805,104.72801653,105.27856290,97.67167744,105.05289333,12.44685075,3.25524907,0.86233253,2.10561997,1.07730297,1.00000000,1.20000000,-0.50000000,-0.70000000,-0.98534526,-0.00363434,0.00004000,-0.00171107,0.00486591,-0.00698415,-0.00039980,0.00200151,0.00062715,-0.00290224
2022-01-07,101.51570707,105.56828735,99.87895761,98.97796664,102.51802041,92.98975122,102.10649225,105.73011239,101.33985198,103.61093393,104.17478308,97.11328430,104.25071088,12.78699984,3.04383101,0.92903744,2.30314833,1.08815496,1.00000000,1.20000000,-0.50000000,-0.70000000,-0.95511608,-0.00687885,0.00004000,-0.00655193,-0.00086723,-0.00329774,-0.00070057,-0.01219654,-0.00212618,-0.00035474
2022-01-10,101.62685335,105.64930658,99.95950652,99.05035496,102.74642992,93.04364889,102.41001413,106.05384647,101.49353649,103.99702829,104.30227238,96.92952688,104.22466906,13.36351085,3.01181677,0.92924889,2.23119292,1.16651323,1.00000000,1.20000000,-0.50000000,-0.70000000,-1.11168273,0.00105427,0.00004000,0.00264318,0.00459182,-0.00333674,0.00030839,-0.00278466,-0.00442810,0.00120979
2022-01-11,100.50368707,104.40464588,98.66846953,97.83735860,101.89033388,91.77716710,101.13565183,104.72068804,100.69169969,102.56229039,103.25694822,95.77238153,102.97115513,12.98731452,3.08370568,0.91852481,2.34139925,1.18439962,1.00000000,1.20000000,-0.50000000,-0.70000000,-0.93413365,-0.01115339,0.00004000,0.01150683,-0.00721650,-0.00686246,-0.00123838,-0.01119825,-0.00521601,-0.00131301
2022-01-12,101.02458813,104.95706253,99.32765348,98.55147379,102.36779035,91.85976559,101.90899336,105.31365092,100.94054151,102.98098255,103.53664995,95.97658040,103.48317608,12.08746521,3.24228899,0.76475227,2.17823205,1.14083097,1.00000000,1.20000000,-0.50000000,-0.70000000,-0.95743351,0.00512952,0.00004000,0.00618675,-0.00321195,-0.00451155,0.00198695,-0.00456920,0.00346269,0.00614156
2022-01-13,100.40412193,104.35623204,98.83730778,97.71067100,101.76029913,91.50416361,101.62597510,104.71224488,100.02261297,102.42816037,102.83087159,95.28736579,102.78689353,12.65122164,2.73849545,0.86033110,2.20150843,1.07406547,1.00000000,1.20000000,-0.50000000,-0.70000000,-1.01234716,-0.00620067,0.00004000,0.00419627,0.00732226,0.00349102,0.00257564,0.00194301,-0.00187014,-0.00076402
2022-01-14,101.82122801,105.77836777,100.11886962,99.40388627,103.40651926,92.55870392,103.00530504,106.50176733,101.57661489,103.87104084,104.05413036,96.59409920,103.97536305,13.18707306,2.97689682,0.93363295,2.05731596,1.21035836,1.00000000,1.20000000,-0.50000000,-0.70000000,-1.03278173,0.01397535,0.00004000,0.00128705,-0.00379402,-0.00428839,0.00082994,-0.00670602,0.00497992,0.00217766
2022-01-17,102.66842227,106.81142826,100.99052542,100.10472822,104.51684502,93.47488213,104.10078495,107.48633956,102.55189900,104.53732436,104.86806160,97.36111172,104.67190628,13.08993741,2.89805969,0.90121130,2.27204849,1.13794554,1.00000000,1.20000000,-0.50000000,-0.70000000,-0.92714845,0.00824599,0.00004000,0.00752682,0.00069229,-0.00396353,-0.00234995,0.00908136,0.00306886,0.00353553
2022-01-18,103.18025958,107.31669204,101.39430785,100.40689343,104.83880776,93.93663430,104.40555320,108.20899350,102.92140476,105.36512499,105.00080744,97.56317185,105.33879507,13.69467491,2.98124304,0.89550091,2.20125970,1.14980691,1.00000000,1.20000000,-0.50000000,-0.70000000,-1.09019914,0.00493296,0.00004000,-0.00658715,0.00358921,0.01089321,-0.00131949,0.00954081,0.00274215,-0.00044272
2022-01-19,102.69562798,106.60600969,101.10523348,99.59884512,104.26700538,93.31847673,104.38513057,107.59732863,102.65763634,104.96138812,104.42144377,97.18615615,104.52225426,12.88072763,3.19609487,0.88178511,2.14471711,1.13594876,1.00000000,1.20000000,-0.50000000,-0.70000000,-0.80000318,-0.00474801,0.00004000,0.00272762,-0.00218670,0.00273609,0.00099212,0.00591044,0.00053759,0.00243118
2022-01-20,102.85669260,106.37100500,101.28550591,99.81552230,104.43067446,93.16306666,104.46188155,108.06566149,102.96455954,105.34023336,104.76537185,97.52464381,104.84687582,10.92714077,2.99804848,0.90190828,2.23044019,1.05583466,1.00000000,1.20000000,-0.50000000,-0.70000000,-1.06801000,0.00152714,0.00004000,0.00032966,0.00215822,-0.00165252,-0.00126135,-0.00112611,0.00009127,0.00236298
2022-01-21,103.01422786,106.66120445,101.26954983,99.58147552,104.53258249,92.89568392,104.34563474,108.11155271,103.39361678,105.14878352,104.68357249,97.89703651,104.68880355,13.51473024,3.03270111,0.82185458,2.29249690,1.16192221,1.00000000,1.20000000,-0.50000000,-0.70000000,-1.13459005,0.00149043,0.00004000,0.00339803,-0.00072178,0.00517691,-0.00049999,-0.00684659,-0.00064089,0.00189433
2022-01-24,103.43134844,107.24633201,101.54067368,99.78699033,105.16032969,93.32643321,104.99880895,108.41968785,103.74921288,105.47926429,104.73089970,98.23843013,105.28519636,12.92565571,3.22164240,0.91595798,2.24134292,1.12293393,1.00000000,1.20000000,-0.50000000,-0.70000000,-0.89780086,0.00400098,0.00004000,-0.00488523,0.00332278,0.00031285,-0.00181320,0.01491119,0.00919286,-0.00078216
2022-01-25,103.35915323,107.44069820,101.57770794,100.02611384,105.39148135,92.97018055,104.76228768,108.47738506,103.58837261,105.41051537,104.73278609,98.29244347,105.38790827,14.75775381,3.16584347,0.94875315,2.29045385,1.06649448,1.00000000,1.20000000,-0.50000000,-0.70000000,-0.95297093,-0.00073824,0.00004000,-0.00087704,0.00089285,0.00151647,-0.00192569,-0.01011679,-0.00308285,0.00128225
2022-01-26,103.44332099,107.51738696,101.95005802,99.95261702,105.39800009,93.01872535,104.51752859,108.49071278,103.43146390,105.59870087,105.22126503,98.60861640,105.52395250,12.92905659,2.81003120,0.85521179,2.27948206,1.13650088,1.00000000,1.20000000,-0.50000000,-0.70000000,-0.99886032,0.00077399,0.00004000,-0.00332382,-0.00731015,0.00026855,-0.00276242,0.01001341,-0.00282068,0.00304748
2022-01-27,104.13299552,108.29189885,102.68820979,100.68762947,106.39902827,93.64811638,105.14406904,109.63860287,104.44651385,105.86221967,105.87840831,99.14563652,106.43988981,12.28829941,2.87720147,0.93053475,2.02356373,1.04499838,1.00000000,1.20000000,-0.50000000,-0.70000000,-1.00995555,0.00660505,0.00004000,0.00491522,0.01044950,-0.00556166,-0.00096706,-0.00713298,0.00390590,0.00324880
2022-01-28,104.60240060,108.69878876,103.28253777,101.22931293,107.22169445,94.31731103,105.66303917,110.26664568,104.59332694,106.15234778,106.36932930,99.87871973,106.96890040,12.35075135,2.97142917,0.90854993,2.10708384,1.10856740,1.00000000,1.20000000,-0.50000000,-0.70000000,-1.08092742,0.00445762,0.00004000,-0.00356897,0.00023212,-0.00618677,-0.00214298,-0.00499306,0.00052039,0.00200257
2022-01-31,105.73060510,109.97428171,104.16923828,102.07583350,108.47124218,95.18013003,106.61329059,111.09991155,105.94824240,107.44898474,107.69298748,101.00549073,108.00700632,13.22794543,2.95492825,0.82634273,2.44307019,1.09473932,1.00000000,1.20000000,-0.50000000,-0.70000000,-0.98598993,0.01068790,0.00004000,0.00809746,-0.00325568,-0.00368460,-0.00120954,-0.00330491,-0.00053013,-0.00050021
2022-02-01,105.83512135,110.38435728,104.31609538,102.32683327,108.71824382,94.93631861,106.93027019,111.13448933,106.17105092,107.37680870,108.13808018,101.10081544,108.27086778,11.39411980,3.00109855,0.91040664,2.20492426,1.08340622,1.00000000,1.20000000,-0.50000000,-0.70000000,-1.11782399,0.00094803,0.00004000,-0.00464616,-0.00401850,0.01420638,0.00470887,0.00222789,0.00049080,-0.00069271
2022-02-02,105.74014351,110.53645073,104.03473318,102.47264880,108.28480770,94.66299665,106.66753258,111.26927646,106.12283505,106.78642281,108.17677900,101.28999504,107.81118877,12.42117148,2.95034526,0.89014091,2.27127574,1.10696654,1.00000000,1.20000000,-0.50000000,-0.70000000,-0.94146319,-0.00093782,0.00004000,0.00128402,-0.00451739,-0.00097019,-0.00056679,0.00214307,-0.00612061,-0.00823849
2022-02-03,104.81948286,109.36772857,103.33028283,101.32674221,107.52532405,93.60785266,105.90766386,110.21147597,105.16933968,105.64420113,107.25412462,100.42444280,106.95005272,11.90848543,3.01272190,0.85782632,2.38831771,1.11911944,1.00000000,1.20000000,-0.50000000,-0.70000000,-1.06810922,-0.00878495,0.00004000,-0.01142536,-0.00611406,-0.00204367,-0.00178537,-0.00237337,0.00069375,0.00066824
2022-02-04,104.37343253,108.87634662,102.72621820,100.62031058,106.78258576,93.58851790,105.62907953,109.43579432,104.88456271,105.53990080,107.05181451,99.97447735,106.31816917,12.47370862,3.32886244,0.88512979,2.12208097,1.09959841,1.00000000,1.20000000,-0.50000000,-0.70000000,-0.93984934,-0.00430449,0.00004000,0.00375687,-0.00474107,-0.00046878,0.00005455,0.00795399,-0.00293633,-0.00238588
2022-02-07,104.42288573,109.12692969,102.67772563,100.60919431,106.60588415,93.40976743,105.28705506,109.48909220,104.70339643,105.89944680,107.23209720,100.00411798,106.52324499,12.48424988,3.05974290,0.86681676,2.21875705,1.08371315,1.00000000,1.20000000,-0.50000000,-0.70000000,-0.90553609,0.00043370,0.00004000,-0.00156144,0.00491549,0.00105844,-0.00217140,0.00345791,-0.00576881,-0.00115958
2022-02-08,104.68565730,109.18177772,102.90132900,101.25689530,107.08308999,93.34799350,105.97696516,109.56767039,104.71952456,106.24556476,107.49627504,100.26690948,106.81382238,11.97858616,3.14226472,0.89699479,2.48568875,1.06913158,1.00000000,1.20000000,-0.50000000,-0.70000000,-0.93798620,0.00247326,0.00004000,0.00102033,0.00303851,-0.00044632,-0.00147663,0.00703876,0.00681938,-0.00214351
2022-02-09,104.64490286,109.27851378,102.62242445,101.38935312,107.00446058,93.37795552,106.09952735,109.46320687,104.59282648,106.40991544,107.25861373,100.16559990,106.96201339,11.76214657,2.95953795,0.86906352,2.31099433,1.07496296,1.00000000,1.20000000,-0.50000000,-0.70000000,-1.05866348,-0.00042938,0.00004000,0.00645689,0.00428073,0.00164268,0.00305627,0.00128559,-0.00097972,-0.00081341
2022-02-10,104.92519140,109.55639478,102.85589710,101.71345634,107.61671168,93.71804090,106.07694319,109.90457526,104.84825056,106.76266745,107.27848936,100.42529213,107.56908806,13.84915156,3.04981971,0.85753597,2.18465252,1.11824241,1.00000000,1.20000000,-0.50000000,-0.70000000,-0.93771714,0.00263489,0.00004000,0.01374248,-0.00312977,-0.00553170,0.00342992,0.00192433,-0.00211147,-0.00157120
2022-02-11,105.37838571,110.32936574,103.12784325,101.99290755,107.82418582,94.28805223,106.18136919,110.33190882,105.23944465,107.12804101,107.97205374,100.80640216,108.14012291,12.52068392,3.04543148,0.90297065,2.21165399,1.13689572,1.00000000,1.20000000,-0.50000000,-0.70000000,-0.97989493,0.00426991,0.00004000,0.00089060,-0.00542963,0.00325861,-0.00423028,0.00712182,0.00004611,0.00287491
2022-02-14,106.32852824,111.40287266,104.22207821,103.03359105,108.83662304,95.11452318,107.08472078,111.69638776,106.29780577,108.18519489,108.61620305,101.85559719,109.19532686,12.31810800,2.97531009,0.88525099,2.29419602,1.05916550,1.00000000,1.20000000,-0.50000000,-0.70000000,-0.97304945,0.00893608,0.00004000,-0.00229446,0.00380553,0.00427328,-0.00057307,-0.00667983,-0.00311469,0.00079536
2022-02-15,107.20328526,112.11556938,105.41626755,103.92770950,109.36016285,95.94203999,107.92248796,112.35380966,107.25474158,109.13514762,109.32169811,102.62592461,109.79126753,12.98964805,3.21033869,0.87353340,2.22508656,1.10161667,1.00000000,1.20000000,-0.50000000,-0.70000000,-1.01618174,0.00815327,0.00004000,0.00934036,0.00659753,0.00343220,-0.00294177,-0.01122069,-0.00289916,0.00105054
2022-02-16,106.95164320,111.87090596,104.95972206,103.35282626,108.94495561,95.58196283,107.67761056,111.96392250,107.06461596,109.17795678,108.84887060,102.63114346,109.88887335,13.18651595,2.93570681,0.87884183,2.29330085,1.13227454,1.00000000,1.20000000,-0.50000000,-0.70000000,-0.98900105,-0.00239009,0.00004000,-0.00404921,0.00429396,-0.00236411,-0.00757829,-0.00766741,0.00482967,0.00251577
2022-02-17,106.82232105,111.63022719,104.63119479,103.58008792,108.68151966,95.35273314,107.48794678,111.89670606,106.57468805,109.08362638,108.93048301,102.39654353,109.60946776,13.27685074,3.00392749,0.88216727,2.10090430,1.07818780,1.00000000,1.20000000,-0.50000000,-0.70000000,-1.01230489,-0.00124990,0.00004000,-0.00053581,-0.00183356,0.01107203,0.00281953,-0.00244639,0.00493633,0.00407198
2022-02-18,106.75614279,111.93295602,104.47098094,103.71526081,108.88853782,95.52661249,107.74517840,112.19662232,106.83148886,109.21526018,108.89985459,102.43608402,109.07358436,14.42631982,2.97281885,0.90783912,2.24904335,1.19302997,1.00000000,1.20000000,-0.50000000,-0.70000000,-0.93283105,-0.00065971,0.00004000,-0.00853992,0.00858905,0.00555770,0.00292688,0.00011435,0.00290564,-0.00381647
2022-02-21,107.24527187,112.46112069,104.87075806,104.32615709,109.38799236,96.10489149,108.33582062,112.51776862,107.33858168,110.00272099,109.10332751,103.01422782,109.65600999,13.63164697,3.08186193,0.91641150,2.29636711,1.14240012,1.00000000,1.20000000,-0.50000000,-0.70000000,-0.96865371,0.00453128,0.00004000,0.01205838,0.00147582,0.00050098,0.00541920,-0.00189833,-0.00646724,0.00084771
2022-02-22,106.14444083,111.42778276,103.96031775,103.11806417,108.25892706,95.09116405,107.06008351,111.45727004,106.26991331,109.11243944,108.29807930,102.26924190,108.80499802,12.94811335,2.82290014,0.85262809,2.15229991,1.09259774,1.00000000,1.20000000,-0.50000000,-0.70000000,-1.02812943,-0.01035766,0.00004000,-0.01466110,-0.00725641,0.00306870,0.00036019,0.00806065,-0.00491577,-0.00131146
2022-02-23,105.19304120,110.68606113,103.15638628,102.05755306,107.05915996,94.19907466,105.98786323,110.96857763,105.05319401,108.35743024,107.30965492,101.49687559,107.47986614,13.51410976,3.09382014,0.87169415,2.19379375,1.23128446,1.00000000,1.20000000,-0.50000000,-0.70000000,-0.99411656,-0.00904367,0.00004000,0.00500763,0.00225128,-0.00396497,-0.00595380,0.00283336,-0.00480382,-0.00408489
2022-02-24,105.13609909,110.65592346,103.20152251,101.95516771,106.99834778,94.08133727,105.84268568,111.00261246,104.94482726,108.51531026,107.37735717,101.67805287,108.15549353,14.76406250,3.08646312,0.90565539,2.23900840,1.01525224,1.00000000,1.20000000,-0.50000000,-0.70000000,-1.15766195,-0.00058146,0.00004000,0.00457689,0.00011864,-0.00155876,-0.00180362,-0.00375824,-0.00420917,-0.00415168
2022-02-25,105.58139582,110.86906190,103.55658935,102.06760608,107.30223708,94.51912549,106.64241394,111.51302627,105.32594074,108.73047430,107.77960434,102.16791744,108.65413009,13.23137537,3.06743616,0.94838587,2.24921190,0.98128305,1.00000000,1.20000000,-0.50000000,-0.70000000,-1.07939065,0.00418649,0.00004000,-0.00655100,-0.00250674,-0.00700383,0.00171710,0.00006133,-0.00613346,-0.00078223
2022-02-28,105.67094345,110.59112155,103.50996034,102.30591924,107.33368069,94.60902057,106.96266478,111.31521578,105.61421558,108.85615130,107.42658575,102.34743469,108.67844404,12.90848863,2.95392207,0.86201483,2.31556618,1.11015814,1.00000000,1.20000000,-0.50000000,-0.70000000,-0.90861144,0.00080778,0.00004000,0.00174701,0.00242056,-0.00335572,-0.00011987,0.00035272,-0.00151006,-0.00199018
2022-03-01,105.19300206,109.97431545,103.01605500,101.73175407,107.33298650,94.21921777,106.38162285,110.70662233,105.11324450,108.45533512,106.52955990,102.37142674,108.19767484,11.43525722,2.62852049,0.90551303,2.20116151,1.09501700,1.00000000,1.20000000,-0.50000000,-0.70000000,-1.05238750,-0.00457318,0.00004000,-0.00114787,-0.00008346,0.00411219,-0.00215203,0.00069573,-0.00389739,0.00377228
2022-03-02,106.39855760,111.48878550,104.26076334,102.85881372,108.78258085,95.37832016,107.26625493,112.11489477,105.93658555,109.96447331,107.78072879,103.68771909,109.43034852,13.91759785,3.15452198,0.89649357,2.22556928,1.17156607,1.00000000,1.20000000,-0.50000000,-0.70000000,-0.95293233,0.01135524,0.00004000,0.00262260,0.00437296,-0.00086875,0.00037271,0.00138539,-0.00075060,-0.00552655
2022-03-03,105.62710858,110.63572548,103.21663710,101.69931775,108.23384058,94.72610656,106.21687353,111.30728522,105.31017423,109.21788744,106.70945431,103.03278966,108.51855536,14.19328588,3.06934368,0.94109028,2.23421808,1.03641201,1.00000000,1.20000000,-0.50000000,-0.70000000,-0.98868913,-0.00731697,0.00004000,-0.00075580,-0.00124158,0.00547808,-0.00283066,-0.00983197,-0.00160476,-0.00500819
2022-03-04,105.22626210,110.19215825,102.68684550,101.54813455,107.57545153,94.57336594,106.00389348,110.96384472,105.08178128,108.80845715,106.71161648,102.53371042,108.07001006,12.41893475,2.85136576,0.95155654,2.21401431,1.06010082,1.00000000,1.20000000,-0.50000000,-0.70000000,-0.99320502,-0.00384214,0.00004000,0.00603417,-0.00815511,0.00272499,-0.00148518,-0.00864644,0.00375388,0.00116535
2022-03-07,105.29471380,110.17242049,102.63431767,101.77427120,107.42284688,94.92541725,106.22148402,110.88978076,105.10800968,108.74461059,106.53958733,102.65995571,108.24113997,11.95516017,3.01680463,0.93840085,2.12379925,1.05670548,1.00000000,1.20000000,-0.50000000,-0.70000000,-0.96994913,0.00061031,0.00004000,0.00038039,-0.00314323,0.00165701,-0.00293618,-0.00988264,-0.00070819,0.00042058
2022-03-08,105.75684102,110.74637124,103.15659644,102.25999175,107.59313121,95.16372436,106.67310770,111.28664184,105.65736888,109.16828964,107.06437418,103.07764685,108.56092727,13.25767038,2.88119828,0.98442938,2.17205875,1.04684973,1.00000000,1.20000000,-0.50000000,-0.70000000,-1.05764825,0.00433929,0.00004000,0.00326596,0.00585803,0.00370552,-0.00003546,-0.00271431,-0.00495354,0.00013479
2022-03-09,105.87197844,110.56493235,103.10213868,102.03922209,107.76850463,94.98910166,106.61069258,111.18239180,105.87744099,109.33340535,107.03923987,103.14938711,108.78811440,13.06787491,3.07376458,0.81175480,2.32140986,1.12749771,1.00000000,1.20000000,-0.50000000,-0.70000000,-1.05465937,0.00104811,0.00004000,-0.00448042,0.00187925,-0.00331699,-0.00222253,0.00893109,0.00487805,0.00362925
2022-03-10,106.64933818,111.06837578,103.73543648,102.50465085,108.45720561,95.76238024,107.71279427,111.75207767,106.66528822,109.96490395,107.54661273,103.91608684,109.32321574,14.94999471,2.88685593,0.87834383,2.27505378,1.08885333,1.00000000,1.20000000,-0.50000000,-0.70000000,-0.93640931,0.00727563,0.00004000,-0.00577218,0.00356335,0.00415706,-0.00460182,0.00502411,-0.00386134,-0.00134485
2022-03-11,106.50267384,111.01994262,103.24904967,102.49505303,108.45124869,95.62419045,107.25618029,111.73655564,106.16531091,109.72150458,107.19071275,103.65416391,109.21041635,14.65493770,3.02996631,0.89399262,2.10282978,1.14751698,1.00000000,1.20000000,-0.50000000,-0.70000000,-0.94056643,-0.00141615,0.00004000,-0.00024121,0.00622328,-0.00233368,0.00199713,0.00508519,-0.01016900,0.00240096
2022-03-14,107.29942392,111.69420236,103.88066376,103.23139252,109.47481845,96.28507245,108.29766590,112.68754250,107.12448485,110.50298604,107.87314427,103.95555934,110.19933505,12.14748000,2.92143533,0.86496495,2.12925858,0.97014039,1.00000000,1.20000000,-0.50000000,-0.70000000,-0.97564231,0.00741319,0.00004000,-0.00561761,-0.00015175,-0.00169530,0.00167061,0.00425808,-0.00461027,0.00745283
2022-03-15,106.13189937,110.17142387,102.58499626,102.18651999,108.73954643,95.12210513,107.03217999,111.31414917,106.13647085,108.90086769,106.80302486,102.84793624,108.56750567,12.09954937,3.01706188,0.95874000,2.12392424,1.09079410,1.00000000,1.20000000,-0.50000000,-0.70000000,-0.84606853,-0.01098063,0.00004000,0.00542455,-0.00465756,-0.00143623,0.00178578,-0.00536002,-0.00753346,-0.00538400
2022-03-16,106.06144181,109.87679377,102.62461093,102.37597813,108.31339834,94.90997954,106.88798608,111.13573257,105.82461575,109.06426817,106.87560034,102.61937505,108.65458685,12.32549611,3.14285206,0.92348716,2.21354271,1.09647609,1.00000000,1.20000000,-0.50000000,-0.70000000,-1.00632642,-0.00070409,0.00004000,0.00114482,-0.00069695,0.00430570,-0.00088078,-0.00156570,-0.00154023,-0.00287342
2022-03-17,107.10888936,111.12194646,103.66811484,103.36979366,110.02831166,96.01402969,108.26600864,112.28097742,107.09446548,110.24110865,107.87813979,103.70764189,109.50010046,12.30550138,2.98093743,0.95163876,2.18340367,1.16944997,1.00000000,1.20000000,-0.50000000,-0.70000000,-1.24353119,0.00978741,0.00004000,0.00640110,0.00584933,-0.00148265,-0.00293888,-0.00065470,-0.00065902,-0.00132268
2022-03-18,106.22216498,110.22516544,103.05236497,102.47370028,109.41759706,95.45639146,107.67789470,111.46420461,106.03529805,109.44637392,106.38587495,102.53407165,108.73512607,14.09044341,3.05935277,0.86131661,2.10657760,1.03894062,1.00000000,1.20000000,-0.50000000,-0.70000000,-0.99412724,-0.00835318,0.00004000,-0.00416181,-0.00137547,0.00213855,0.00196291,-0.01263912,0.00687765,0.00147443
2022-03-21,106.70106452,110.66255187,103.33655374,102.70167935,110.14747197,96.07941941,108.12422651,111.68245954,106.55864418,110.24670651,106.76730287,102.98663757,109.29086984,11.84257203,2.70387620,0.98644389,2.16304847,1.07860519,1.00000000,1.20000000,-0.50000000,-0.70000000,-1.03642429,0.00445834,0.00004000,0.00413101,0.00527857,0.00531036,0.00093545,-0.00406890,0.00658794,-0.00415335
2022-03-22,106.12957117,110.25611703,102.74930616,102.40641872,109.48398484,95.65076318,107.29285559,111.17582331,106.08653137,109.56520831,106.29991936,102.11767026,108.98171722,12.35318239,2.83131310,0.86315112,2.08899476,1.12611880,1.00000000,1.20000000,-0.50000000,-0.70000000,-1.05871464,-0.00541042,0.00004000,-0.00103119,-0.00319971,0.00193821,0.00356221,-0.00453970,-0.00219079,-0.00222753
2022-03-23,107.93273653,112.02981663,104.54139711,104.01955719,111.19606995,97.06349106,109.43178338,112.68150704,107.79090704,111.16952190,108.03063385,103.55176713,110.84715913,11.96490997,2.80338128,0.91828504,2.14755440,1.07705976,1.00000000,1.20000000,-0.50000000,-0.70000000,-0.94271042,0.01680751,0.00004000,-0.00188029,-0.00799404,-0.00714403,-0.00357036,-0.00933280,0.00278412,0.00036821
2022-03-24,108.20166078,112.59029237,104.78679667,104.03858572,111.42665371,96.96391311,109.68162298,112.37532300,108.03809553,111.51157704,108.50826930,103.79211340,111.33513843,12.69751985,3.02060014,0.91752556,2.21153705,1.11262523,1.00000000,1.20000000,-0.50000000,-0.70000000,-0.87474025,0.00244849,0.00004000,-0.00322260,-0.00221733,-0.00274939,-0.00028992,-0.00442387,-0.00092245,-0.00077020
2022-03-25,108.66493424,113.33638978,105.14907415,104.31812420,111.95995502,97.65307674,109.95183710,112.73844056,108.49956410,111.72253765,109.09446826,104.32613780,111.77947443,13.82209900,3.24180616,0.90428441,2.16447249,1.03395403,1.00000000,1.20000000,-0.50000000,-0.70000000,-0.97810779,0.00423243,0.00004000,0.00121498,-0.00096974,0.00360668,0.00192558,-0.00238237,0.00013861,0.00362979
2022-03-28,107.80921586,112.36028716,104.19797336,103.39212689,111.27605433,96.87971118,108.64263626,111.50206724,107.45737121,111.09416154,108.09536397,103.40948573,111.15489700,11.45075396,2.85867884,0.79083771,2.22936171,1.11792377,1.00000000,1.20000000,-0.50000000,-0.70000000,-1.10418076,-0.00794600,0.00004000,0.00521558,0.00418670,0.00404777,0.00282720,-0.00155924,-0.00007090,0.00527772
2022-03-29,108.67680706,113.27073432,105.08740091,103.96829471,112.19400884,97.71168234,109.71448516,112.08727438,108.19232590,112.07323734,108.95320064,104.39506102,111.94156956,14.33072842,3.25285386,0.95078986,2.22877841,1.12135956,1.00000000,1.20000000,-0.50000000,-0.70000000,-0.90807605,0.00797526,0.00004000,-0.00748151,0.00386607,0.00014944,-0.00212597,0.00721914,-0.00353611,-0.00025745
2022-03-30,108.87383391,113.11230362,105.33977447,104.34766484,112.27593742,97.83561532,110.03197073,112.04476394,108.33641093,112.04873162,109.07328317,104.38896843,112.08253151,12.98530609,2.83758805,0.98883165,2.10909001,0.99688800,1.00000000,1.20000000,-0.50000000,-0.70000000,-0.99799375,0.00177132,0.00004000,-0.00595880,-0.00228927,0.00276145,0.00092966,0.00100617,0.00524626,0.00230662
2022-03-31,109.55426792,113.77482963,105.81231929,104.77880978,113.41951992,98.37354113,110.61907013,112.55081924,109.18474541,112.74870400,109.59787704,104.98563521,112.54098509,13.42600183,3.00521101,0.88891060,2.25260532,1.16273507,1.00000000,1.20000000,-0.50000000,-0.70000000,-0.92250935,0.00619030,0.00004000,-0.00011506,0.00300775,-0.00147542,0.00070432,0.00137978,0.00121017,0.00079184
2022-04-01,110.56828968,114.79196927,106.71037248,105.99761199,114.46269775,99.00325186,111.49939544,113.68849109,109.85528967,113.95842571,111.04188815,105.77935889,113.62106984,13.50541118,3.16535639,0.84344969,2.08559686,1.10625328,1.00000000,1.20000000,-0.50000000,-0.70000000,-0.93619738,0.00917331,0.00004000,-0.00352037,-0.00230722,0.00301592,-0.00213655,0.00711038,0.00078734,-0.00088794
2022-04-04,111.16644052,115.70742647,107.17553103,106.40751416,115.48497001,99.63302147,112.41851967,114.22968375,110.12856410,114.37219647,111.83185549,106.25807811,114.66179567,12.77088214,3.23253090,0.81667584,2.26556028,1.02455678,1.00000000,1.20000000,-0.50000000,-0.70000000,-1.21321315,0.00535521,0.00004000,-0.00097465,0.00595387,0.00510154,0.00040976,-0.00074228,0.00451330,-0.00054772
2022-04-05,110.11737918,114.69051581,106.39110801,105.51518129,114.41410550,98.95867003,111.31842480,112.93260625,109.16624047,113.38640723,111.08035492,105.08268301,113.17577141,11.09967851,2.81041286,0.86220092,2.30218205,1.00709044,1.00000000,1.20000000,-0.50000000,-0.70000000,-0.87764817,-0.00952166,0.00004000,0.00132525,-0.00788984,-0.00122502,-0.00117071,-0.00423640,0.00237109,0.00308065
2022-04-06,108.21270286,112.66589524,104.36644115,103.98778691,112.59365782,97.29935159,109.33372752,111.24535269,107.21913040,111.41795732,108.66011403,103.25862436,111.21289954,13.85526335,2.83030361,0.91696399,2.21941783,1.03372847,1.00000000,1.20000000,-0.50000000,-0.70000000,-0.94012637,-0.01748812,0.00004000,-0.00610227,-0.00505250,0.00521782,-0.00029638,-0.01132355,-0.00148765,0.00320097
2022-04-07,108.22673856,112.60891341,104.25808719,104.33488550,113.00581650,97.48596020,108.68500876,111.28335709,107.29882625,111.68703250,108.91693521,103.28878188,111.50920824,11.16914504,2.99609458,0.96454482,2.27391723,1.07354943,1.00000000,1.20000000,-0.50000000,-0.70000000,-1.12611665,0.00008970,0.00004000,0.00200939,-0.00752868,-0.00238424,-0.00217476,-0.00881045,0.00681954,0.00576640
2022-04-08,108.26160467,112.72932332,104.22540768,104.66060193,113.09006457,97.38087947,108.78922670,111.45607270,107.68912464,111.77000715,108.83660632,103.82838070,111.59211671,12.87096312,3.04306736,0.87848054,2.17065100,1.08088066,1.00000000,1.20000000,-0.50000000,-0.70000000,-0.85420852,0.00028211,0.00004000,0.00258433,-0.01239490,0.00448279,-0.00114639,0.00812094,-0.00300081,-0.00506357
2022-04-11,109.82927830,114.65337343,105.47108915,106.24070329,114.84645513,98.91194811,110.22804408,112.80455304,109.17252345,113.42425967,110.56475444,105.29614657,113.35638059,13.55493104,2.90846998,0.90662425,2.07077912,1.17171714,1.00000000,1.20000000,-0.50000000,-0.70000000,-1.03164642,0.01433658,0.00004000,0.00507624,-0.00199705,-0.00806494,-0.00824593,-0.00485501,0.00040415,-0.00257593
2022-04-12,108.79139954,113.45146253,104.45462699,105.38046837,113.69201749,98.00288033,109.27575079,112.18227992,108.36618265,112.18395200,109.47356803,104.21251509,112.35703140,12.24768255,2.75501362,0.90658759,2.13323946,1.15928659,1.00000000,1.20000000,-0.50000000,-0.70000000,-1.12135305,-0.00953486,0.00004000,-0.00687312,-0.00472760,-0.00182088,-0.00046216,0.01018382,0.00215208,-0.00382058
2022-04-13,109.46868849,114.21939280,104.85894076,106.21605079,114.61502035,98.42161943,109.95902788,112.82258712,108.95019945,112.76701909,109.77887280,104.89802298,113.08528156,11.66078490,2.94626253,0.90341718,2.19178944,1.13634458,1.00000000,1.20000000,-0.50000000,-0.70000000,-1.12233059,0.00616628,0.00004000,0.00073823,-0.00121647,0.00161354,0.00106879,-0.00773222,-0.00209483,-0.00040559
2022-04-14,108.70505557,113.50697360,104.19703754,105.81649825,113.97374617,97.78236939,108.95058553,112.42304823,108.58655357,112.25914253,109.21076697,104.01177111,112.37776619,13.14388117,3.16264095,0.86299051,1.98909489,1.02470521,1.00000000,1.20000000,-0.50000000,-0.70000000,-1.00336678,-0.00704026,0.00004000,0.01118330,-0.00400803,-0.00779155,-0.00527296,-0.00256711,-0.00386346,0.00064600
2022-04-15,108.92871205,113.68374616,104.66549086,106.03916169,114.02526355,97.97881158,109.15028339,112.66822328,109.02428857,112.33893762,109.33284761,104.21948029,112.64346516,13.74800608,2.91809331,0.89420376,2.19038532,1.08674946,1.00000000,1.20000000,-0.50000000,-0.70000000,-1.03155528,0.00201535,0.00004000,-0.01191600,-0.00106535,-0.00032617,-0.00119128,0.00134753,-0.00260726,-0.00014803
2022-04-18,108.63962479,113.65580535,104.54677980,105.66190670,113.80173496,97.68511202,109.34486712,112.44397090,108.83245922,112.08718174,108.94158515,103.99836914,112.65145967,12.51986607,3.22502344,0.95784280,2.18610122,1.14613742,1.00000000,1.20000000,-0.50000000,-0.70000000,-1.10831216,-0.00269744,0.00004000,-0.00530478,0.00600317,-0.01186656,-0.00325891,-0.00200604,0.00187645,-0.00359487
2022-04-19,110.24097625,115.15170255,105.72418397,107.64840128,115.55418095,98.98972097,111.11287288,114.15958123,110.50426644,114.10435666,110.39585099,105.76969454,114.28894399,11.35915745,3.19037723,0.93360013,2.25451241,1.10941179,1.00000000,1.20000000,-0.50000000,-0.70000000,-1.09508819,0.01459245,0.00004000,-0.00522925,-0.00641500,0.00146441,-0.00008008,-0.00241681,-0.00229301,0.00097092
2022-04-20,110.40041852,115.46828197,106.22349552,108.01364594,115.58444245,99.13051218,111.12290806,114.54613865,110.66969361,113.88980159,110.32913817,105.93213770,114.41476761,12.86422461,2.92242390,0.92290194,2.23552528,1.13364926,1.00000000,1.20000000,-0.50000000,-0.70000000,-1.00208562,0.00140526,0.00004000,-0.00307409,0.00720075,-0.00214106,0.00395142,-0.01026449,-0.00314083,0.00283927
2022-04-21,110.33649624,115.16289379,106.49377636,107.87572509,115.39985710,99.46377722,110.95583178,114.47331611,110.47130241,113.79265669,110.06010974,105.86012128,114.42200725,13.63295269,3.05566765,0.90136719,2.13951946,1.21830311,1.00000000,1.20000000,-0.50000000,-0.70000000,-1.07977606,-0.00061917,0.00004000,-0.00307524,-0.00650556,0.00173444,0.00529912,-0.00531747,-0.00188707,0.00368599
2022-04-22,110.00181526,114.53183964,106.06341104,107.22681796,114.96220739,99.13308192,110.80461319,114.15169670,110.08108293,113.48303729,109.54888462,105.31251249,113.76477340,13.42713602,2.94422618,0.88965101,2.13967091,1.11926092,1.00000000,1.20000000,-0.50000000,-0.70000000,-0.90847881,-0.00307789,0.00004000,0.00013176,0.00312944,-0.00029184,-0.00010523,0.00987187,0.00005949,0.00147360
2022-04-25,109.46288616,114.11833946,105.59104887,106.45142578,114.48364440,98.51479484,109.92607915,113.87127358,109.89170796,112.90334342,109.13499425,104.93580171,113.40277790,13.73579583,3.09509638,0.84403764,2.26858081,1.14340243,1.00000000,1.20000000,-0.50000000,-0.70000000,-0.96829007,-0.00495132,0.00004000,-0.00078691,-0.00105303,0.00207130,-0.00650701,-0.00120515,0.00016863,-0.00055189
2022-04-26,109.21402984,113.51581029,105.43045230,106.14894647,114.15730390,98.10251625,109.85657014,113.57154647,109.27122518,113.03494816,108.72439516,104.56989760,113.08822675,14.18101993,2.70030682,0.90009502,2.30311051,1.10798521,1.00000000,1.20000000,-0.50000000,-0.70000000,-1.04894887,-0.00231602,0.00004000,-0.00046540,0.00384029,-0.00018729,0.00384676,0.00240194,0.00236918,-0.00195041
2022-04-27,107.87974696,112.05457761,103.69135029,104.90306910,112.98882710,96.76144359,108.62509532,111.97775022,107.81085961,111.41693316,107.76219220,103.37122312,111.49088986,12.07242263,2.86852771,0.89854513,2.29954748,1.14807845,1.00000000,1.20000000,-0.50000000,-0.70000000,-1.02889626,-0.01233238,0.00004000,-0.01234899,0.00373827,-0.00684733,-0.00559357,0.00296046,0.00888605,-0.00078204
2022-04-28,107.38824940,111.65368163,102.87523795,104.23290004,112.76150464,96.02570109,108.08400357,111.64253794,107.63408623,110.86780688,106.98531570,102.68457260,111.08867337,12.53363356,3.24926288,0.93890315,2.21920142,1.03019564,1.00000000,1.20000000,-0.50000000,-0.70000000,-1.04043526,-0.00460639,0.00004000,-0.00255161,-0.00369746,0.00195405,-0.00170085,-0.00808787,0.00040020,0.00163381
2022-04-29,108.10406261,112.58168709,103.56849413,104.72159362,113.49934140,96.74071288,108.86654763,112.31233285,108.42974599,111.88503753,108.05327097,103.10558858,112.47345027,13.40629779,3.11604032,0.90976503,2.04071884,1.09385926,1.00000000,1.20000000,-0.50000000,-0.70000000,-1.02070020,0.00660354,0.00004000,-0.00205762,0.00143106,0.00119718,0.00140728,-0.00872872,0.00306579,0.00416979
2022-05-02,106.76082616,110.95879374,102.31920377,103.63263207,112.14266131,95.37272358,107.62328210,110.42386459,107.08230121,110.78399974,106.46208542,102.07279818,110.67177895,14.72883853,3.16396632,0.94226905,2.35153846,0.98979129,1.00000000,1.20000000,-0.50000000,-0.70000000,-1.05093511,-0.01254324,0.00004000,0.00162195,-0.00289853,-0.00635691,0.00388433,-0.00005600,0.00195006,0.00543479
2022-05-03,106.94292571,111.07006604,102.41450338,103.98376501,112.19622367,95.61879843,107.31220006,110.45058503,107.12437180,110.72766601,106.87016911,102.57298082,111.14461293,14.42250122,2.80047886,0.88713140,2.23680268,1.12032594,1.00000000,1.20000000,-0.50000000,-0.70000000,-0.85720175,0.00166422,0.00004000,0.00413368,-0.00001423,-0.00879861,-0.00048780,0.00131338,0.00307120,-0.00167343
2022-05-04,107.16703837,111.30458477,102.53260925,104.31571554,112.08513834,95.64902359,106.77425880,110.93530035,107.20661378,111.00897959,107.13469115,102.64898807,111.20365896,13.43048504,2.92151708,0.89423397,2.23291419,1.08347625,1.00000000,1.20000000,-0.50000000,-0.70000000,-1.02267690,0.00205344,0.00004000,0.00268805,-0.00002336,-0.00465972,0.00069429,0.00207611,-0.00204208,0.00092141
2022-05-05,107.08348628,111.09735148,102.27367621,104.12266162,112.05849089,95.43194911,106.43445787,110.96288959,107.08635387,110.95356562,107.10592751,102.26698613,111.47446919,14.28055965,3.06355375,0.84277175,2.05634449,1.04441186,1.00000000,1.20000000,-0.50000000,-0.70000000,-0.96753134,-0.00081995,0.00004000,-0.00255212,-0.00096100,-0.00115505,-0.00109597,-0.00845163,-0.00193572,-0.00190575
2022-05-06,108.59063388,112.88632827,103.63661307,105.50968932,113.51887366,96.68627654,108.07270660,112.55832103,108.95353445,112.95388334,109.04399638,103.89762427,113.42648390,10.83071724,3.00522131,0.87644001,2.26700484,1.06940611,1.00000000,1.20000000,-0.50000000,-0.70000000,-1.06688791,0.01393638,0.00004000,-0.00204977,-0.00082475,0.00290443,-0.00120772,0.00304120,-0.00387933,0.00171799
2022-05-09,108.70375950,112.78785401,103.61888940,105.36157554,113.53437947,96.82779663,107.97666914,112.73555979,108.83495642,113.31718247,109.27715598,104.36001188,113.63972901,11.90166776,2.82902142,0.83274218,2.23331832,1.07147663,1.00000000,1.20000000,-0.50000000,-0.70000000,-1.00070440,0.00100122,0.00004000,-0.00689019,-0.00471867,0.00150594,-0.00001484,0.00769620,-0.00238637,0.00254287
2022-05-10,108.92639123,113.04799067,103.52881667,106.00314009,113.52833239,97.13811312,108.04531966,113.07680393,109.37302682,113.21956486,109.35647391,104.94241452,113.74146093,13.08487205,3.07412041,0.86158625,2.18152589,1.16351772,1.00000000,1.20000000,-0.50000000,-0.70000000,-1.00790592,0.00200596,0.00004000,-0.00389916,0.00671134,0.00661528,-0.00034445,0.00003209,-0.00087481,-0.00079013
2022-05-11,108.31824515,112.28529789,103.21642633,105.44372743,113.19035294,96.32277673,107.38606996,112.13905919,108.84404359,112.71314423,108.78449522,104.47214138,113.26164721,14.05197887,2.94816221,0.89616562,1.95625403,1.09254110,1.00000000,1.20000000,-0.50000000,-0.70000000,-1.06638273,-0.00563874,0.00004000,0.00129990,-0.00437989,-0.00403332,0.00081290,-0.00572102,0.00045767,-0.00257114
2022-05-12,108.30187230,112.18007157,103.04323589,105.21984607,112.86149469,96.31968877,107.14961524,112.28030038,108.47011166,113.07875819,108.74807836,104.57639469,113.36409186,13.10977893,2.96062982,0.98463411,2.27072200,1.04715898,1.00000000,1.20000000,-0.50000000,-0.70000000,-0.96604789,-0.00019117,0.00004000,0.00233537,-0.00534341,0.00564742,0.00034164,0.00994966,0.00494606,0.00183158
2022-05-13,108.53357739,112.55690571,102.78349690,105.46559214,113.42145664,96.60697146,107.50057497,112.79898275,108.74664245,113.29291772,108.81950154,104.93401602,113.44202489,12.96553998,3.02547562,0.88786333,2.20046218,1.10078671,1.00000000,1.20000000,-0.50000000,-0.70000000,-1.02304426,0.00209715,0.00004000,0.00745394,0.00450841,-0.00363566,-0.00089352,0.00252992,0.00011958,-0.00280164
2022-05-16,109.11302477,113.34066036,102.95172697,105.86438209,114.11827327,97.13875169,108.05680700,113.30901941,109.21471486,114.20358112,109.32556207,105.57699869,113.80305975,14.25022632,3.04849063,0.87277719,2.12569184,1.12204363,1.00000000,1.20000000,-0.50000000,-0.70000000,-0.98994700,0.00528468,0.00004000,0.00535747,-0.00180613,-0.00114289,-0.00454979,-0.00912600,0.00284446,0.00137930
2022-05-17,109.96811419,114.23750470,103.34864367,106.58160105,115.15400303,97.96497521,108.98630015,113.72721847,110.33958997,114.86152229,110.42250875,106.15957144,114.54968500,12.48168116,3.15925529,0.86636282,2.18157523,1.04614854,1.00000000,1.20000000,-0.50000000,-0.70000000,-1.03953820,0.00776618,0.00004000,-0.00771298,0.00534172,0.00232194,-0.00576158,0.00000761,-0.00089662,0.00502086
2022-05-18,110.20519856,114.30685531,103.68485127,106.86349848,115.30474078,98.04098029,109.16994936,113.90755661,110.18137509,114.95920275,110.92426504,106.30093383,114.78902842,14.11027382,2.94170074,0.84507869,2.21245990,1.08771019,1.00000000,1.20000000,-0.50000000,-0.70000000,-0.92102891,0.00211362,0.00004000,-0.00114265,-0.00381555,0.00716545,-0.00160700,0.01003253,0.00231266,0.00194653
2022-05-19,110.23193772,114.28687477,103.68132811,106.55384049,115.30291748,98.23447095,109.17816153,114.38319630,110.17167635,115.04090437,110.95190836,106.54221099,114.72181826,13.77292920,2.89746391,0.87255649,2.29242531,1.07506661,1.00000000,1.20000000,-0.50000000,-0.70000000,-1.00106893,0.00020260,0.00004000,0.01137492,0.00282412,0.00189928,0.00419356,-0.00048151,0.00149138,-0.00176215
2022-05-20,108.74373012,112.70336116,102.12527275,105.29481461,113.78321654,96.70653499,107.62923042,112.89488330,108.58852655,113.17075330,109.50831188,105.16390535,113.28889331,11.48438324,2.69294850,0.89590225,2.34356223,1.05926616,1.00000000,1.20000000,-0.50000000,-0.70000000,-0.90780306,-0.01363266,0.00004000,0.00006620,-0.00099656,-0.00051874,-0.00259818,0.01213128,-0.00124202,-0.00426008
2022-05-23,109.14361737,113.17631030,102.61101903,105.93032440,113.94069420,97.05589233,107.70688723,113.54856302,108.97836690,114.08618992,110.02146060,105.27557987,113.29172175,13.41010718,3.10744319,0.91832946,2.14384390,1.17587068,1.00000000,1.20000000,-0.50000000,-0.70000000,-1.02576378,0.00363059,0.00004000,-0.01043257,0.00242235,0.00232316,0.00185012,-0.00362887,0.00016392,-0.00067941
2022-05-24,108.68300995,112.57816020,102.15862708,105.71543974,113.15937930,96.59985942,107.21707912,112.68009892,108.37516778,113.65600301,109.50799104,104.83279691,112.81106581,12.51603528,2.96354321,0.92308408,2.32343689,1.10352861,1.00000000,1.20000000,-0.50000000,-0.70000000,-0.96507270,-0.00426913,0.00004000,-0.00004281,0.00312613,0.00581682,0.00267554,-0.00167129,0.00281790,-0.00179355
2022-05-25,109.76418566,113.77913327,103.07861849,106.99603389,114.25639632,97.52105096,108.06181649,114.20850847,109.51869602,114.45341191,110.59950415,105.75315621,113.83652642,14.13783710,2.77715740,0.86036779,2.34909901,1.11390495,1.00000000,1.20000000,-0.50000000,-0.70000000,-1.01040697,0.00985882,0.00004000,-0.00434607,-0.00314089,-0.00328666,0.00067464,0.00399564,0.00050332,0.00128227
2022-05-26,110.24507985,114.30322820,103.56325402,107.12712448,114.69318942,97.93950565,108.47631348,114.81834280,109.88735325,114.81832858,111.13441830,106.09545333,114.55177907,12.69522173,3.05990751,0.86399414,2.19377531,1.08759304,1.00000000,1.20000000,-0.50000000,-0.70000000,-0.99121203,0.00433159,0.00004000,0.00565760,-0.00286674,-0.00074032,0.00053382,-0.00649702,-0.00277392,-0.00481097
2022-05-27,111.12556472,115.22899398,104.67685146,107.92256156,115.80462855,98.67896115,109.58451499,116.11160597,110.17179378,116.14625736,111.76260737,107.10508799,114.94952480,13.46777786,2.89289969,0.90640960,2.26202790,1.06783935,1.00000000,1.20000000,-0.50000000,-0.70000000,-0.96446923,0.00791489,0.00004000,-0.00476972,0.00086952,-0.00192425,-0.00024357,-0.00429344,-0.00454749,0.00423792
2022-05-30,111.85424661,116.08734394,105.23617278,108.48595636,116.53912854,99.49825670,110.18322715,116.89275716,110.75219624,116.76866982,112.53686774,107.77313613,115.68920180,14.41124455,2.87967062,0.89884162,2.28450504,1.17418133,1.00000000,1.20000000,-0.50000000,-0.70000000,-0.92099903,0.00649588,0.00004000,-0.00621814,0.00494473,0.00002683,0.00466834,-0.00787576,0.00120794,0.00164441
2022-05-31,111.33598281,115.55205335,104.65482883,108.31423670,115.91584945,99.10012260,109.80902758,116.54228261,110.38192856,116.25961590,112.17821058,107.63308817,114.95667351,13.39629785,3.27518717,0.88088253,2.14645095,1.09803562,1.00000000,1.20000000,-0.50000000,-0.70000000,-0.96714665,-0.00468415,0.00004000,-0.00772792,-0.00426472,0.00421960,-0.00107782,0.00353498,0.00398844,0.00385524
2022-06-01,112.21544796,116.92509284,105.82754160,109.26643251,117.02425211,99.81001517,110.74663540,117.17846943,111.07135879,117.25513438,113.41108921,108.30847228,115.68493951,13.05421351,2.97720379,0.89450794,2.11552172,1.01449421,1.00000000,1.20000000,-0.50000000,-0.70000000,-0.89421620,0.00782816,0.00004000,-0.00602458,-0.00974437,-0.00430951,-0.00223503,-0.00478603,-0.00820544,-0.00175881
2022-06-02,112.63109243,117.00358532,106.38583771,109.63570825,117.53146684,100.24566219,111.30115579,117.41182306,111.35242088,118.09490970,113.71902606,108.52525129,116.31669767,13.81977749,3.02237161,0.90725448,2.22190922,1.14874619,1.00000000,1.20000000,-0.50000000,-0.70000000,-1.06211120,0.00365714,0.00004000,-0.00450439,0.00174760,-0.00038212,-0.00228836,0.00667167,0.00151406,0.00147641
2022-06-03,112.29406277,116.62304996,106.38443331,109.29966657,117.12649344,100.14104678,110.52608844,116.89180420,111.18969141,117.78077866,112.98182752,107.67382924,115.92701220,11.45121680,3.14288244,0.92983241,2.14838062,1.05810128,1.00000000,1.20000000,-0.50000000,-0.70000000,-1.00472835,-0.00303682,0.00004000,0.00692354,-0.00442459,-0.00604400,0.00252596,0.01065661,-0.00289168,-0.00126560
2022-06-06,111.93174801,116.36005426,106.04822618,108.85723472,117.10939279,99.76861009,110.02304718,116.73441223,110.56947510,117.48200586,112.75423554,107.00017275,115.59055324,13.79722379,3.02304488,0.93919882,2.20371236,1.16419828,1.00000000,1.20000000,-0.50000000,-0.70000000,-0.91834465,-0.00327170,0.00004000,-0.00976452,-0.00126305,0.00418801,0.00644206,0.00397423,0.00265285,-0.00065542
2022-06-07,112.32494388,117.02783298,106.18958486,109.41079827,117.68841030,100.22123574,110.64665536,117.18422254,110.68691748,118.06622716,113.21586465,107.55700023,116.08038091,12.13382387,2.93501608,0.89749436,2.24930562,1.16216970,1.00000000,1.20000000,-0.50000000,-0.70000000,-1.04177376,0.00346666,0.00004000,-0.00363280,-0.00126310,-0.00175752,0.00068148,0.00357887,0.00068965,0.00282977
2022-06-08,112.74835882,118.01853168,106.87552466,109.41913155,118.07212615,100.88742309,111.19317302,117.53843226,111.20470236,118.63481791,113.71292566,108.09185160,116.13147505,12.13672902,2.88470882,0.93363009,2.22993669,1.07765349,1.00000000,1.20000000,-0.50000000,-0.70000000,-0.99796271,0.00372247,0.00004000,-0.00874076,0.00143199,0.00427828,0.00678108,-0.00108174,-0.00006976,0.00372628
2022-06-09,113.37699459,118.71410357,107.55161198,110.15905381,118.71892138,101.26157425,111.63934766,118.35160277,111.58191039,119.56617212,114.65720395,108.31872682,116.48646648,13.89967895,2.82220685,0.87879873,2.23224079,1.12107258,1.00000000,1.20000000,-0.50000000,-0.70000000,-0.96841690,0.00552008,0.00004000,0.00443685,-0.00107300,-0.00628221,-0.00684754,0.00680658,-0.00495726,0.00115969
2022-06-10,114.17735607,119.55190293,108.22207553,111.09373660,119.60564435,101.83862727,112.28481962,119.64156205,112.57136619,120.66775575,115.27925456,108.95617010,116.77522050,13.08523726,2.97920908,0.94766760,2.17428773,1.11137867,1.00000000,1.20000000,-0.50000000,-0.70000000,-1.14267854,0.00699449,0.00004000,0.00259467,0.00359861,0.00298493,-0.00113048,0.00235702,-0.00641789,0.00142518
2022-06-13,113.71259985,118.93594501,107.85414522,110.88205848,119.18389839,101.36615245,111.72190808,119.03310771,112.00758572,119.90161813,114.78172341,108.46635610,116.19973557,14.45769708,3.23552237,0.97490024,2.40665894,1.16558831,1.00000000,1.20000000,-0.50000000,-0.70000000,-1.02830814,-0.00411878,0.00004000,0.00332507,-0.00440771,0.00176218,-0.00185293,0.00589353,0.00608973,-0.00392367
2022-06-14,113.17176003,118.30186214,107.48032050,110.63906548,118.74459901,100.95014850,111.14801062,118.42268157,111.52405630,119.72419529,114.49799536,107.95211939,115.71559237,15.12176786,3.01470412,0.92550718,2.17226069,1.06490232,1.00000000,1.20000000,-0.50000000,-0.70000000,-0.96355488,-0.00480755,0.00004000,0.00857423,0.01388332,0.00131726,-0.00469110,0.00608437,0.00798261,0.00004068
2022-06-15,112.66221962,117.64957742,107.28091961,109.85256840,118.38644178,100.60871534,110.60823519,117.96008107,110.92967174,119.17800557,114.10170032,107.56837411,115.48680912,14.17130162,2.50885234,0.88164723,2.14833245,1.16249322,1.00000000,1.20000000,-0.50000000,-0.70000000,-1.04348676,-0.00455253,0.00004000,0.00413705,0.01018234,-0.00573992,0.00269828,-0.00237227,-0.00627036,0.00353270
2022-06-16,113.27478087,117.88556664,108.03131178,110.81287664,119.01499141,101.35592123,111.01670950,118.76452130,111.32097701,119.43740219,114.69270073,108.35243177,116.17436371,11.05532155,3.16191381,0.88472307,1.97199883,1.09220218,1.00000000,1.20000000,-0.50000000,-0.70000000,-0.96428479,0.00538242,0.00004000,-0.00260862,-0.00071530,-0.00746969,-0.00273278,-0.00383034,0.00394449,-0.00042484
2022-06-17,113.22901267,117.66445383,107.91444864,110.87365245,119.28246737,101.13869349,110.50207058,119.02956859,111.11010656,119.29483747,114.40055943,108.32201936,116.12877138,12.25089186,2.83289361,0.81871176,2.22856851,1.04091412,1.00000000,1.20000000,-0.50000000,-0.70000000,-1.16365918,-0.00044413,0.00004000,0.00714173,0.00204619,0.00693860,-0.00057002,-0.00747700,0.00719656,0.00040194
2022-06-20,113.14646637,117.31788011,107.88767955,110.84165511,119.43624986,101.13254453,110.31621938,119.05562900,111.40831610,119.26667782,114.42759262,108.29533663,116.52329931,13.17535407,3.03883780,0.91020998,2.14744566,1.11300018,1.00000000,1.20000000,-0.50000000,-0.70000000,-1.01529630,-0.00076929,0.00004000,-0.00943109,0.00352524,-0.01068829,0.00471177,0.01163773,0.00053306,0.00840030
2022-06-21,112.57506517,116.28836397,107.01926179,109.69575042,118.36782824,100.62943453,110.26448058,118.54754809,110.97792411,118.68316767,113.81027527,107.58548390,115.83798843,13.71985976,3.06313225,0.99230332,2.25524301,1.11107417,1.00000000,1.20000000,-0.50000000,-0.70000000,-0.93911031,-0.00510290,0.00004000,-0.00930329,-0.00671503,-0.00269040,-0.00246692,-0.00052800,0.00627975,-0.00370354
2022-06-22,112.25002016,116.11695203,106.85517377,109.82925499,118.15704436,100.37466372,110.09166987,118.13018333,110.54802939,118.25454675,113.21976645,107.06113326,115.46585605,12.96437100,2.98596414,0.98624302,2.47317268,1.15382387,1.00000000,1.20000000,-0.50000000,-0.70000000,-0.92860076,-0.00293154,0.00004000,-0.01230723,-0.00374493,0.00132939,-0.00293941,0.00073497,0.00882519,0.00064275
2022-06-23,112.82617642,116.78041034,107.38824632,110.23830902,118.82983293,100.89923567,110.59678327,118.55715940,111.42732226,119.04028550,114.13415157,107.62600998,116.03919379,13.57538981,2.80402972,0.92319645,2.15583606,1.09078677,1.00000000,1.20000000,-0.50000000,-0.70000000,-0.81607041,0.00507967,0.00004000,0.00800634,0.00423893,-0.00317820,-0.00287907,-0.00107149,-0.00047391,0.00066773
2022-06-24,113.22194497,117.10080135,107.54668580,110.51489895,119.04649426,101.29636725,110.63077895,119.33434741,112.13841619,119.64235335,114.32187702,107.94784225,116.34788872,13.31765778,3.04558357,0.92820291,2.22627900,1.11698988,1.00000000,1.20000000,-0.50000000,-0.70000000,-0.95599086,0.00346163,0.00004000,-0.00102955,-0.00051730,-0.00321788,0.00103705,0.00211150,-0.00129042,-0.00014454
2022-06-27,112.30970352,116.26857666,106.91625424,109.75817736,118.26681420,100.40027890,109.86400375,118.23479501,111.35373785,118.76224681,113.46502226,107.26228426,116.01822476,13.19501219,3.21773410,0.95327460,2.21325782,1.06347772,1.00000000,1.20000000,-0.50000000,-0.70000000,-1.08536593,-0.00812974,0.00004000,0.00680284,-0.00469985,-0.00103995,0.00176852,-0.00591429,-0.00014749,0.00090890
2022-06-28,111.88616495,115.93881247,106.54131188,109.21047934,118.26624365,100.03622475,109.92018002,117.91023386,111.15549224,118.37251094,113.15923411,106.86182048,115.44139462,13.91320775,2.90927903,0.95192899,2.27260190,1.05576082,1.00000000,1.20000000,-0.50000000,-0.70000000,-0.86396442,-0.00381830,0.00004000,-0.00034831,0.00086763,-0.00109902,0.00170963,-0.00093833,0.00838162,0.00237245
2022-06-29,113.13438196,117.07088745,107.86251312,110.30091136,119.52793608,101.32809297,110.95853726,119.04921024,112.28134263,119.73934171,114.77503905,108.14496015,117.12506157,15.02008087,3.04136692,0.92113820,2.31159959,1.12267484,1.00000000,1.20000000,-0.50000000,-0.70000000,-1.00343390,0.01105436,0.00004000,-0.00102158,-0.00157534,-0.00867980,-0.00047691,0.00248942,-0.00347337,-0.00092348
2022-06-30,113.56228330,117.26128394,108.30438829,110.37841033,119.63350608,101.38628006,111.03433306,119.13200885,112.52317424,120.27097584,115.40340631,108.60713810,117.63205425,13.52212659,3.00279045,0.90987660,2.11115960,1.19069053,1.00000000,1.20000000,-0.50000000,-0.70000000,-0.89263396,0.00373510,0.00004000,0.00269302,-0.00540120,-0.00189592,-0.00076317,0.00223485,-0.00643799,0.00319073
2022-07-01,114.54876825,117.99967924,109.03929378,110.94397988,120.84655636,102.41992374,112.18502924,120.18680866,113.80953334,120.76745387,116.70799324,109.19807577,118.70823874,13.03782450,3.00038052,0.98892780,2.26297321,1.19007238,1.00000000,1.20000000,-0.50000000,-0.70000000,-1.02194388,0.00860922,0.00004000,-0.01269634,0.00625291,0.00337537,0.00259939,-0.00569955,-0.00106026,-0.00025069
2022-07-04,114.76901164,118.00574255,109.25568561,111.53794069,121.54165931,102.47679388,112.50399185,120.45136429,114.21371322,121.22295506,116.73630024,109.74531492,118.95220228,14.19909251,3.03430196,0.87301607,2.12866326,1.14585756,1.00000000,1.20000000,-0.50000000,-0.70000000,-1.02463748,0.00188086,0.00004000,-0.00421563,-0.00015280,-0.00263537,-0.00428608,0.00216492,0.00428164,0.00173040
2022-07-05,116.01610515,119.18460497,109.93299534,112.56627035,122.65054526,103.56471726,113.54035798,121.68541842,115.41769595,122.55605518,117.97719509,111.11109577,120.51548671,10.93417512,3.36926210,0.91686437,2.17895400,1.06908798,1.00000000,1.20000000,-0.50000000,-0.70000000,-1.00354621,0.01076750,0.00004000,0.00781432,-0.00370498,-0.00120183,0.00629191,-0.00767094,0.00060200,0.00405317
2022-07-06,116.59434356,119.83576114,110.41650398,113.36246941,123.47121090,103.81452624,113.87481992,122.22040008,115.83742833,123.08560414,118.68301965,111.55592414,121.24527387,11.79962909,3.09572581,0.93220881,2.28431508,1.07388263,1.00000000,1.20000000,-0.50000000,-0.70000000,-0.89853304,0.00493174,0.00004000,-0.00391661,-0.00540738,-0.00516219,-0.00044133,-0.00479356,-0.00225188,-0.00279328
2022-07-07,115.45541679,118.95537709,109.61778316,112.41934843,122.52351050,102.87802967,112.81821806,121.34529827,114.69341366,122.12286037,117.48951520,110.33893054,120.32094796,15.67584359,2.88461706,0.93496554,2.22960096,1.11079910,1.00000000,1.20000000,-0.50000000,-0.70000000,-1.00424202,-0.00985631,0.00004000,0.00134436,-0.00001848,-0.00636448,0.00126344,-0.01107921,-0.00101853,-0.00016322
2022-07-08,115.17967322,118.63221837,109.53053466,112.22971350,122.22874043,102.63594712,112.29724899,121.15040125,114.46619804,121.90940736,117.06565368,109.90465252,120.28101917,11.34122261,3.10588235,0.83170663,2.07858942,1.10076378,1.00000000,1.20000000,-0.50000000,-0.70000000,-0.95383915,-0.00243117,0.00004000,-0.00258347,0.00189264,-0.00239005,-0.00119936,-0.00189295,-0.00386553,-0.00208826
2022-07-11,114.91305218,118.60983347,109.62208644,112.19134384,121.90583271,102.24690179,111.92297710,120.90709229,114.43873780,121.50246014,117.11509567,109.79663772,119.89408387,13.72163302,2.94641369,0.86443978,2.01678015,1.09802690,1.00000000,1.20000000,-0.50000000,-0.70000000,-0.86518608,-0.00235751,0.00004000,-0.00235500,-0.00349752,0.00075376,0.00564736,0.00472260,-0.00152329,0.00831255
2022-07-12,115.06767388,118.65314216,109.52184692,112.30338777,122.55824894,102.31577985,112.07627838,121.15116655,114.84415991,121.92832020,117.48567774,109.91134357,120.23136920,12.79885849,2.84912281,0.81950900,2.31644939,1.15074577,1.00000000,1.20000000,-0.50000000,-0.70000000,-1.06654018,0.00130465,0.00004000,-0.00098586,-0.00350194,0.00124895,-0.00512413,-0.00518720,-0.00520141,0.00264162
2022-07-13,116.21422124,119.75717807,111.08211692,113.48260695,123.89076711,102.85398934,113.31650572,122.60777547,115.99362858,123.05136559,118.56483727,111.05892913,121.65051837,14.70691863,2.87926261,0.93752413,2.12045595,1.11440536,1.00000000,1.20000000,-0.50000000,-0.70000000,-0.88146288,0.00987480,0.00004000,-0.00367288,-0.00836825,-0.00513976,-0.00164496,-0.00609133,-0.00804082,-0.00310259
2022-07-14,115.61057689,119.22509666,110.24795844,112.55063763,123.21467840,102.01741186,113.03406757,121.87884671,115.20172696,122.36370540,117.99071045,110.62980502,121.21941047,14.52290385,3.10771446,0.93872304,2.16186144,1.11883171,1.00000000,1.20000000,-0.50000000,-0.70000000,-1.02399389,-0.00524778,0.00004000,-0.00698197,-0.00067543,-0.00239844,0.00345728,-0.00367725,-0.00194749,0.00222490
2022-07-15,114.89710131,118.47938606,109.55076202,111.89448762,122.56294897,101.18958701,112.35666940,121.04633081,114.54867042,121.21345465,116.55221621,109.68441821,120.16630419,12.94888064,3.08885237,0.99394053,2.13806294,1.09935525,1.00000000,1.20000000,-0.50000000,-0.70000000,-1.05702597,-0.00623049,0.00004000,-0.00209405,-0.00801215,0.00019424,-0.00482906,-0.00186674,-0.00647225,0.00625519
2022-07-18,114.64193294,118.49088115,109.17537835,111.42604786,122.02659570,100.88756945,112.05474401,120.55505682,114.28551120,120.61567956,115.97653230,109.28673938,119.50636377,13.49629482,3.27421021,0.89938101,2.24249978,1.15166615,1.00000000,1.20000000,-0.50000000,-0.70000000,-0.97915989,-0.00226331,0.00004000,0.00028888,0.00113935,0.00039960,0.00091199,0.00933841,-0.00704673,-0.00133413
2022-07-19,115.25159507,119.02683562,109.92152838,112.42688151,122.74594998,101.35088070,112.55765406,121.37053939,114.96689087,121.27579223,116.67391304,109.64283184,120.14195393,14.41469701,2.89183380,0.89742493,2.32935090,1.16668895,1.00000000,1.20000000,-0.50000000,-0.70000000,-1.06510347,0.00526388,0.00004000,-0.00198541,-0.00674193,-0.00073875,0.00596670,-0.00416886,-0.00935509,0.00110152
2022-07-20,114.28650121,117.48899901,108.83426193,111.78628872,121.94607179,100.28108370,111.84734019,120.52850323,113.81467978,120.23228726,115.61343725,109.03609595,119.54028781,13.88727307,2.79601355,0.93897398,2.07338647,1.11494139,1.00000000,1.20000000,-0.50000000,-0.70000000,-1.17988609,-0.00844906,0.00004000,-0.00190415,-0.00007449,-0.00739909,-0.00317416,-0.00586869,-0.00955687,-0.00198279
2022-07-21,114.22182714,117.85387873,108.77882212,111.31677578,121.85957324,99.80220741,111.53722439,120.68574527,113.44523225,119.98622299,115.64079428,108.84833127,119.79644881,11.58358667,2.87023527,0.84413727,2.29363550,1.06744633,1.00000000,1.20000000,-0.50000000,-0.70000000,-0.88767621,-0.00060605,0.00004000,0.00652965,0.00083111,-0.00938519,0.00005195,0.00307194,-0.00113113,0.00205161
2022-07-22,114.73107163,118.10968180,109.13277916,112.05931341,122.32271629,99.77321114,111.99752147,121.07485581,114.05997517,120.13872833,116.20235942,109.34545279,120.42183230,13.18206388,3.14264856,0.86940082,2.10153182,1.07565242,1.00000000,1.20000000,-0.50000000,-0.70000000,-1.05203303,0.00440847,0.00004000,0.00493410,-0.00015615,0.00185148,-0.00108879,-0.00699190,0.00429814,-0.00431786
2022-07-25,115.40780793,118.92706774,109.81132207,112.35147962,122.68547905,100.27402575,112.63746622,121.57358385,115.12670393,120.34125959,116.92916290,109.85902018,121.20437970,10.85442592,3.05206443,0.86283471,2.27388030,1.01443026,1.00000000,1.20000000,-0.50000000,-0.70000000,-1.03516060,0.00584113,0.00004000,0.00770243,-0.00762246,0.01027905,-0.00015955,-0.00564916,-0.00403091,-0.00251674
2022-07-26,117.07178123,120.63153945,111.19347048,113.86982019,124.03731137,101.80481459,114.31436454,123.91501306,116.41075163,122.40747282,118.84882440,111.76803322,122.92236286,13.01083339,2.97234129,0.88464398,2.31992974,1.08535553,1.00000000,1.20000000,-0.50000000,-0.70000000,-0.87499456,0.01427525,0.00004000,0.00874698,0.00652268,0.00261750,0.00139989,0.01315287,-0.00325303,0.00106237
2022-07-27,115.83363008,119.26519797,109.99623127,112.73545463,122.78157893,100.70881871,113.19002535,122.62742967,115.17172917,121.04120702,117.43989071,110.46815348,121.27314266,13.19672068,2.84833179,0.84182808,2.00534150,1.03490474,1.00000000,1.20000000,-0.50000000,-0.70000000,-1.09578963,-0.01067232,0.00004000,-0.00087324,0.00587676,-0.01216885,-0.00477304,-0.00400644,0.00332882,0.00330792
2022-07-28,116.68280249,120.30491254,110.95970220,113.57300793,123.89090031,101.42307970,113.98702878,123.31293995,116.34410469,121.82872945,118.39096638,111.24219769,122.40537977,12.15775348,3.05453754,0.94993655,2.13909236,1.12691970,1.00000000,1.20000000,-0.50000000,-0.70000000,-1.01182068,0.00726423,0.00004000,0.00125302,0.00152397,-0.00353405,-0.00226836,0.00314614,-0.00095574,0.00366746
2022-07-29,116.86457472,120.25232129,111.18866868,113.57942486,124.13197049,101.50775987,114.34970796,123.31581877,116.49823094,122.45889613,118.86828282,111.06615520,122.63541294,13.38661885,3.13746106,0.93313245,2.21419849,1.10263013,1.00000000,1.20000000,-0.50000000,-0.70000000,-1.01326471,0.00151662,0.00004000,-0.00571158,-0.00308694,-0.00111070,0.00274751,-0.00883343,-0.00426531,0.00013359
2022-08-01,116.71301548,119.74291383,111.02287026,113.42307353,123.87526395,101.36721051,114.39760350,123.09317582,116.15734945,121.87577897,118.74878798,111.05687495,122.87586849,12.96137672,3.02716614,0.90958764,2.15454346,1.19793955,1.00000000,1.20000000,-0.50000000,-0.70000000,-0.92500614,-0.00133772,0.00004000,0.00004146,0.00245172,-0.00378776,-0.00301735,-0.00114201,-0.00347498,-0.00084911
2022-08-02,117.18235954,120.36661556,111.56580287,113.97320268,124.99005034,101.95541988,114.77149074,123.59482231,116.73033700,122.60172114,119.03805424,111.17068919,123.54362485,12.56686819,2.95606138,0.88610990,1.95394535,1.14208264,1.00000000,1.20000000,-0.50000000,-0.70000000,-0.98239735,0.00397329,0.00004000,-0.00774157,0.00112326,0.00076069,-0.00038923,0.00762506,0.00003414,0.00074676
2022-08-03,117.42247100,120.82212712,111.57536483,114.43585886,125.63974710,101.98522415,114.93209650,123.54793765,116.70012377,122.57672326,118.75780650,111.23630333,124.06082235,12.08504858,2.68957201,0.87740026,2.25193879,1.20080799,1.00000000,1.20000000,-0.50000000,-0.70000000,-1.04712726,0.00200694,0.00004000,-0.00152463,-0.00453300,0.00200672,0.00301479,-0.00259196,-0.00062084,-0.00493141
2022-08-04,117.37093047,120.54281342,111.53060068,114.50183819,125.70364007,101.75915983,114.72609061,123.52216646,116.19335361,122.89657502,118.50152936,111.48720733,123.39488262,13.42396328,2.71465242,0.94795120,2.23568565,1.03756936,1.00000000,1.20000000,-0.50000000,-0.70000000,-1.17596866,-0.00047903,0.00004000,0.00033772,-0.00109705,-0.00127810,-0.00177415,-0.00236487,0.00076116,-0.00185243
2022-08-05,116.48756727,119.05818318,110.94022969,113.21573336,125.21977931,100.81449166,113.68063976,122.95931959,115.23565898,122.21139769,117.28837263,110.44139957,122.42293659,12.54822386,3.09176165,0.87377299,2.10700121,1.07869721,1.00000000,1.20000000,-0.50000000,-0.70000000,-1.10880717,-0.00759472,0.00004000,-0.00482480,-0.00649710,-0.00456940,-0.00191419,-0.00084175,-0.00003568,0.00040152
2022-08-08,117.15187905,119.64480326,111.40241071,113.59702768,125.82947223,101.59486153,114.27203940,123.64864097,115.80676143,123.18095881,117.95823881,110.66081083,123.04617203,11.71488819,2.79425220,0.93150016,2.03450066,1.10076096,1.00000000,1.20000000,-0.50000000,-0.70000000,-0.99793650,0.00564666,0.00004000,-0.00414883,0.00288480,0.00148233,0.00326006,-0.00372110,0.00362531,0.00066322
2022-08-09,118.22699150,120.84791707,111.85229716,114.73614232,126.71792611,102.29775823,115.44262269,124.58011800,116.81984456,124.13820941,119.17321581,111.59371506,123.79289203,12.08313611,3.04785586,0.96024557,2.12920024,1.09189992,1.00000000,1.20000000,-0.50000000,-0.70000000,-1.01021034,0.00909523,0.00004000,-0.01270907,0.00560933,0.00464321,-0.00239884,0.00709678,-0.00543960,-0.00127402
2022-08-10,117.77631021,120.72388089,111.70000142,114.15089021,126.03677000,102.00009076,115.32654714,124.01335173,116.50671829,124.05925574,118.23378277,111.39586508,123.08337173,13.10138085,3.00768351,0.85950729,2.23752331,1.16157462,1.00000000,1.20000000,-0.50000000,-0.70000000,-0.99540242,-0.00385928,0.00004000,0.00221607,-0.00070974,0.00545801,-0.00030461,0.00682209,0.00205123,-0.00107156
2022-08-11,118.10941773,121.05940464,112.13087165,114.63454367,126.10537428,102.02450256,115.29856862,124.48404168,117.05334668,124.34192453,118.58826234,111.44033495,123.27072101,14.92513516,3.06483839,0.89725679,2.19406762,1.18855668,1.00000000,1.20000000,-0.50000000,-0.70000000,-0.89368415,0.00278431,0.00004000,-0.01279664,0.00301907,-0.00204696,-0.00249201,-0.01325647,0.00293868,-0.00531046
2022-08-12,118.39759589,121.48010963,112.55128783,114.50910074,126.39466738,102.24938899,115.49603324,125.02510834,117.40014863,124.62567408,118.74896900,111.77227560,123.53906365,12.83122922,2.80115923,0.94768010,2.13008290,1.12550022,1.00000000,1.20000000,-0.50000000,-0.70000000,-0.93659635,0.00239695,0.00004000,0.00546813,-0.00665109,0.00416098,-0.00415666,0.00994135,-0.00506385,-0.00338140
2022-08-15,116.93606838,119.84440584,110.99883719,112.76063291,124.98460890,101.26673502,113.91915608,123.84482706,115.76013183,122.65183761,117.25051309,110.72752215,121.83026488,23.67677906,4.84654825,1.31435522,3.35762732,1.47170993,0.60000000,0.75000000,0.20000000,0.30000000,0.46348462,-0.01246106,0.00004000,-0.01253539,-0.00582116,-0.00454609,0.00134859,-0.00166221,-0.00237765,0.00084820
2022-08-16,117.30402742,120.22758579,111.66240678,113.02040601,125.38713139,101.17874058,114.36026420,124.54104444,116.19118853,122.85957789,117.38622880,111.19217282,122.17779736,23.40658708,4.70599972,1.29947510,3.40028737,1.44979898,0.60000000,0.75000000,0.20000000,0.30000000,0.42539508,0.00310173,0.00004000,-0.01026400,-0.00102475,0.00818292,-0.00077660,-0.00232821,0.00837382,-0.00283443
2022-08-17,118.67276829,121.45146189,112.78677578,114.42688902,126.57873145,102.32773906,115.65211617,126.11664665,117.70130089,124.19494393,119.06211422,112.79305067,123.27390643,24.03958221,4.80690099,1.38426835,3.33275190,1.55413782,0.60000000,0.75000000,0.20000000,0.30000000,0.46262331,0.01156077,0.00004000,-0.00342721,0.00467328,-0.00285550,-0.00555445,0.00009315,0.00782067,0.00130254
2022-08-18,118.66525727,121.38680576,112.98276347,114.20600617,126.34368703,102.36844659,115.35501660,125.98037131,117.71257822,124.00625527,119.31132026,112.69888248,122.80435214,22.17634893,4.96062723,1.33211677,3.34086053,1.43637848,0.60000000,0.75000000,0.20000000,0.30000000,0.47002056,-0.00010329,0.00004000,-0.00108773,0.00149203,0.00287097,-0.00042106,0.00446473,-0.00458956,-0.00057454
2022-08-19,117.10278275,119.74261173,111.41793611,112.52423049,124.41905375,100.73993094,114.08178698,124.45856667,116.13344765,122.40023125,117.84107458,111.07304948,121.18190105,23.42238552,4.90068464,1.38107550,3.29280491,1.47557737,0.60000000,0.75000000,0.20000000,0.30000000,0.39941571,-0.01329453,0.00004000,0.00399448,-0.00499791,0.00568220,-0.00038411,-0.00134308,0.00556618,-0.00284965
2022-08-22,116.72222471,118.82929337,110.60113543,112.33163927,123.77659758,100.54830638,113.52254277,123.99174746,115.67465374,122.00804265,117.61877165,110.81633832,120.94560595,24.34782043,4.64025399,1.37584844,3.14057227,1.51967612,0.60000000,0.75000000,0.20000000,0.30000000,0.40197493,-0.00329507,0.00004000,-0.00067757,-0.00418432,-0.00032104,0.00279444,0.00005274,-0.00772777,0.00015910
2022-08-23,114.58211072,116.53519929,108.49962483,110.35148603,121.37821200,98.78972388,111.27300486,121.57609888,113.62803584,120.20322805,115.56377458,108.82700571,118.57744091,22.61426819,4.95337774,1.34269190,3.23059687,1.43191094,0.60000000,0.75000000,0.20000000,0.30000000,0.36462828,-0.01854527,0.00004000,0.00372571,-0.00261743,0.00289950,-0.00033502,0.00529707,-0.00576774,-0.00632880
2022-08-24,114.50441602,116.12622343,108.39106445,110.41567590,121.19178083,98.62923119,111.30957395,121.48441096,113.66525355,120.34412340,115.42858980,108.94759883,118.70247214,22.47612057,4.75280057,1.31462408,3.17970701,1.57125488,0.60000000,0.75000000,0.20000000,0.30000000,0.42656460,-0.00071830,0.00004000,-0.00026610,-0.00386148,-0.00105703,0.00492551,-0.00233019,-0.00594873,-0.00186152
2022-08-25,114.87898549,116.93693439,108.43994967,110.90678421,121.74074643,98.73349285,111.91262142,121.82500448,113.83518746,120.82230175,115.97633270,109.15402269,118.97019975,23.34443458,4.80384436,1.42237928,3.35591007,1.46158699,0.60000000,0.75000000,0.20000000,0.30000000,0.34255873,0.00322588,0.00004000,0.00604110,0.00423611,-0.00195338,0.00756161,0.00092410,-0.00081762,-0.00169113
2022-08-26,114.23494314,116.12753467,107.73423424,110.20744099,120.80833009,98.26210405,111.02026060,121.15950314,113.50485219,119.94598226,115.31044614,108.68895231,118.06568112,22.61266920,4.74022389,1.28891892,3.33864016,1.48181886,0.60000000,0.75000000,0.20000000,0.30000000,0.36707081,-0.00566204,0.00004000,-0.00597873,-0.00384821,-0.00955620,-0.00194880,0.01183037,0.00084624,0.00125331
2022-08-29,113.85854505,115.68191090,107.52106562,110.00813559,120.62168558,97.95875235,110.98897076,120.86094353,113.88184248,119.65246476,115.00175663,108.16636502,118.05612132,22.71914686,4.55236129,1.35080117,3.24505503,1.56294564,0.60000000,0.75000000,0.20000000,0.30000000,0.36429986,-0.00334039,0.00004000,0.00556184,-0.00846160,0.00497867,0.00369314,0.00619038,-0.00605839,-0.00306017
2022-08-30,114.74390912,116.64981804,107.94083315,110.58654543,121.92303651,98.60495800,111.96485860,122.02748021,114.62297002,120.54858733,115.75573484,109.03325020,119.20089603,22.66983851,4.76678522,1.41045553,3.20799237,1.46965869,0.60000000,0.75000000,0.20000000,0.30000000,0.37973920,0.00770592,0.00004000,-0.00095713,0.00201212,0.00486718,0.00092063,-0.01061071,0.00036418,0.00322559
2022-08-31,115.44850609,117.38176126,108.60624337,111.70197449,123.15792291,99.11751556,112.84365123,122.66659105,115.27206561,121.29645440,116.19387720,109.95579928,119.71804793,21.66573851,4.81659077,1.36778288,3.37471638,1.54655052,0.60000000,0.75000000,0.20000000,0.30000000,0.43418221,0.00608183,0.00004000,-0.00081056,-0.00764685,0.00153974,-0.00204156,0.00918781,-0.00380581,-0.00511717
2022-09-01,115.35040152,117.61114985,108.99410232,112.10018198,123.04234043,99.10473313,113.02443793,122.23492879,115.37939834,121.05915885,116.26007172,110.16157044,119.35990446,21.63261579,4.72428885,1.41005054,3.26623464,1.58864992,0.60000000,0.75000000,0.20000000,0.30000000,0.37424560,-0.00089013,0.00004000,0.00788680,-0.00986517,-0.00086194,-0.00148878,-0.00838535,-0.00402568,-0.00427361
2022-09-02,113.45931041,115.57590962,107.19813968,110.33628476,121.15246107,97.45416139,111.30362278,120.18601436,113.66823622,119.03823270,114.51567325,108.35557229,117.70789214,22.63841365,4.77143070,1.36304378,3.46646026,1.52491114,0.60000000,0.75000000,0.20000000,0.30000000,0.34909873,-0.01657019,0.00004000,-0.00534060,-0.00350586,-0.00061754,-0.00116273,0.00467974,0.00324112,-0.00252631
2022-09-05,114.83957564,116.81376893,108.60348180,111.59452656,122.98356451,98.81336671,112.96746302,121.47677773,114.96814113,120.27577615,115.51507064,110.07377444,119.02623131,23.49787449,4.44569537,1.32621432,3.30719421,1.37380104,0.60000000,0.75000000,0.20000000,0.30000000,0.43041799,0.01205189,0.00004000,-0.00481570,0.00696673,0.00195343,-0.00187136,-0.00065641,0.00071202,-0.00189474
2022-09-06,115.43092311,117.39873217,109.25044328,112.42328345,123.78706912,99.36447695,113.64089801,122.36769443,115.62115164,121.05249777,116.13017290,110.66574377,119.56298812,24.66414776,4.66185618,1.43560629,3.44498411,1.50001428,0.60000000,0.75000000,0.20000000,0.30000000,0.53669750,0.00509612,0.00004000,0.00058128,0.01047848,0.00278487,0.00506560,0.00742621,0.00504308,-0.00240872
2022-09-07,115.39034240,117.11977890,109.31695287,112.34619238,123.89426304,99.20711593,113.74861889,122.85023717,115.72113290,120.95058072,116.19041953,110.16620923,119.78116280,23.92777433,4.75770082,1.37025615,3.28382648,1.52453592,0.60000000,0.75000000,0.20000000,0.30000000,0.46461333,-0.00039162,0.00004000,-0.00377646,0.00151623,-0.00280410,0.00024467,0.00854825,-0.00009042,-0.00088574
2022-09-08,116.18898311,117.74611504,110.02688408,112.95997922,124.50269528,99.98545399,114.52450056,123.94253728,116.66028678,121.57512204,117.07727108,111.10060891,120.24118152,22.78222611,4.75174733,1.35073601,3.49171806,1.55678089,0.60000000,0.75000000,0.20000000,0.30000000,0.33454420,0.00685737,0.00004000,-0.00415608,0.00196218,0.00009442,-0.00301773,0.00951120,-0.00199224,-0.00141457
2022-09-09,113.62770301,115.29487572,107.49755153,110.57693873,121.91932868,97.54801375,111.97522952,121.04692900,114.13389175,118.40194623,114.76260480,108.95780615,117.85822663,23.83821516,4.54073312,1.30839024,3.22390180,1.43795387,0.60000000,0.75000000,0.20000000,0.30000000,0.44793912,-0.02233069,0.00004000,-0.00174564,-0.00070287,-0.00262178,0.00405571,0.00396421,-0.00444134,-0.00233545
2022-09-12,113.09379856,114.36612142,106.99919063,109.86475621,121.49927418,96.86411711,111.54287722,120.58656729,113.68046913,117.50049655,114.29932114,108.30877311,116.97972254,23.30923565,5.18539280,1.33650046,3.28426820,1.49977532,0.60000000,0.75000000,0.20000000,0.30000000,0.50003386,-0.00474979,0.00004000,0.00217486,0.00838891,-0.00272134,0.00446397,0.00190766,0.00045511,0.00451911
2022-09-13,109.63573684,111.17738959,103.79175752,106.39855897,117.73452243,93.78203283,107.76756354,116.90407265,110.19932144,113.87417083,110.67059935,105.06801790,113.10553064,21.48387812,4.84570408,1.31389724,3.23553590,1.46732564,0.60000000,0.75000000,0.20000000,0.30000000,0.45572909,-0.03109416,0.00004000,0.00254325,-0.00113477,-0.00117058,-0.00096384,-0.00129859,0.00087158,-0.00082491
2022-09-14,111.36635567,112.97871123,105.16919043,108.22777727,119.75509999,95.24895041,110.02625358,118.70632267,111.96931361,115.95722470,112.52701777,106.96433702,114.79993291,23.25095893,4.78547959,1.37655411,3.31803488,1.51405796,0.60000000,0.75000000,0.20000000,0.30000000,0.45115556,0.01562188,0.00004000,0.00285232,0.00659965,0.00159896,0.00431223,-0.00216646,0.00544334,-0.00030841
2022-09-15,110.02361563,111.59527765,103.75860346,107.03528861,118.62530966,93.92624633,108.75840266,117.65308853,110.48148351,114.46625291,111.21796919,105.45687656,113.23072301,22.17214379,4.82250516,1.31472981,3.34057925,1.44670564,0.60000000,0.75000000,0.20000000,0.30000000,0.37029343,-0.01217024,0.00004000,-0.00316108,-0.00071284,-0.00007421,0.00213324,0.00737230,0.00023806,0.00072469
2022-09-16,108.43600308,110.01732848,102.26358023,105.33938901,116.46898605,92.56978665,107.30824763,116.04040521,108.93919333,112.80914438,109.79398844,103.78317070,111.57672266,22.48949574,4.74045367,1.34979969,3.22844112,1.43350598,0.60000000,0.75000000,0.20000000,0.30000000,0.34430363,-0.01457486,0.00004000,0.00520877,-0.00585619,-0.00239758,-0.00126119,-0.00737379,-0.00041594,-0.00161779
2022-09-19,108.78834744,110.43788339,102.45379444,105.83614173,117.08123628,93.04756346,107.68725995,116.81042592,109.16762116,113.07161030,110.24080820,104.25561727,111.96505526,20.42970840,4.76778589,1.26419449,3.22835119,1.50601808,0.60000000,0.75000000,0.20000000,0.30000000,0.35659144,0.00320406,0.00004000,0.00570577,-0.00431550,0.00048181,-0.00060478,0.00841594,-0.00503717,0.00128921
2022-09-20,111.96289770,113.63134054,105.07484544,108.95784600,120.48301093,95.78633386,110.72140223,120.32909887,112.40656909,116.29917741,113.02570690,107.66481468,115.12940328,23.68693876,4.67218151,1.33398776,3.38199475,1.53997542,0.60000000,0.75000000,0.20000000,0.30000000,0.46707552,0.02872332,0.00004000,-0.00146632,-0.00175337,0.00007324,-0.00401332,-0.00842426,-0.00185661,0.00186481
2022-09-21,112.10145816,113.85437011,105.12900344,109.52632805,120.75216785,95.53704354,111.10731425,120.33265468,112.74015417,116.43251473,112.96806410,107.45504577,115.42365564,24.11233825,4.99906089,1.30353708,3.29306841,1.55061109,0.60000000,0.75000000,0.20000000,0.30000000,0.41775286,0.00119679,0.00004000,0.00746293,0.00004997,-0.00127935,0.00122268,-0.00505907,0.00242064,0.00122093
2022-09-22,112.73661882,114.71547218,105.73948263,110.21965414,121.14597535,96.43551293,111.62411228,121.33036095,113.41666904,117.16518989,113.48006579,108.03101927,115.50039576,24.17050566,4.75776272,1.33252934,3.42961815,1.52473559,0.60000000,0.75000000,0.20000000,0.30000000,0.47434911,0.00560995,0.00004000,0.00238398,0.00486408,0.00103953,-0.00274836,0.00235456,-0.00420413,-0.00633139
2022-09-23,111.77868670,113.77437915,104.96827973,109.43378615,119.89004124,95.31477522,110.74221880,120.18987139,112.71359683,115.81501045,112.49241269,107.25720679,114.37769673,24.57847564,4.89493404,1.38208113,3.33457666,1.44145312,0.60000000,0.75000000,0.20000000,0.30000000,0.43510474,-0.00857339,0.00004000,-0.01470197,0.00424803,0.00107150,-0.00296384,-0.00810031,-0.00051579,-0.00247995
2022-09-26,110.80369927,113.23464004,104.35499221,108.78494866,118.65408472,94.38374420,109.70004836,118.81393387,111.67323265,114.81749822,111.20999840,106.21044533,113.42055091,24.32174187,4.59769815,1.33967536,3.29053553,1.57304905,0.60000000,0.75000000,0.20000000,0.30000000,0.45041590,-0.00880074,0.00004000,-0.00510131,-0.00005049,0.00353583,0.00303586,-0.00148234,0.00063992,0.00242985
2022-09-27,109.64032518,111.93326171,103.31014129,108.03487145,117.67404820,93.31820889,108.27878018,117.00332287,110.88274286,113.52017509,110.13329929,105.08493313,112.33726591,23.65300890,4.80038029,1.35532538,3.26691088,1.61460644,0.60000000,0.75000000,0.20000000,0.30000000,0.35063256,-0.01059492,0.00004000,-0.00318663,-0.00357907,0.00115145,-0.00050477,0.00361034,-0.00425965,0.00444909
2022-09-28,108.43391102,110.65789736,102.29603432,106.84667626,116.74701365,92.11856277,106.93429385,115.60291764,109.64313547,111.89186020,108.99878805,104.05302086,111.43738534,23.60114627,4.70646723,1.33709787,3.20726158,1.47855127,0.60000000,0.75000000,0.20000000,0.30000000,0.52151998,-0.01110436,0.00004000,-0.00942687,0.00490708,-0.00379349,0.00399071,-0.00317868,0.00928391,0.00475808
2022-09-29,110.22068258,112.67075232,104.17449108,108.55501127,118.16249829,93.63143254,108.36239876,117.45909878,111.51564123,113.77602131,110.69175954,105.76646600,113.16307205,22.67665883,4.68098608,1.32441655,3.27650684,1.50029497,0.60000000,0.75000000,0.20000000,0.30000000,0.43170419,0.01630369,0.00004000,0.01194659,-0.00160008,-0.00318792,0.00209980,-0.00981810,-0.00002074,-0.00053865
2022-09-30,110.36008594,113.28464850,104.29559782,108.28141322,118.30630385,93.75766206,108.67250928,117.67403071,111.41256517,113.94460392,110.88022486,105.97458779,113.53085603,21.57086304,4.62402198,1.43126873,3.20819387,1.46085485,0.60000000,0.75000000,0.20000000,0.30000000,0.38834922,0.00122397,0.00004000,-0.00815728,-0.00562868,-0.00170062,-0.00183765,0.00060503,-0.00424364,0.00106047
2022-10-03,109.76696648,112.89976454,103.74024116,107.94663288,117.83682883,93.31164754,107.93028597,117.05581334,110.58317581,113.64707143,110.24420004,105.19109979,113.23545384,19.55597567,4.96141577,1.32912264,3.26031845,1.49121550,0.60000000,0.75000000,0.20000000,0.30000000,0.42681161,-0.00542890,0.00004000,-0.00103344,0.00336458,0.00244108,0.00388966,-0.02179054,0.00243911,-0.00797804
2022-10-04,107.97658056,110.84961088,101.98872312,106.09005220,115.68733552,92.14672711,105.94072081,115.05760908,108.79903234,111.61655873,108.49818655,103.49787112,111.58293316,23.28012495,5.02572448,1.37562204,3.23545335,1.62117941,0.60000000,0.75000000,0.20000000,0.30000000,0.30793530,-0.01648528,0.00004000,-0.00484875,0.00694707,-0.00473204,0.00204350,0.00374117,-0.00315502,0.00000029
2022-10-05,106.81515701,109.65031762,100.95438014,105.09051825,114.80883757,91.12589062,104.30985480,114.03685601,107.38199735,110.39252923,107.20880924,102.18243132,110.72061908,21.45436285,4.93228326,1.34023809,3.34263285,1.42553321,0.60000000,0.75000000,0.20000000,0.30000000,0.45950815,-0.01085452,0.00004000,-0.00263928,0.00427928,0.00464235,0.00117599,0.00225917,0.00342803,-0.00128862
2022-10-06,105.96661522,109.10684882,100.02493652,104.59662099,114.45679385,90.74143554,103.44548572,113.08143728,106.44194662,109.58080007,106.33273163,101.46913853,109.94466167,25.25406494,4.49318985,1.32654919,3.29130018,1.54897599,0.60000000,0.75000000,0.20000000,0.30000000,0.47355430,-0.00801574,0.00004000,-0.00171457,0.00145448,0.00393156,-0.00159240,-0.00076066,-0.00083382,0.00530976
2022-10-07,103.35452621,106.37356670,97.47291130,102.40890216,111.66854642,88.66405842,100.88358987,110.08548306,103.83515236,106.59873463,103.49300394,98.54494630,107.28940318,23.01232903,4.91761823,1.33862641,3.30688089,1.52237655,0.60000000,0.75000000,0.20000000,0.30000000,0.36803746,-0.02499901,0.00004000,-0.00082789,0.00554724,-0.00417171,0.00154759,-0.01424987,-0.00281154,-0.00237605
2022-10-10,103.13702849,105.91037719,97.03546330,102.11474364,111.28126763,88.59739378,100.74579210,109.46583251,103.45568642,105.78738278,103.29953676,98.04285975,106.99801764,24.55987984,4.77163409,1.32229297,3.30781248,1.48686401,0.60000000,0.75000000,0.20000000,0.30000000,0.43602206,-0.00214660,0.00004000,-0.00080406,0.00421915,0.00472096,-0.00282082,-0.00367915,-0.00156945,0.00259275
2022-10-11,104.35833056,107.36374160,98.21357344,103.36383789,112.69940532,89.67818044,101.92821205,111.03662111,104.38179683,107.04553011,104.45092638,99.29905734,108.34117154,23.43664544,4.82273879,1.34569979,3.43668597,1.48161657,0.60000000,0.75000000,0.20000000,0.30000000,0.27627585,0.01173199,0.00004000,0.00036315,0.00402447,-0.00350013,-0.00379361,-0.00793089,-0.00470456,-0.00069264
2022-10-12,105.73914843,108.28413910,99.43649137,104.79651155,114.01549759,91.18754109,103.02643535,112.58992148,105.82712481,108.48914924,105.47849039,100.33764093,110.05170024,23.05636743,5.02126036,1.29010522,3.24684132,1.50371501,0.60000000,0.75000000,0.20000000,0.30000000,0.45548933,0.01310473,0.00004000,-0.00223259,0.00616462,0.00012925,-0.00262796,0.00863209,-0.00113770,-0.00007345
2022-10-13,106.70094490,109.33039909,100.41590372,105.59975998,115.06997474,91.78138365,103.88909911,113.42768128,106.97264376,109.53669727,106.39442027,101.00917655,111.60531987,22.80634632,4.72606363,1.39524004,3.28919563,1.46221128,0.60000000,0.75000000,0.20000000,0.30000000,0.32485385,0.00901482,0.00004000,-0.00266387,0.00176044,0.00258354,-0.00160155,0.00825777,0.00106086,-0.00065610
2022-10-14,105.90749262,108.37609378,99.64510421,104.67869114,114.34962263,90.97108101,103.23833006,112.82382710,106.09679726,108.81109054,105.43402568,100.75091419,110.71657523,20.70622132,4.55276575,1.31508104,3.17445672,1.46803880,0.60000000,0.75000000,0.20000000,0.30000000,0.30381016,-0.00750401,0.00004000,-0.00516183,-0.00382000,0.00422703,-0.00306187,0.00515815,0.00280148,0.00050969
2022-10-17,106.04799736,108.64373280,99.65358203,104.79315450,114.99543870,90.98295233,103.36728064,112.93980041,106.28696336,109.13247578,105.44043985,100.92654432,110.86521719,21.25043485,4.69906387,1.30865043,3.19029702,1.58446404,0.60000000,0.75000000,0.20000000,0.30000000,0.52747958,0.00128579,0.00004000,-0.00257340,0.00451806,-0.00126466,-0.00046143,-0.00061765,-0.00088486,0.00090973
2022-10-18,105.84764125,108.35552176,99.49559746,104.25651962,114.94359179,91.32736540,103.04280656,113.10219485,106.26734110,108.92603683,105.10466551,100.79859930,110.70335249,23.51238092,4.76782508,1.34753809,3.23913243,1.51903533,0.60000000,0.75000000,0.20000000,0.30000000,0.44543399,-0.00193108,0.00004000,-0.00688907,0.00710516,0.00099217,-0.00443311,-0.00298178,0.00410282,0.00123883
2022-10-19,107.36571159,109.76368504,100.90948258,105.71866299,116.62594515,92.74761694,103.91893486,114.91481759,107.47341009,110.57427802,106.65965615,102.35121104,112.43151099,22.33631433,4.65063797,1.33890719,3.28442063,1.47541658,0.60000000,0.75000000,0.20000000,0.30000000,0.38612923,0.01420016,0.00004000,0.00135566,-0.00219391,-0.00580066,0.00148714,-0.00046070,-0.00522581,0.00332293
2022-10-20,106.79934424,109.69943931,100.48006400,105.28241900,116.16394372,92.10892853,103.48064267,114.13288652,107.20999360,109.85509419,105.95877208,102.01006194,111.63388306,19.96814990,4.74856518,1.28959673,3.29827066,1.54936118,0.60000000,0.75000000,0.20000000,0.30000000,0.39530741,-0.00532909,0.00004000,-0.00525930,0.00140098,-0.00345631,0.00624018,0.00886630,0.00381402,-0.00086031
2022-10-21,106.39428748,109.24662791,100.08524911,104.77215097,115.64814224,91.94378755,103.00663505,113.81547596,107.05773608,109.31758756,105.36666491,101.53698703,111.43251129,22.89429959,4.59872353,1.35544069,3.33024041,1.45107618,0.60000000,0.75000000,0.20000000,0.30000000,0.53902063,-0.00383990,0.00004000,0.00211552,0.00072859,-0.00344301,-0.00115976,0.00356376,-0.00048995,0.00068030
2022-10-24,105.18857129,108.15105211,98.86006472,103.47145569,114.76952501,90.70412040,102.07624781,112.59734051,106.08740835,107.95404706,104.24821395,100.48739762,110.10718881,23.03825837,4.86707388,1.32815509,3.20902780,1.50943603,0.60000000,0.75000000,0.20000000,0.30000000,0.52627747,-0.01143723,0.00004000,0.00239219,-0.00291183,-0.00222075,0.00497013,0.00122538,0.00179736,0.00168139
2022-10-25,107.21299347,110.22571014,100.94166429,105.28492794,116.85446550,92.57172326,103.91651567,114.84617099,108.29064309,110.21302844,106.50413983,102.24261415,112.35829490,20.87214403,5.01801214,1.35244208,3.57952943,1.49474251,0.60000000,0.75000000,0.20000000,0.30000000,0.41765838,0.01902279,0.00004000,-0.00648261,-0.01156791,-0.00583741,0.00065737,-0.00201094,0.00015045,0.00765430
2022-10-26,109.31360547,112.42614453,102.77182275,107.29023910,119.08473577,94.26494480,106.15574669,116.62973657,110.65736289,112.70477734,108.37676198,104.48464083,114.72114533,23.22390463,5.02053140,1.30983125,3.17839494,1.49488153,0.60000000,0.75000000,0.20000000,0.30000000,0.36376434,0.01936342,0.00004000,-0.00299066,-0.00225733,0.00159038,-0.00199199,0.00748302,-0.00141396,0.00359843
2022-10-27,110.65887785,113.90326967,104.04208039,108.81666947,120.63744643,95.82157325,107.33254751,118.05484036,112.31341027,114.13872271,109.89825130,105.90089402,116.26453086,23.14331320,4.67107811,1.30709800,3.31892033,1.48621281,0.60000000,0.75000000,0.20000000,0.30000000,0.33792377,0.01219143,0.00004000,-0.00408533,-0.00299876,0.00564050,0.00163834,0.00648850,0.00097307,0.00041410
2022-10-28,109.73060308,113.27950726,103.23361924,108.04302361,119.73157691,95.24522635,106.64718537,117.10394862,111.29430406,112.88629433,109.33868805,105.12271771,115.22530959,24.45807201,4.52337794,1.29540245,3.28766891,1.54575580,0.60000000,0.75000000,0.20000000,0.30000000,0.47407002,-0.00846400,0.00004000,-0.00248683,-0.00457919,-0.00644340,0.00023282,-0.00402275,0.00168882,-0.00372281
2022-10-31,111.60231997,115.24043191,105.22135690,110.00705781,121.57850337,96.44808735,108.85254813,119.21216099,113.42832422,114.33494687,111.01536216,107.20313181,117.13276960,21.90170371,4.86237031,1.32898799,3.31861017,1.51607433,0.60000000,0.75000000,0.20000000,0.30000000,0.52293687,0.01687354,0.00004000,0.00138798,-0.00761491,0.00392964,0.00421267,-0.00996448,-0.00173411,0.00130011
2022-11-01,111.12976492,114.81453492,104.78432564,109.85017636,120.99457353,96.09052541,108.53751052,118.90963014,112.88196307,113.87968136,110.32890077,106.27990222,116.72027843,22.96708055,4.97979836,1.41021580,3.36668981,1.49133039,0.60000000,0.75000000,0.20000000,0.30000000,0.39566335,-0.00428327,0.00004000,-0.00475689,0.00931611,0.00046931,-0.00003909,-0.00128634,0.00446440,0.00576657
2022-11-02,111.72653886,115.87050442,105.18145790,110.37116776,121.85761528,96.48184813,109.20821748,119.45252575,113.14927147,114.52394377,110.84168510,106.83326641,117.41357021,23.13442977,4.55598789,1.39095276,3.18146070,1.45046888,0.60000000,0.75000000,0.20000000,0.30000000,0.34363356,0.00531570,0.00004000,0.00456527,0.00028491,0.00018604,0.00104574,-0.00554045,-0.00316091,0.00046265
2022-11-03,113.50821846,118.13703522,106.78289875,112.19039764,123.78159006,97.78714326,110.84527566,121.48285445,114.96298476,116.56552228,113.06582183,108.16214735,119.47791097,22.78004467,4.90505172,1.37284292,3.34510598,1.44248266,0.60000000,0.75000000,0.20000000,0.30000000,0.48683271,0.01578098,0.00004000,0.00293526,0.00374190,0.00357314,0.00444076,0.00910925,-0.00489465,0.00047397
2022-11-04,110.49621314,114.96953716,103.64983156,109.16475652,120.35830700,94.89652360,107.62603572,117.87232551,111.81075432,113.73746712,110.10438283,105.26642371,116.20876948,22.05494913,4.80075956,1.38487415,3.36720178,1.54132491,0.60000000,0.75000000,0.20000000,0.30000000,0.43097772,-0.02693399,0.00004000,0.00042088,-0.00002435,-0.00594543,0.00213282,-0.00816394,0.00198103,-0.00449457
2022-11-07,108.25171162,112.97202918,101.72615467,106.86447513,118.03264225,92.87629004,105.36482783,115.61491938,109.28366095,111.14080102,107.92582554,103.07250609,114.20449211,25.25905372,4.60975367,1.32008877,3.25710801,1.41166721,0.60000000,0.75000000,0.20000000,0.30000000,0.33938696,-0.02056207,0.00004000,0.00388030,-0.00543474,0.00285012,-0.00713216,0.00525437,-0.00489891,-0.00102954
2022-11-08,109.03403871,113.89006101,102.91701742,108.16885040,119.19037549,93.48660758,106.00330242,116.81203979,109.99665426,111.63451452,109.05089030,103.88023992,114.87037668,22.93544953,4.63879467,1.38619755,3.16249871,1.56208855,0.60000000,0.75000000,0.20000000,0.30000000,0.53837273,0.00716094,0.00004000,-0.00548401,-0.00684831,0.00316053,0.00218824,0.00454739,0.00187987,0.00123484
2022-11-09,107.75930641,112.43664361,101.42852507,106.77559555,117.57380771,92.34664260,104.56489281,115.59820582,108.86111094,110.39551443,108.00418018,102.52688609,113.35080925,22.40702816,4.90752008,1.41713015,3.18612884,1.45854436,0.60000000,0.75000000,0.20000000,0.30000000,0.38822511,-0.01180002,0.00004000,-0.00549164,0.00132792,0.00409493,-0.00343741,-0.00359848,-0.00159470,0.00306384
2022-11-10,106.48775365,111.07314632,100.27701932,105.44162867,116.09438264,91.06353767,103.28719508,114.34264591,107.47848223,109.18561932,106.30671220,101.07683296,111.95386220,22.17363783,4.75046382,1.33392261,3.42855915,1.44874348,0.60000000,0.75000000,0.20000000,0.30000000,0.45246142,-0.01191011,0.00004000,-0.00538736,-0.00239044,-0.00332906,0.00587388,0.00339788,-0.00064881,-0.00220050
2022-11-11,106.64785939,111.55186441,100.41884832,105.62188545,116.46526060,90.96879810,103.49069075,114.46539571,107.71739464,109.65758399,106.21091716,101.02549859,111.96955522,24.68819620,4.88867940,1.33357291,3.29264134,1.44963510,0.60000000,0.75000000,0.20000000,0.30000000,0.45548729,0.00146238,0.00004000,-0.00330083,-0.00207386,0.00118773,-0.00135679,-0.00905580,-0.00551541,-0.00197671
2022-11-14,108.02161262,112.97741872,102.29269172,106.90367700,117.73267716,92.06491422,104.96623121,115.81215612,108.95473073,110.88600829,107.40757055,102.27237146,113.25390330,22.07897031,4.82588275,1.28914662,3.53396592,1.51354408,0.60000000,0.75000000,0.20000000,0.30000000,0.51596592,0.01275895,0.00004000,0.00483508,-0.00470322,0.00208671,-0.00394762,-0.00582989,-0.00866779,0.00181394
2022-11-15,106.72556990,111.70482649,100.88314656,105.59021000,116.26612696,90.68259735,103.97688355,114.09715063,107.70880397,109.62327847,106.06591389,101.44576156,112.06269009,23.31378964,4.94591424,1.35044643,3.35362339,1.50088284,0.60000000,0.75000000,0.20000000,0.30000000,0.44656629,-0.01211055,0.00004000,-0.00017441,0.00166865,-0.00293366,0.00390725,0.00918909,-0.00233099,0.00416584
2022-11-16,106.67140109,111.82435749,100.87830140,105.57883567,116.34523816,90.75289409,104.02170793,114.50602208,107.76793435,109.55294233,105.90275487,101.40086628,112.30162656,23.16479290,4.64902323,1.22994424,3.19790911,1.56726723,0.60000000,0.75000000,0.20000000,0.30000000,0.28739165,-0.00054768,0.00004000,-0.00638134,-0.00622597,-0.00395625,0.00107165,0.00743454,0.00423151,-0.00025298
2022-11-17,106.73862593,112.08546854,101.03466117,105.50754910,116.42942188,90.87161718,104.03387004,114.89677660,107.75828173,109.39860137,105.67484452,101.55994927,112.30721725,23.21978769,4.82669690,1.29984747,3.41289870,1.52480832,0.60000000,0.75000000,0.20000000,0.30000000,0.52716882,0.00059001,0.00004000,-0.00774850,0.00459388,-0.00211618,0.00142873,-0.00809960,0.00620243,-0.00062891
2022-11-18,108.21448749,113.24420949,102.34343578,107.37470432,117.97809629,92.44493321,105.47772341,116.78554809,109.40770752,110.81407553,107.42857194,103.21603303,114.51097860,26.34183113,4.88603576,1.35173583,3.26569472,1.59459535,0.60000000,0.75000000,0.20000000,0.30000000,0.51432963,0.01369216,0.00004000,-0.00642013,0.00541052,-0.00293975,0.00436151,-0.00281647,0.00882897,-0.00051036
2022-11-21,108.96992469,114.13334479,102.98581043,107.96341560,119.06836731,92.86098807,106.37196893,117.39565606,110.08504487,111.81091105,108.22636863,103.68029488,115.63627506,23.31977021,4.93900138,1.34582182,3.36582718,1.43774593,0.60000000,0.75000000,0.20000000,0.30000000,0.33736099,0.00691667,0.00004000,-0.00719905,-0.00279618,0.00383619,0.00582285,0.00507918,0.00695484,-0.00218043
2022-11-22,106.08806702,110.54249314,100.41916028,105.06592578,115.95864953,90.28010715,103.58404058,114.46957422,107.08251756,109.04915117,105.72524595,100.97803138,112.50399503,22.27234886,4.64830218,1.40299171,3.34946904,1.46471097,0.60000000,0.75000000,0.20000000,0.30000000,0.34027149,-0.02684235,0.00004000,0.00030432,0.00930257,-0.00245568,-0.00290496,-0.00170741,0.00330816,-0.00503345
2022-11-23,105.11781085,109.23479975,99.62540000,104.00376289,114.64560686,89.68115539,102.67756629,113.33192285,105.95245095,108.01754231,104.58373110,99.92797380,111.15529587,24.38953810,4.62585490,1.26031853,3.42619397,1.60661183,0.60000000,0.75000000,0.20000000,0.30000000,0.51624282,-0.00922784,0.00004000,0.00448969,0.00749517,-0.01003720,-0.00013451,0.00394458,-0.00178179,0.00467461
2022-11-24,107.40780528,111.51030447,101.43151228,106.11665404,117.28366807,91.51599725,104.82386986,116.23386333,108.15707615,110.36466187,106.94785360,102.03901561,113.57380300,23.12607625,4.89361945,1.40422690,3.29703089,1.48320220,0.60000000,0.75000000,0.20000000,0.30000000,0.39765153,0.02151113,0.00004000,-0.00078348,-0.00028042,-0.00319855,-0.00366278,0.00035341,-0.00288116,-0.00104100
2022-11-25,106.99707097,111.20313056,101.04161361,105.83671909,117.07303232,91.24415424,104.31322359,115.69648426,107.66851413,110.16024969,106.27761305,101.07690779,113.10655965,24.32237457,4.72805403,1.40331058,3.28808785,1.55487710,0.60000000,0.75000000,0.20000000,0.30000000,0.23965079,-0.00387139,0.00004000,0.00412825,0.00171637,-0.00448222,-0.00317289,0.00503242,-0.00292479,0.00266406
2022-11-28,107.00190802,110.91275555,101.23277112,106.06740548,117.28461140,90.94196492,104.47419550,115.69104804,107.72358504,110.42891096,106.25373001,101.06910258,112.95401606,23.04728487,4.71992926,1.35841589,3.47210706,1.57701250,0.60000000,0.75000000,0.20000000,0.30000000,0.39119400,0.00000521,0.00004000,-0.00713986,0.00229978,0.00060184,0.00378000,0.00016795,0.00679318,0.00120380
2022-11-29,104.99725794,109.00584749,99.63855549,104.06823172,115.01947776,89.11406160,102.93041427,114.09827665,105.59946377,108.24702397,104.21481272,98.95378385,110.87974567,23.04620921,4.84966719,1.36005831,3.22664576,1.54440960,0.60000000,0.75000000,0.20000000,0.30000000,0.37953702,-0.01895243,0.00004000,0.00841158,-0.00035943,0.00185601,0.00442866,0.00634315,0.00144055,-0.00134179
2022-11-30,107.13865408,111.36591098,101.86533423,106.08545980,117.26056874,91.06317466,105.10184068,116.64162016,107.66241024,110.63994918,106.33287235,100.86170114,113.39700857,22.84301082,4.82548175,1.27719727,3.33810981,1.47495854,0.60000000,0.75000000,0.20000000,0.30000000,0.34501479,0.02014959,0.00004000,0.00540777,0.01294996,-0.00351618,0.00048307,-0.00400726,-0.00474453,-0.00066534
2022-12-01,107.02919228,111.36051953,101.65568724,105.98518271,117.16571113,91.03742540,104.90933872,116.33931421,107.22396842,110.76978667,106.25864229,100.53173587,112.68976174,22.37061855,4.66540950,1.38931283,3.34172090,1.60560865,0.60000000,0.75000000,0.20000000,0.30000000,0.47757339,-0.00106221,0.00004000,0.00667010,0.00449813,0.00520397,-0.00247002,-0.00000351,-0.00173399,-0.00165682
2022-12-02,107.84299014,112.05092747,102.25165319,106.81890220,118.29606055,91.93165468,105.88837629,117.43470804,107.82450961,111.82030121,107.27130903,100.98576300,113.63382570,23.01382082,4.67131477,1.31874632,3.32633105,1.43736356,0.60000000,0.75000000,0.20000000,0.30000000,0.27401872,0.00753475,0.00004000,-0.01135127,0.00240393,-0.00606796,0.00122878,-0.00451946,0.00646204,0.00583749
2022-12-05,107.56615295,111.71767573,101.92622113,106.08592131,117.84039111,91.63512717,105.72484677,117.55140405,107.60970118,111.63773724,107.02233260,100.59475088,113.12000904,25.09546784,4.79523185,1.38817174,3.26544064,1.43274435,0.60000000,0.75000000,0.20000000,0.30000000,0.49138536,-0.00261034,0.00004000,0.00688411,-0.00507742,0.00462237,0.00091749,0.00020207,0.00658935,-0.00301492
2022-12-06,107.73142969,112.32787009,102.07563235,106.54599847,118.11201744,92.25734169,105.93161494,117.87400870,107.92579184,111.92585439,107.31905180,100.95277376,113.08291528,24.49358608,4.73055883,1.29599592,3.22854886,1.47714887,0.60000000,0.75000000,0.20000000,0.30000000,0.32094703,0.00149533,0.00004000,-0.01613186,-0.00012288,0.00087684,0.00561713,-0.00302201,0.00549460,-0.00164643
2022-12-07,109.53464700,114.26133494,103.95057143,108.54611246,119.72866571,93.91379525,107.61539610,120.25824411,109.78884740,113.97793749,109.10384613,102.80986348,115.03517456,23.67512963,4.86207509,1.31736635,3.19638256,1.51779053,0.60000000,0.75000000,0.20000000,0.30000000,0.42492607,0.01655954,0.00004000,0.00576986,0.00568076,0.00178163,-0.00219155,-0.00376513,-0.00155027,-0.00460990
2022-12-08,110.17800493,114.84685120,104.39127093,109.41166415,120.41578164,94.65540406,108.36583264,121.04969140,110.50640782,114.72221862,109.44502363,103.30213558,115.51205866,22.95812036,4.79558848,1.42329625,3.32605733,1.42628915,0.60000000,0.75000000,0.20000000,0.30000000,0.45742159,0.00581637,0.00004000,-0.00873048,0.00114175,-0.00172281,0.00579915,-0.00879243,-0.00262045,0.00410599
2022-12-09,112.11331122,117.34482038,106.07369341,111.34831683,122.62084683,96.16377220,110.39096708,123.40005891,112.28257357,116.10148389,111.29148062,105.34787187,117.36118254,22.87961732,4.67609655,1.36009003,3.42921120,1.47561250,0.60000000,0.75000000,0.20000000,0.30000000,0.36595582,0.01737278,0.00004000,-0.00351051,0.00515920,-0.00328421,0.00384435,-0.00843340,-0.00276611,0.00011015
2022-12-12,112.88832608,117.83668934,106.94644891,112.19187248,123.45085517,96.71742731,111.22618000,124.12229358,112.84177160,116.69588372,112.50325499,106.10637504,118.13403113,24.00573228,4.89198251,1.35395209,3.45979779,1.53382627,0.60000000,0.75000000,0.20000000,0.30000000,0.50678974,0.00684900,0.00004000,-0.00971728,-0.01049480,0.00479808,-0.00077172,-0.00205197,0.00191243,-0.00174859
2022-12-13,112.78520177,117.84960804,106.69502885,112.26596986,123.12399115,96.82159358,111.17881201,123.99487277,113.16776030,116.42234147,112.17977665,105.93053001,117.97270999,25.53760717,4.81606121,1.32263194,3.26381390,1.53915667,0.60000000,0.75000000,0.20000000,0.30000000,0.50287431,-0.00095392,0.00004000,-0.00969602,-0.00094387,0.00291660,0.00013893,-0.00746091,0.00172220,0.00390998
2022-12-14,112.80828857,117.66521529,106.50655560,112.08879551,123.54660617,96.77776892,110.78333740,123.86612386,113.19007160,116.60385068,112.22504800,105.99077450,117.84322962,23.16488172,4.67855605,1.36075221,3.36999645,1.53137926,0.60000000,0.75000000,0.20000000,0.30000000,0.29207009,0.00016468,0.00004000,0.00764554,0.00267139,-0.00562566,-0.00622219,0.00594311,-0.00237110,-0.00114477
2022-12-15,109.67940888,114.73177659,103.66495958,109.19660394,120.03672994,94.20436989,107.65866691,120.39898659,110.06115917,113.62169642,109.33519199,103.09996165,114.93527363,23.56196350,4.75178624,1.34358607,3.30215593,1.53816712,0.60000000,0.75000000,0.20000000,0.30000000,0.41018194,-0.02816817,0.00004000,-0.00147811,-0.00165913,0.00356416,-0.00193220,-0.00076826,-0.00344015,0.00197689
2022-12-16,109.29253053,114.64652264,103.14582174,108.96126948,119.73802846,94.23949275,107.20633561,119.80053734,109.55563767,113.41950762,109.11686905,102.62223362,114.48699293,24.20340968,4.87207355,1.36560890,3.37010542,1.45810431,0.60000000,0.75000000,0.20000000,0.30000000,0.36319085,-0.00357359,0.00004000,0.01201507,0.00049633,-0.00332612,-0.00500877,-0.00876968,0.00113215,-0.00182003
2022-12-19,109.04314959,114.71606128,102.63086485,108.79979576,119.32373969,94.16770602,107.31162929,119.77160783,109.53828032,112.98135406,108.86443144,102.63076246,113.97782954,24.16388534,4.67455502,1.33598326,3.32989362,1.52540171,0.60000000,0.75000000,0.20000000,0.30000000,0.21655690,-0.00232438,0.00004000,-0.00749707,-0.00181528,-0.00069119,0.00150904,0.00544393,0.00348355,-0.00121526
2022-12-20,108.84240113,114.47170271,102.29784548,108.31838867,119.19278181,93.94365304,106.66998641,119.94271941,109.34447131,112.70009914,108.56389829,102.20494169,114.06867050,23.46040224,5.13471571,1.37088098,3.43155447,1.50905405,0.60000000,0.75000000,0.20000000,0.30000000,0.47837045,-0.00188270,0.00004000,0.00038615,-0.00862080,0.00074356,0.00131505,0.01047494,0.00384828,-0.00573952
2022-12-21,107.73024415,113.22195241,101.25340708,107.37868431,117.83084185,92.88526348,105.56380244,119.01650935,108.56528302,111.96565891,107.42481749,101.34193323,113.03122097,22.58828992,4.77662042,1.38201151,3.29613520,1.59825451,0.60000000,0.75000000,0.20000000,0.30000000,0.38833694,-0.01031061,0.00004000,-0.00883991,0.01327244,0.00146704,0.00260096,0.00350395,0.00360618,-0.00298950
2022-12-22,106.27142403,111.51019846,100.03596627,105.65731163,116.14214748,91.34362872,104.32733012,117.18340893,107.02875706,110.08256800,106.17112958,99.94689707,111.24637939,21.41080053,4.94390741,1.28716149,3.26982871,1.61261714,0.60000000,0.75000000,0.20000000,0.30000000,0.37360606,-0.01367394,0.00004000,-0.00199420,0.01347767,-0.00371012,0.00374930,0.00158432,0.00229331,0.00477528
2022-12-23,105.97102677,111.22205515,99.91106349,105.24582980,116.36513612,90.96359858,104.12255451,116.47616263,106.68738926,109.55100025,105.64807819,99.61389550,110.80962054,24.08224094,4.90683246,1.34601762,3.30452735,1.51271026,0.60000000,0.75000000,0.20000000,0.30000000,0.35337479,-0.00287070,0.00004000,-0.00248088,0.01332248,-0.00801531,0.00103032,-0.00536547,0.00420966,-0.00077983
2022-12-26,104.16267537,109.19341081,98.77821559,103.42425522,114.45038991,89.30505292,102.32832197,114.50745832,104.56283579,108.01374008,104.16605044,97.98249615,109.30220139,24.49242790,4.79041844,1.36195389,3.59017673,1.55080379,0.60000000,0.75000000,0.20000000,0.30000000,0.42073865,-0.01725186,0.00004000,0.00082732,0.00030698,-0.00218645,-0.00381395,0.00637280,-0.00433381,-0.00276571
2022-12-27,105.02626709,110.15398771,99.89973895,104.28975299,115.33602133,89.96628359,103.06635998,115.75280639,105.43461398,108.95593932,104.84681480,98.55346344,109.90140419,24.41658635,4.75129597,1.37403160,3.26641566,1.56280929,0.60000000,0.75000000,0.20000000,0.30000000,0.51252039,0.00821662,0.00004000,0.00892830,-0.00183878,0.00157284,-0.00226815,0.00010963,0.00071142,-0.00074455
2022-12-28,104.52663743,109.26006204,99.86472621,103.64412666,115.05206422,89.71933350,101.97198687,115.26053071,104.58604863,107.95951138,104.39443513,98.20079197,109.47755241,21.65778053,4.88245474,1.26851474,3.29245405,1.49091127,0.60000000,0.75000000,0.20000000,0.30000000,0.33978107,-0.00480854,0.00004000,0.00629182,0.00041613,-0.00045445,0.00025020,0.00661494,-0.00845611,0.00523056
2022-12-29,105.28359610,110.23203442,100.32239355,103.84974479,115.98980972,90.70327376,102.60003153,115.98476991,105.52636999,108.57500184,105.35374766,99.25383724,109.94372150,25.14579931,4.69015187,1.35805685,3.40965693,1.44568373,0.60000000,0.75000000,0.20000000,0.30000000,0.42539527,0.00717568,0.00004000,-0.00422534,0.00128738,0.00424002,-0.00494963,0.00301822,-0.00421660,0.00057095
2022-12-30,105.60473204,110.74544945,100.28322564,104.18575823,115.99442651,90.81626052,102.91334416,116.17194025,105.80337931,108.86079438,105.83455519,99.58772726,110.66037509,22.36506018,4.90362063,1.30966904,3.39528371,1.42984128,0.60000000,0.75000000,0.20000000,0.30000000,0.52978216,0.00300556,0.00004000,0.00986064,0.01082169,-0.00000060,0.00655093,0.00624912,0.00771046,0.00382358
2023-01-02,105.67686972,110.73448900,100.43463840,103.92043354,116.57189776,91.07432053,102.69026637,116.18941559,105.88621092,109.08454659,106.07397744,99.33513321,110.37131212,22.53076041,4.84515289,1.32904679,3.38116270,1.38998680,0.60000000,0.75000000,0.20000000,0.30000000,0.43126148,0.00064286,0.00004000,-0.00031404,-0.00270682,0.00367028,-0.00201803,0.00195664,0.00168623,-0.00198206
2023-01-03,105.90264675,111.10699735,100.58016721,103.96203051,117.26253161,91.41602932,103.17448001,116.43490261,106.15385431,109.32330607,106.04676720,99.44316445,110.43885837,22.14629709,4.73749724,1.37612693,3.32566591,1.48793847,0.60000000,0.75000000,0.20000000,0.30000000,0.39028502,0.00209421,0.00004000,-0.00867422,0.00045067,-0.00869510,-0.00374774,-0.00273511,-0.00437606,-0.00041298
2023-01-04,106.27660815,111.89033077,101.06248715,104.48034794,117.56150722,91.97189354,103.50949999,116.60579809,106.46215731,110.20687968,106.39174977,99.74662927,110.63916475,21.60138297,5.16485780,1.40625735,3.19337888,1.53545439,0.60000000,0.75000000,0.20000000,0.30000000,0.27455201,0.00348496,0.00004000,-0.00133136,-0.01423662,-0.00507768,0.00155555,-0.00058510,-0.00149285,-0.00028016
2023-01-05,105.34449257,110.71469676,100.23928644,103.52949230,116.61214780,91.09881195,102.72747330,115.53372097,106.01025687,109.37175974,105.35662452,98.80209356,109.71678794,22.21415558,4.76734938,1.30150349,3.24398437,1.52564052,0.60000000,0.75000000,0.20000000,0.30000000,0.43548459,-0.00884934,0.00004000,-0.00397580,-0.00695102,0.00410648,0.00222773,-0.00712231,0.00346068,-0.00015274
2023-01-06,102.41650489,107.55850295,97.54804764,100.71867851,113.39404446,88.45871247,99.87872384,112.30318822,103.11662836,106.37274057,102.33537228,96.14340620,106.68249623,25.26145078,4.62102376,1.32053870,3.44058126,1.51670727,0.60000000,0.75000000,0.20000000,0.30000000,0.36664590,-0.02822798,0.00004000,-0.01609553,-0.00226275,0.00017997,-0.00116490,0.00334887,0.00703125,-0.00030059
2023-01-09,102.89805569,108.29963476,98.13203832,101.35814464,113.73142417,88.91511390,100.61602988,112.65927362,103.51323249,107.14173726,102.96147326,96.42492961,107.17236584,22.16003204,4.76055125,1.37212316,3.23407508,1.43527107,0.60000000,0.75000000,0.20000000,0.30000000,0.47976080,0.00465087,0.00004000,0.00221891,0.00423361,0.00317343,0.00804825,0.00999925,-0.00354774,0.00154926
2023-01-10,103.30178090,108.54095955,98.64198920,101.56779939,113.89761365,89.34575595,101.03947057,113.28883305,103.35054181,107.52033574,103.48437972,97.10336667,107.74601617,23.24179498,4.63960318,1.35484206,3.32677546,1.45901982,0.60000000,0.75000000,0.20000000,0.30000000,0.49281392,0.00387587,0.00004000,-0.00303241,-0.00380019,-0.00120421,0.00213315,0.00239694,0.00346782,-0.00266887
2023-01-11,102.52495705,107.71526977,97.74411627,100.63709164,113.30483383,89.02312724,99.91331263,112.36426390,102.62415604,106.93450703,102.68562472,96.20990915,106.86212282,22.61682691,4.99797659,1.38377061,3.44069854,1.46582984,0.60000000,0.75000000,0.20000000,0.30000000,0.47109183,-0.00758836,0.00004000,0.00156366,0.00168564,-0.00315486,0.00384828,0.00004825,0.00181959,0.00046325
2023-01-12,104.96656607,110.37087104,99.97111799,103.08729881,115.95149121,90.79372062,102.02866662,114.93082077,105.29520733,109.78498015,105.06996810,98.60980846,109.27006727,23.39304380,4.73660592,1.30377003,3.14321488,1.58588215,0.60000000,0.75000000,0.20000000,0.30000000,0.40695848,0.02349563,0.00004000,-0.00362549,-0.00157184,-0.00380220,-0.00378916,-0.00013410,0.00045074,-0.00315432
2023-01-13,103.25728414,108.37121436,98.10248582,101.28885197,114.00708467,89.39170854,100.61985250,112.96392930,103.34447164,107.87726626,103.28232372,96.52260278,107.64015504,22.54998567,4.97594618,1.36832306,3.28559549,1.54656767,0.60000000,0.75000000,0.20000000,0.30000000,0.43721328,-0.01645810,0.00004000,-0.00116064,-0.00066254,-0.00391838,-0.00014071,-0.00277611,-0.00661508,-0.00276202
2023-01-16,104.07106374,108.92117043,99.06332198,102.06618512,114.84658780,89.91093691,101.70019188,113.65749759,104.17034893,108.50701565,103.97230710,97.43821477,108.66054782,23.08043062,4.55779125,1.34868979,3.39130979,1.51266806,0.60000000,0.75000000,0.20000000,0.30000000,0.36909845,0.00781019,0.00004000,-0.00765119,0.00029734,-0.00573356,-0.00150925,0.00257162,-0.00548093,0.00228085
2023-01-17,103.44225428,108.39510834,98.47502260,101.25843460,113.84336070,89.54703440,100.97895589,113.05066495,103.68340030,107.78796617,103.45621570,97.07936469,107.77752072,23.29151013,4.80969011,1.32254101,3.13699123,1.47830065,0.60000000,0.75000000,0.20000000,0.30000000,0.30832454,-0.00610044,0.00004000,-0.00476433,0.00192407,0.00167351,-0.00238008,-0.00551128,0.00183770,-0.00258474
2023-01-18,102.96612599,108.20357914,98.18233607,100.38241066,113.52911138,88.94088800,100.27056193,112.51394690,103.40839774,107.16087297,102.71983955,96.65389309,107.17911030,22.73032410,5.11668692,1.42046638,3.25873373,1.54990267,0.60000000,0.75000000,0.20000000,0.30000000,0.36422858,-0.00465347,0.00004000,-0.01246735,-0.00201292,-0.00207728,-0.00168065,-0.00205614,0.00118918,-0.00365999
2023-01-19,103.89604767,109.07952401,99.07103753,101.12272305,114.39855910,89.62043415,101.30918510,113.22739710,104.02066838,107.99419115,103.83604737,97.98704266,108.05580095,21.58332413,4.93448911,1.31201402,3.41349110,1.49231598,0.60000000,0.75000000,0.20000000,0.30000000,0.44805840,0.00895080,0.00004000,-0.00344145,-0.00567050,-0.00151126,-0.00073967,0.01489986,-0.00046358,-0.00079997
2023-01-20,103.96827709,108.78145063,98.88371090,101.24046869,114.28730169,89.48604710,101.48728087,113.36120553,103.88215885,108.12819181,103.60611065,97.96477068,108.49590997,23.35846825,4.77518750,1.44853718,3.33652855,1.53325293,0.60000000,0.75000000,0.20000000,0.30000000,0.43094637,0.00065497,0.00004000,-0.00672338,0.00408047,-0.00166633,-0.00067143,0.00948632,0.00013717,-0.00530971
2023-01-23,103.30055055,108.04860142,98.04628698,100.62596887,113.45300769,88.96856347,101.14055802,112.67412076,103.47045241,107.41587027,102.59710105,97.40548391,107.81514371,23.83164234,4.66657508,1.41979434,3.26663999,1.53799234,0.60000000,0.75000000,0.20000000,0.30000000,0.35158436,-0.00648312,0.00004000,-0.00127461,0.00143263,0.00463702,0.00249828,0.00124374,-0.00034410,0.00019938
2023-01-24,100.20777458,104.90330322,94.99592603,97.48597521,109.90528629,86.45026922,98.43626781,108.96861999,100.16198177,104.49929845,99.69843206,94.58773489,104.33789875,21.61588131,4.33129612,1.34206576,3.25536314,1.52074822,0.60000000,0.75000000,0.20000000,0.30000000,0.53716936,-0.03043693,0.00004000,0.00441799,-0.00223805,-0.00011245,0.00578279,0.01648568,-0.00152937,0.00206617
2023-01-25,98.21352380,102.83532153,93.07676403,95.43678522,107.43515969,84.71470131,96.22726402,106.76153354,98.11399900,102.48322883,97.92865120,92.41238928,102.19891296,21.74472702,4.86873823,1.30961044,3.35560625,1.50695845,0.60000000,0.75000000,0.20000000,0.30000000,0.47632186,-0.02014185,0.00004000,0.00844962,-0.00288251,0.00437399,-0.00451770,0.00781777,-0.00434956,0.00436532
2023-01-26,100.68800225,105.28995597,95.44171709,98.02525047,110.20399896,86.73362528,98.96429736,109.80036669,100.72278310,105.16603849,100.36749868,94.57217632,104.39869748,22.01794401,4.72223620,1.31202461,3.42323716,1.53010262,0.60000000,0.75000000,0.20000000,0.30000000,0.34241436,0.02484273,0.00004000,-0.00329400,-0.00279894,0.00575303,0.00180588,-0.00500421,0.00076968,-0.00377698
2023-01-27,98.89754550,103.55072373,93.84369819,96.44104327,108.52922562,85.36589413,96.95815691,107.63851825,99.07946566,103.27255389,98.50825259,92.93330981,102.59331560,22.36603742,5.01979471,1.40736436,3.47685314,1.56304775,0.60000000,0.75000000,0.20000000,0.30000000,0.31945194,-0.01798223,0.00004000,-0.01139669,-0.00403531,0.00166716,-0.00389840,-0.00205990,0.00443828,-0.00101521
2023-01-30,98.81989745,103.85428244,93.76228292,96.51191098,108.37189032,85.32605959,96.79646696,107.64774849,99.06878306,103.00405993,98.38946457,92.91299232,102.53262478,21.43943422,4.70161218,1.31001573,3.44103291,1.56342803,0.60000000,0.75000000,0.20000000,0.30000000,0.39741699,-0.00082544,0.00004000,0.00397339,0.00251936,-0.00790892,-0.00208199,-0.00406055,-0.00056116,-0.00072198
2023-01-31,100.01151183,105.23148359,95.23433657,97.91525708,109.67627337,86.26699379,97.81549813,108.82934358,100.28780217,104.63389856,99.51244006,94.35442093,103.86898491,24.72211770,4.80267775,1.35065076,3.20408006,1.55606468,0.60000000,0.75000000,0.20000000,0.30000000,0.30975978,0.01194632,0.00004000,0.01260194,0.00170385,-0.00071388,-0.00122154,-0.01120174,0.00294845,-0.00456262
2023-02-01,101.18009764,106.29052006,96.23515681,98.79169111,110.85374734,87.10658904,98.71893853,110.02085266,101.43804726,105.86468179,100.89565110,95.38167042,104.85531178,22.05425839,4.80925226,1.39815264,3.26288159,1.50132593,0.60000000,0.75000000,0.20000000,0.30000000,0.51021504,0.01157678,0.00004000,0.00179296,0.00001482,-0.00311539,0.00410278,-0.00527076,-0.00086872,0.00159835
2023-02-02,102.33250628,107.40275296,97.24508527,99.59100387,111.66787810,88.17416047,99.99491215,110.98936948,102.52697048,106.91807133,102.11207654,96.58913112,106.44060702,24.46443157,4.76693659,1.31728002,3.30697519,1.51541271,0.60000000,0.75000000,0.20000000,0.30000000,0.31297902,0.01128530,0.00004000,0.00556396,-0.01266330,0.00450464,-0.00324441,-0.00049699,0.00943221,-0.00627026
2023-02-03,104.51377819,109.25723022,99.12722778,101.77687857,113.97181950,90.09182781,102.01226963,113.12281473,104.93342186,109.21368637,104.39833639,98.96835613,109.18393567,23.98085190,4.45770786,1.33674427,3.38528106,1.50245935,0.60000000,0.75000000,0.20000000,0.30000000,0.41154569,0.02105153,0.00004000,-0.00104762,0.00058708,-0.00544941,-0.00561815,-0.00030744,-0.00620325,-0.00165678
2023-02-06,105.33668288,109.95334572,99.73190964,102.24594146,114.53800375,90.89116778,102.82524062,113.73648977,105.74248034,109.69986849,105.40698518,99.67697996,110.29245645,22.07657357,4.91834117,1.40121451,3.34090318,1.46621675,0.60000000,0.75000000,0.20000000,0.30000000,0.35164808,0.00780281,0.00004000,-0.00263303,0.00172239,-0.00031229,-0.00552806,-0.00215854,-0.00196408,0.00004065
2023-02-07,105.04128449,109.49809468,99.42123532,101.92304045,114.72968132,90.51996906,102.33793976,113.63530138,105.31882138,109.72703485,105.03218661,99.18413866,109.96799545,22.14497520,5.14103866,1.40798973,3.46454762,1.47809198,0.60000000,0.75000000,0.20000000,0.30000000,0.29256655,-0.00284827,0.00004000,0.01081176,0.00380208,-0.00221304,-0.00133140,-0.00080848,-0.00551038,-0.00519282
2023-02-08,106.02832363,110.96082966,100.45486743,103.05992125,116.01772895,91.56164102,103.20484222,114.47898485,106.67156205,110.64670587,106.06758535,99.69198941,111.02709675,22.86703415,5.01145543,1.34766998,3.29386487,1.57729208,0.60000000,0.75000000,0.20000000,0.30000000,0.39699689,0.00931280,0.00004000,0.00146240,-0.00475226,-0.00082510,-0.00090224,0.00784510,-0.00588676,0.00208060
2023-02-09,107.70700297,113.17604488,102.17650620,104.91090190,117.82404448,93.14036565,105.21274255,116.43259675,108.35735427,112.18986167,108.04500319,101.10007867,113.16260431,22.73585118,4.53609653,1.39611130,3.24519333,1.49510701,0.60000000,0.75000000,0.20000000,0.30000000,0.31629371,0.01566834,0.00004000,-0.01541429,0.00101173,0.00092933,0.00132306,0.00161639,0.00293321,0.00476444
2023-02-10,109.67375242,114.91558115,104.07361029,106.81478047,120.00278533,94.96602517,106.90544400,118.24616837,110.67096265,114.20934931,110.26396241,103.16044741,115.10380401,22.56883251,4.85112429,1.25459142,3.39662684,1.49469157,0.60000000,0.75000000,0.20000000,0.30000000,0.47116348,0.01805547,0.00004000,-0.00090476,0.01534374,-0.00547614,0.00182495,-0.00441278,-0.00587095,-0.00121755
2023-02-13,110.16551242,115.65336119,104.65135830,107.51423738,120.56450033,95.27027380,107.45024551,118.83104251,111.08777612,114.87468652,110.81554637,103.54738348,115.80711769,22.68636886,4.63412844,1.43652436,3.27981855,1.52097198,0.60000000,0.75000000,0.20000000,0.30000000,0.53301489,0.00443382,0.00004000,0.00270327,-0.00198608,0.00298508,-0.00068375,-0.00018602,0.00344649,0.00015925
2023-02-14,111.45289912,116.65625821,106.06647551,108.80043971,121.62641164,96.56668933,108.69424886,120.24074165,112.46327830,116.39903856,111.86433184,104.72608935,117.13222291,24.71053817,4.87492953,1.33741398,3.27301738,1.53680844,0.60000000,0.75000000,0.20000000,0.30000000,0.20387223,0.01157818,0.00004000,0.00824186,-0.00703455,0.00568215,0.00149314,-0.00812461,0.00606651,-0.00497891
2023-02-15,111.51861809,116.39547230,106.03849427,108.96367735,121.73452188,96.69246559,108.77438120,120.72685939,112.68939060,116.38781520,111.87928020,104.89320450,117.39921097,24.53819884,4.84266230,1.28933191,3.25374564,1.47300331,0.60000000,0.75000000,0.20000000,0.30000000,0.49520129,0.00054948,0.00004000,-0.00993011,0.00370792,0.00220513,-0.00398502,0.01405908,0.00472875,-0.00622126
2023-02-16,110.02378849,114.84234729,104.56481339,107.57253265,120.04546669,95.39726414,107.33241501,118.79146901,111.08475291,114.70489575,110.54154624,103.27954522,115.59789204,23.42456543,4.90769029,1.32284096,3.27650052,1.42326133,0.60000000,0.75000000,0.20000000,0.30000000,0.48440401,-0.01353495,0.00004000,-0.00553976,-0.00889162,-0.00550574,-0.00136348,-0.00867389,0.00473574,0.00007662
2023-02-17,110.96933629,116.32865397,105.72205682,108.46385973,120.89575464,95.95458119,108.24484549,119.72756348,112.26449445,115.46371909,110.97214506,104.37389168,116.55423936,22.75306713,4.86625009,1.32730291,3.35610233,1.42384509,0.60000000,0.75000000,0.20000000,0.30000000,0.39699919,0.00851731,0.00004000,0.00460633,0.00739151,-0.00100102,0.00421780,-0.01042824,0.00392974,0.00077250
2023-02-20,112.57722818,118.16538467,107.23491660,109.75090224,122.73344692,97.41058178,109.83319241,121.61227017,113.62541655,117.24125456,112.46014009,106.04604673,117.93875799,22.17307988,4.94468286,1.35057189,3.11231835,1.49698259,0.60000000,0.75000000,0.20000000,0.30000000,0.49057604,0.01434555,0.00004000,0.01529202,0.01123194,0.00139808,-0.00033132,-0.01297440,-0.00021814,0.00024281
2023-02-21,110.20494594,115.51979676,104.87863511,107.60328969,120.19813612,94.99161463,107.40108560,118.80279057,111.49190565,114.41268423,110.27155241,104.00682601,115.39951463,22.30560707,4.79720781,1.29696140,3.47721103,1.60215301,0.60000000,0.75000000,0.20000000,0.30000000,0.43691443,-0.02133768,0.00004000,-0.00123440,0.00498355,0.00386530,-0.00167454,0.00168693,-0.00182361,-0.00140963
2023-02-22,109.68639110,114.75135614,104.65743803,107.08730995,119.99591118,94.80094699,107.05119421,118.13203621,110.96477373,113.63915774,110.39004002,103.37374963,115.19124250,21.39144138,4.81258899,1.37284139,3.40604075,1.56982022,0.60000000,0.75000000,0.20000000,0.30000000,0.43135316,-0.00475647,0.00004000,-0.00519836,0.00180252,0.00124420,-0.00263526,0.00278593,0.00249574,-0.00617255
2023-02-23,110.66871965,116.07160590,105.40150480,108.03215005,121.43690162,95.76522347,108.32712063,119.18366899,111.86920564,114.69380506,111.21906230,103.97824116,116.68998388,23.40075974,4.78633359,1.37077924,3.34958004,1.54342208,0.60000000,0.75000000,0.20000000,0.30000000,0.58293613,0.00887593,0.00004000,0.00400728,-0.00014745,-0.00467798,0.00311949,-0.01016656,-0.00767737,-0.00039961
2023-02-24,112.80777665,118.67140108,106.88633385,110.45725691,123.88714182,97.74621255,110.31702646,121.36510634,114.21606213,116.92905282,113.18671081,106.17269996,119.20563182,22.40955520,4.90259717,1.37236174,3.28463325,1.51324044,0.60000000,0.75000000,0.20000000,0.30000000,0.47696009,0.01910405,0.00004000,-0.00182807,0.00070567,0.00856869,0.00360789,0.00547583,0.00577670,0.00642503
2023-02-27,113.06126271,119.05317101,106.65904433,110.50428097,124.23844055,97.96147178,110.74271582,121.04121973,114.36453465,116.79004628,113.20076466,106.53697278,119.61490705,23.59051268,4.92263456,1.35397558,3.09333966,1.47139303,0.60000000,0.75000000,0.20000000,0.30000000,0.35401813,0.00220454,0.00004000,-0.00049100,-0.00390095,0.00003414,-0.00216276,-0.00332323,0.00679542,0.00334682
2023-02-28,110.76765490,116.52285287,104.43105328,107.87047284,121.40945349,95.92603861,108.28118489,118.46246953,111.91993992,114.25329771,111.02334886,104.56514194,116.99168732,23.95180350,4.83969534,1.36434692,3.20515763,1.53026073,0.60000000,0.75000000,0.20000000,0.30000000,0.41938558,-0.02053501,0.00004000,0.00979201,-0.01008212,0.00196603,0.00250665,0.00256766,-0.00476920,0.00016122
2023-03-01,112.57585305,118.32984388,106.02637483,109.22035743,123.44414596,97.57220198,110.10930058,120.10160896,114.02750001,116.54630778,112.57720817,106.26574033,118.93739289,22.36608945,5.02309432,1.24157369,3.34594293,1.55386972,0.60000000,0.75000000,0.20000000,0.30000000,0.43398348,0.01615244,0.00004000,0.00505428,0.00426079,-0.00656003,0.00353993,0.00080658,-0.00195683,-0.00213999
2023-03-02,113.99785781,119.44683050,106.89731719,110.78538803,125.10197656,98.68290995,111.52933379,121.57982410,115.09550125,118.09715178,113.83844612,107.81143987,120.17606450,23.37640432,4.74912535,1.36747469,3.22369259,1.51235076,0.60000000,0.75000000,0.20000000,0.30000000,0.45745643,0.01251241,0.00004000,0.00882371,-0.00129166,0.00554209,-0.00139477,0.00347916,-0.00045133,0.00018993
2023-03-03,114.79354428,120.11572896,107.54489689,111.28584276,125.64225997,99.70742721,112.32006861,122.26607783,115.94834630,118.72745866,114.97143439,108.47187687,120.67980005,20.17486995,4.65285958,1.41742641,3.11003928,1.49013419,0.60000000,0.75000000,0.20000000,0.30000000,0.53460695,0.00691559,0.00004000,-0.00797285,0.00437434,-0.00526021,-0.00249133,0.00206965,-0.00457707,0.00554215
2023-03-06,113.77552931,119.16005983,106.68147176,110.35365650,124.31250870,99.31745129,110.84016764,121.50156711,114.80372905,117.65110265,113.63666354,107.43749262,119.68735379,23.03833895,4.60781319,1.35921285,3.22151329,1.54794568,0.60000000,0.75000000,0.20000000,0.30000000,0.39132605,-0.00894778,0.00004000,0.00100870,-0.00207812,-0.00488325,0.00316780,-0.00088327,-0.00255283,-0.00112717
2023-03-07,110.88524785,115.76931351,103.47569099,107.46092772,120.90657998,96.65941656,107.94915771,117.96028764,111.74493050,114.76603977,110.73216502,104.74013165,116.75770052,23.56061868,4.67118146,1.35471607,3.48129416,1.51447652,0.60000000,0.75000000,0.20000000,0.30000000,0.39001318,-0.02577160,0.00004000,-0.00038052,-0.00566426,-0.00286256,0.00182772,0.00273323,-0.00399576,-0.00199451
2023-03-08,108.78119887,113.62334056,101.67732081,105.21845121,118.49484693,94.77192113,106.19135053,115.76636419,109.65302300,112.77707566,108.51981467,102.49072798,114.22759953,22.36469705,4.90555736,1.38442947,3.33303999,1.55500341,0.60000000,0.75000000,0.20000000,0.30000000,0.38710552,-0.01919735,0.00004000,0.00378650,-0.00143683,0.00524587,-0.00021170,-0.01239273,-0.00239367,0.00207341
2023-03-09,109.98872981,114.65441459,102.76707945,106.64916674,120.03948160,96.34295446,107.45365164,117.40122476,110.84511248,113.98381764,109.85464190,103.36894800,115.83587110,23.19834504,5.02410002,1.43254494,3.39505942,1.47589582,0.60000000,0.75000000,0.20000000,0.30000000,0.36436170,0.01099939,0.00004000,0.00023334,0.01101355,-0.00125867,-0.00179600,0.01132214,0.00007162,0.00357204
2023-03-10,110.49947946,115.46540814,102.95745763,107.11810663,120.61473460,96.85973076,107.51514813,117.64552029,111.67054638,114.37939986,110.46304145,103.83247298,116.48160981,23.67023441,4.91808289,1.40116873,3.36845404,1.53588449,0.60000000,0.75000000,0.20000000,0.30000000,0.44517252,0.00459291,0.00004000,0.00485396,0.00885936,-0.00227298,-0.00209952,-0.00609185,0.00973625,0.00075482
2023-03-13,110.48297753,115.14161197,103.06751085,107.27927060,120.59020503,96.70760401,107.49392663,117.58823863,111.81890113,114.36244708,110.37967714,103.61827748,116.40021391,23.01756151,4.73100456,1.36710762,3.28851336,1.46495799,0.60000000,0.75000000,0.20000000,0.30000000,0.58050033,-0.00018935,0.00004000,0.00067933,-0.00642363,-0.00101747,-0.00055488,0.00504180,-0.00580714,-0.00081401
2023-03-14,111.05918646,115.63416614,103.78142415,107.80323460,121.22148632,96.96294326,108.01660277,118.34358314,112.61391564,114.89757754,111.30606274,103.91787092,116.71091230,25.06288233,4.97268976,1.41903020,3.27578897,1.44796015,0.60000000,0.75000000,0.20000000,0.30000000,0.32156108,0.00516181,0.00004000,0.00274613,0.00227467,-0.00471872,0.00342990,-0.00039837,0.00420189,0.00425826
2023-03-15,108.74055439,113.15832583,101.76313829,105.68209102,118.85421759,94.87581373,105.51364984,115.54263359,110.42081979,112.50363143,108.90069272,102.17792676,114.56682809,21.27815963,4.77449178,1.31481005,3.19389566,1.42863320,0.60000000,0.75000000,0.20000000,0.30000000,0.30896141,-0.02113846,0.00004000,0.00399451,0.00173740,-0.00004509,-0.00152758,-0.00357241,-0.00119869,-0.00343010
2023-03-16,110.52589530,115.09928944,103.44146289,107.38768955,120.90204233,96.47997809,106.91602247,117.49504998,112.45220059,114.17644183,110.73107694,104.08464330,116.32691477,23.52383279,4.90883451,1.37946341,3.35551206,1.51865345,0.60000000,0.75000000,0.20000000,0.30000000,0.42521138,0.01624503,0.00004000,-0.00114063,0.00365355,-0.01009814,-0.00149398,0.00334026,0.00396894,-0.00262200
2023-03-17,112.46580462,117.15387664,105.50416824,109.18555861,123.13324118,98.30903508,109.05626479,119.36033744,114.45999016,116.02229846,112.10058683,105.80197282,118.19305303,24.05070397,4.69354645,1.33651165,3.23644484,1.43305222,0.60000000,0.75000000,0.20000000,0.30000000,0.34530616,0.01735938,0.00004000,-0.00948036,-0.00467731,0.00404217,0.00452663,-0.00333843,-0.00291741,0.00271664
2023-03-20,111.01078147,115.61993792,104.40678280,108.06179825,121.31098646,96.86120380,108.00277060,117.67440843,113.06441655,114.33500453,110.99165417,104.10246192,116.16695922,24.34245554,4.58973386,1.38663644,3.32205399,1.54979565,0.60000000,0.75000000,0.20000000,0.30000000,0.38376969,-0.01306189,0.00004000,-0.00154260,0.00377256,-0.00256435,-0.00226889,-0.00084395,0.00264541,0.00711640
2023-03-21,109.85596446,114.23566866,103.34638567,106.93424831,120.12872526,95.74578726,106.70302368,116.44338012,112.02590669,113.50461805,109.74512797,103.10143193,115.12328814,22.72938617,4.99142901,1.27827118,3.26300652,1.47480358,0.60000000,0.75000000,0.20000000,0.30000000,0.50984282,-0.01049723,0.00004000,-0.00895468,0.00053436,-0.00443721,0.00124363,0.00351477,-0.00423665,0.00248589
2023-03-22,109.47619894,114.07894682,103.02319921,106.69691156,119.40035243,94.92265402,106.44054465,116.47831814,111.53493964,112.97587664,109.49195000,102.50102266,115.06077766,21.79770555,4.53051420,1.28595273,3.17419277,1.52284693,0.60000000,0.75000000,0.20000000,0.30000000,0.42300897,-0.00350293,0.00004000,0.00775511,-0.00228464,-0.00032916,0.00078937,0.00235257,0.00722777,-0.00290072
2023-03-23,109.64361321,114.52978769,103.17617633,107.05713667,119.36839897,95.26393853,106.35325708,116.81445640,111.76421989,112.87535065,109.89314043,102.98604379,115.34850640,23.38179887,4.87872502,1.33581885,3.24454223,1.47722344,0.60000000,0.75000000,0.20000000,0.30000000,0.46850097,0.00148806,0.00004000,0.01355877,0.00311299,-0.00912612,-0.00110638,0.00030846,-0.00029580,0.00349200
2023-03-24,109.30839243,114.50480055,102.68178758,106.33737243,119.07115672,95.16993331,105.84808780,116.66252313,111.69862821,112.74535572,109.66891445,102.68667636,115.27279848,22.88653608,4.80728140,1.30875695,3.24197574,1.38993805,0.60000000,0.75000000,0.20000000,0.30000000,0.43162068,-0.00310205,0.00004000,0.00906594,-0.00629155,0.00392170,-0.00466946,-0.00010694,-0.00196300,0.00078040
2023-03-27,109.14474120,114.24554244,102.76617140,105.85447466,118.97348915,94.83022529,105.74666201,116.64689821,111.07853655,112.77911472,109.42165433,102.59954534,114.84355602,25.03815327,4.73866048,1.36013636,3.45231511,1.51288301,0.60000000,0.75000000,0.20000000,0.30000000,0.46820836,-0.00153827,0.00004000,0.00860643,0.00231056,-0.00747773,0.00445291,-0.00241963,-0.00734827,0.00431285
2023-03-28,109.75887179,114.83761205,103.10345853,106.73796939,119.39134612,95.61258856,106.18381430,116.93628821,111.21823068,113.56052253,110.03215548,103.07633948,115.86964835,21.76358913,4.77525466,1.33094428,3.58288365,1.59010249,0.60000000,0.75000000,0.20000000,0.30000000,0.44356611,0.00557098,0.00004000,-0.00282987,0.00482870,-0.00676480,-0.00482624,-0.01295803,0.00304934,0.00035245
2023-03-29,108.50000253,113.52708053,101.78134558,105.36354341,117.87789272,94.79940546,104.50766515,115.43953766,109.99202296,112.15561599,108.72008552,101.93573817,114.12723965,22.19607759,4.69855484,1.35450000,3.12319543,1.43425301,0.60000000,0.75000000,0.20000000,0.30000000,0.34199764,-0.01157569,0.00004000,-0.00370646,0.00276850,-0.00255073,0.00142654,-0.00161245,-0.00068083,0.00330091
2023-03-30,108.08060010,112.85761995,101.37455509,105.06826790,117.54149727,94.60533952,104.11302062,114.98502894,109.73668330,112.11474231,108.36270529,102.12207402,113.91943007,23.81263495,4.84537427,1.33490739,3.47985658,1.58199251,0.60000000,0.75000000,0.20000000,0.30000000,0.46433806,-0.00391295,0.00004000,0.01073888,-0.00272233,0.00073755,-0.00030819,0.01220276,-0.00435232,-0.00315044
2023-03-31,105.45671789,109.96318848,98.78425046,102.36729828,115.10950908,92.59692751,101.94445423,111.95839901,106.87354672,109.16172598,105.81068510,99.54381511,110.92244762,22.55933627,4.53922703,1.29146863,3.30120393,1.54201242,0.60000000,0.75000000,0.20000000,0.30000000,0.40182951,-0.02461663,0.00004000,-0.00403365,-0.00353453,0.00606695,0.00032082,-0.00395451,0.00104997,-0.00723371
2023-04-03,104.52405014,108.99901240,98.09907334,101.96594850,114.45987878,91.96928262,101.22904459,110.93536944,105.88421858,108.36526086,104.60173019,98.65607915,109.55117301,20.10526622,4.84581997,1.40824008,3.19178527,1.50728183,0.60000000,0.75000000,0.20000000,0.30000000,0.28664933,-0.00892342,0.00004000,-0.00242298,-0.00425786,-0.00415012,0.00759793,-0.00593755,-0.00027118,0.00200047
2023-04-04,103.63481343,108.02751409,97.08041435,101.37360293,113.51263646,90.83705457,100.05287996,109.98455799,104.80965111,107.36940822,103.66644270,97.97440753,108.45069891,23.89981518,4.96255820,1.33437599,3.59562150,1.48299744,0.60000000,0.75000000,0.20000000,0.30000000,0.44737532,-0.00858388,0.00004000,0.00279773,-0.00170046,0.00325160,0.00294161,0.00021671,-0.00266021,0.00071121
2023-04-05,102.38603285,106.42591387,95.94581908,100.20179184,112.22005172,89.84349502,98.72023953,108.58868565,103.69844256,105.79868366,102.61935952,96.98549921,106.94963177,23.75605244,5.04663162,1.38467249,3.21619239,1.51380427,0.60000000,0.75000000,0.20000000,0.30000000,0.33747524,-0.01216300,0.00004000,-0.00691185,0.00188581,0.00030895,-0.00027762,0.00057777,-0.00235614,0.00448181
2023-04-06,102.52854978,106.25029696,95.82843924,100.60606827,112.06271251,90.00907533,98.94523721,108.75343391,103.36572314,106.22348655,103.12750594,97.38258231,107.17177005,23.36311803,4.77011103,1.33672631,3.12562178,1.45773490,0.60000000,0.75000000,0.20000000,0.30000000,0.40325244,0.00135099,0.00004000,-0.00110900,0.00357186,0.00651246,0.00324611,-0.00420047,0.00078742,-0.00087939
2023-04-07,103.61186797,107.50965442,96.67198723,101.69230985,113.06750581,90.84205203,100.00493254,109.78050111,104.28548766,107.23286447,103.95559362,98.44809540,108.21483027,23.45510294,4.65409443,1.29137213,3.48840441,1.50767025,0.60000000,0.75000000,0.20000000,0.30000000,0.40461669,0.01047058,0.00004000,-0.00540706,0.00671979,0.00030769,-0.00484260,0.00421367,-0.00705206,0.00129185
2023-04-10,105.50819566,109.38721783,98.49156691,103.49261479,114.89282867,92.58484166,101.76687786,111.54768738,106.32101298,109.17985093,105.66855101,100.08738941,110.07766504,24.49505436,4.47385295,1.37745622,3.36757667,1.40985906,0.60000000,0.75000000,0.20000000,0.30000000,0.27103613,0.01809675,0.00004000,0.00184089,0.00586523,0.00387864,0.00249964,-0.00357789,-0.00463688,-0.00200878
2023-04-11,107.79271465,111.46321686,100.74076812,106.01142824,117.66297626,94.57792998,104.17002838,114.23888745,108.85639187,111.25422981,107.93253644,102.52468659,112.35880082,22.16717481,4.66520170,1.32033576,3.48482841,1.42973029,0.60000000,0.75000000,0.20000000,0.30000000,0.48323752,0.02138144,0.00004000,0.00568143,0.00409054,0.00091585,-0.00164287,0.00352527,-0.00430599,-0.00180870
2023-04-12,107.49007246,110.95638603,100.51448904,105.57596192,117.23667583,94.40172022,103.59963425,113.70296118,108.72048511,110.74666804,107.77172369,102.29261844,111.63520420,22.56642841,4.88392531,1.31625726,3.33914483,1.53513621,0.60000000,0.75000000,0.20000000,0.30000000,0.44814021,-0.00285158,0.00004000,-0.00750756,0.00353186,-0.00183430,-0.00312935,0.00500237,-0.00058781,-0.00061134
2023-04-13,109.08447243,112.68811297,102.24099085,107.07022031,118.76934760,95.79485885,104.99012057,115.49747694,110.69874996,112.66093518,110.02034152,103.75753856,112.86063006,21.50431496,4.82742040,1.34752618,3.14249042,1.47361254,0.60000000,0.75000000,0.20000000,0.30000000,0.38786036,0.01468406,0.00004000,0.01054440,0.00450497,-0.00152075,-0.00058161,0.00160334,0.00013547,0.00386686
2023-04-14,108.98874063,112.85521274,102.41122389,106.74050221,118.36977825,95.76971034,105.03491648,115.32748060,110.15612873,112.87964446,110.14663272,103.97557431,112.80553888,23.29464211,5.17989086,1.33118515,3.23332895,1.45036268,0.60000000,0.75000000,0.20000000,0.30000000,0.42711403,-0.00091798,0.00004000,-0.00356382,0.00979551,-0.00026452,0.00097238,-0.00419154,-0.00404591,0.00018576
2023-04-17,110.79914178,114.94568813,104.09535789,108.66617838,120.13795851,97.34063396,106.50069226,117.21524777,112.06886353,114.84959385,111.85451267,105.81031007,114.96189480,22.07934812,4.44951524,1.34468271,3.23886079,1.54442348,0.60000000,0.75000000,0.20000000,0.30000000,0.37881002,0.01643445,0.00004000,-0.00121765,0.00352135,0.00124924,0.00305280,-0.00233936,0.00125131,-0.00299992
2023-04-18,108.83052643,112.75618219,102.04466292,106.68239734,117.96588608,95.67268810,105.03531919,115.07922578,109.69295049,112.72902803,109.50347882,104.04113814,113.28681109,22.72121865,4.87304647,1.37442354,3.38385572,1.46844498,0.60000000,0.75000000,0.20000000,0.30000000,0.43324614,-0.01796716,0.00004000,-0.00725274,0.00322434,0.00094043,0.00505133,0.00116164,0.00651381,-0.00107671
2023-04-19,108.56506846,112.16361494,101.79250888,106.82312491,117.61921369,95.85950119,104.82605503,114.62771696,109.79599415,112.64429673,108.82244044,103.72624267,113.13419324,22.13133902,5.04758441,1.28217747,3.30647897,1.54141184,0.60000000,0.75000000,0.20000000,0.30000000,0.29624750,-0.00248217,0.00004000,0.00003406,-0.00216260,-0.00334902,-0.00044724,0.00695648,-0.00363351,0.00398216
2023-04-20,108.96397171,112.79902167,102.23763117,107.20702688,118.11731757,96.27928551,105.24327836,115.17428554,110.35193172,113.14639576,109.14581485,103.79963954,113.67616529,23.67356473,4.44589011,1.33678425,3.40748699,1.50342767,0.60000000,0.75000000,0.20000000,0.30000000,0.37726042,0.00362759,0.00004000,-0.01219862,0.01495781,-0.00645969,0.00198385,0.00103185,-0.00056186,-0.00262005
2023-04-21,110.15222507,114.38973693,102.92826911,108.25921778,119.15647567,97.40507132,106.49555732,116.77521475,111.68876429,114.42928407,109.81580797,104.85684520,115.25363006,23.58286464,4.85246173,1.40720077,3.35306791,1.47935348,0.60000000,0.75000000,0.20000000,0.30000000,0.31538148,0.01080598,0.00004000,-0.00010297,-0.00985817,-0.00727194,0.00269095,-0.00635338,-0.00548350,-0.00155012
2023-04-24,110.13350837,113.77891467,102.77744196,108.18117683,119.09631023,97.25977668,106.77500811,116.74861621,111.69449787,114.43559913,109.42425209,104.79253031,115.60601009,22.34976818,4.98113042,1.31069811,3.35385770,1.55386733,0.60000000,0.75000000,0.20000000,0.30000000,0.42755315,-0.00020993,0.00004000,-0.00000864,-0.00078096,-0.00496614,-0.00131624,0.00546801,0.00266737,-0.00066321
2023-04-25,108.77295248,112.17494506,101.66363109,106.79869086,117.43801472,96.05144593,105.60104836,115.23424433,110.44435548,112.78495350,108.09551156,103.58784144,113.73917222,22.52498136,4.60495161,1.37573586,3.49123979,1.51432398,0.60000000,0.75000000,0.20000000,0.30000000,0.27103308,-0.01247064,0.00004000,-0.00191059,-0.00135080,-0.00286037,0.00537245,-0.00391106,-0.00399752,0.00189494
2023-04-26,107.51013072,110.98405648,100.80427873,105.68018247,116.13303025,94.93196752,104.42966220,113.76357210,108.92394686,111.33660301,106.79143349,102.65653333,112.32839623,24.43158395,4.83347008,1.30249702,3.32788590,1.45468611,0.60000000,0.75000000,0.20000000,0.30000000,0.43709819,-0.01171762,0.00004000,-0.01122353,-0.00664049,-0.00368029,-0.00193458,-0.00691098,-0.00425991,-0.00025165
2023-04-27,108.11585884,111.81731231,101.53649772,106.05480288,116.69957388,95.57941315,104.62687051,115.10817738,109.42796726,111.44160795,107.54425923,103.30724266,112.93808559,23.12959537,5.01378873,1.37548692,3.36008980,1.50967650,0.60000000,0.75000000,0.20000000,0.30000000,0.35532510,0.00557834,0.00004000,-0.00314713,0.00145993,-0.00199006,0.00132746,-0.00158986,-0.00239950,-0.00344582
2023-04-28,110.09891257,113.49024664,103.45644508,108.11298931,118.99887233,97.43723408,106.86339361,117.78870944,111.56461678,113.54631649,109.45446495,105.32109506,115.29161863,23.84707414,4.84746998,1.33736177,3.45933460,1.38218186,0.60000000,0.75000000,0.20000000,0.30000000,0.34623704,0.01813575,0.00004000,-0.01359131,-0.00181997,0.00140072,0.00209721,-0.00244023,-0.00680686,-0.00017007
2023-05-01,111.50414556,115.01150377,104.35415721,109.57215540,120.81214074,98.68815847,108.18838372,119.26708109,112.98478089,114.77724959,110.54854582,106.43830939,116.74301535,22.96169670,4.69618192,1.39577718,3.09989770,1.50563546,0.60000000,0.75000000,0.20000000,0.30000000,0.40010742,0.01264260,0.00004000,-0.00021015,0.00822659,0.00134601,-0.00204118,0.00608422,0.00158123,0.00099562
2023-05-02,111.09265401,114.76694847,104.06933674,109.40579500,120.12192521,98.25342816,108.14873392,118.26367378,112.76363155,114.43552447,110.04679607,106.10613260,116.21727549,21.40872601,4.87038357,1.35378378,3.28581101,1.46085686,0.60000000,0.75000000,0.20000000,0.30000000,0.44888879,-0.00373720,0.00004000,0.00479812,0.00109170,0.00306583,-0.00530158,-0.00187677,0.00412327,0.00002884
2023-05-03,110.07260034,113.32989219,102.89703845,108.20941488,118.46920389,97.21925616,107.19990067,117.02444609,111.86527548,113.21804858,108.63853576,105.31531840,114.98960190,20.46196757,4.75765772,1.40549347,3.38905183,1.51445719,0.60000000,0.75000000,0.20000000,0.30000000,0.47486065,-0.00926442,0.00004000,0.00754730,0.00343503,-0.00684928,0.00236541,-0.00101925,-0.00143015,-0.00190818
2023-05-04,109.55085509,112.59502456,102.45088932,107.60106099,117.94439908,96.38215772,106.73530705,116.63232386,111.49667451,112.76746690,107.73762664,104.69625834,114.56732554,21.32803751,4.73939204,1.32428012,3.35176388,1.42668732,0.60000000,0.75000000,0.20000000,0.30000000,0.42966791,-0.00479128,0.00004000,0.00245246,-0.00062862,0.00534188,0.00318270,-0.00608962,-0.00307778,-0.00575226
2023-05-05,109.03200021,111.94596238,101.84736083,107.18582033,117.16889785,95.62760986,106.52723295,115.70731579,110.98088843,112.23776345,107.61504502,104.37380829,113.91020805,21.36183366,5.05137523,1.30941904,3.35642612,1.47267143,0.60000000,0.75000000,0.20000000,0.30000000,0.31567011,-0.00478745,0.00004000,0.01525998,0.00213817,-0.00847458,-0.00055651,0.00041285,0.00014648,0.00081619
2023-05-08,105.97923272,108.73893218,98.89908731,104.20186188,113.74911157,92.82878583,103.64815285,112.10642199,107.92373405,108.80154712,104.76056545,101.60369671,110.61771589,22.57663845,4.64638143,1.39287644,3.28408906,1.47024473,0.60000000,0.75000000,0.20000000,0.30000000,0.35360964,-0.02843826,0.00004000,-0.00198782,0.00467804,0.00207344,0.00463324,-0.00144184,0.00198730,0.00618189
2023-05-09,105.78025449,108.79964667,98.85301760,104.07708174,113.24418812,92.75423780,103.27739004,112.12681489,107.79546900,108.07384420,104.26708501,101.45119834,110.46760862,24.35528553,4.63672269,1.33983365,3.41922163,1.58153144,0.60000000,0.75000000,0.20000000,0.30000000,0.50753266,-0.00191929,0.00004000,0.00419281,-0.00825890,-0.00372157,-0.00080188,-0.00151695,0.00231990,-0.00276923
2023-05-10,107.60540731,110.77455453,100.38986491,106.26258491,115.18763836,94.63511706,105.43128050,113.96994921,110.09664057,110.17988477,106.02463210,102.87728277,112.44347016,20.61870197,4.88664964,1.37694628,3.29230488,1.45909976,0.60000000,0.75000000,0.20000000,0.30000000,0.43735327,0.01706703,0.00004000,-0.00329394,-0.00298459,-0.00035725,0.00033534,-0.00114950,-0.00284567,-0.00434860
2023-05-11,107.66443586,110.70863796,100.59210319,106.38701430,115.43638791,94.83304775,105.57314832,113.98020287,110.27001408,110.07349696,106.03045900,103.15545920,112.38037030,22.31501534,4.82079738,1.31969711,3.44529640,1.54591082,0.60000000,0.75000000,0.20000000,0.30000000,0.45791351,0.00050841,0.00004000,-0.01272413,-0.00327008,0.00327567,-0.00045639,-0.00207607,0.00295258,-0.00006823
2023-05-12,105.97741313,109.03642773,98.77365623,104.68602639,113.59043268,93.28803998,103.92408774,112.32581981,108.55611942,108.30221241,104.15345562,101.68390662,110.77402223,21.72931429,4.72282954,1.32016789,3.36001893,1.45147590,0.60000000,0.75000000,0.20000000,0.30000000,0.27722745,-0.01583333,0.00004000,-0.01957921,-0.00112284,0.00295247,-0.00237098,-0.00293679,-0.00017588,0.00246112
2023-05-15,106.00210664,109.03181969,98.96095040,104.97910379,113.68637763,93.12190095,103.91693343,112.50203988,108.48505158,108.17829490,104.46944972,101.76017551,110.90578104,21.53582966,4.83968953,1.35787597,3.35017113,1.55135269,0.60000000,0.75000000,0.20000000,0.30000000,0.33943393,0.00019298,0.00004000,-0.00466325,0.00060055,-0.00358510,-0.00460161,0.00249901,0.00123133,0.00347860
2023-05-16,106.11499535,109.08165901,98.81050114,104.64465561,113.83599904,93.11096844,103.68170203,112.65104051,108.54562035,107.93811283,104.57217610,101.65487787,110.98030644,23.80836687,4.77603450,1.38854569,3.28708846,1.57877854,0.60000000,0.75000000,0.20000000,0.30000000,0.37750311,0.00102440,0.00004000,-0.00490572,0.00296709,0.00379640,-0.00115421,-0.00176219,0.00413993,0.00414544
2023-05-17,107.14671003,110.44947582,99.64247092,105.62197058,115.00546433,94.14024861,104.68760680,113.74367117,109.33646791,108.95434545,105.59199905,102.65170304,111.80360004,22.06770405,5.07710251,1.31865619,3.35966351,1.51839938,0.60000000,0.75000000,0.20000000,0.30000000,0.37473095,0.00963565,0.00004000,0.01471885,0.00243736,-0.00197459,-0.00135436,0.00168365,-0.00404825,-0.00237332
2023-05-18,108.18143312,111.43514353,100.82354369,106.79617681,115.95014248,95.04891890,105.83151122,115.23851558,109.95735292,109.74118254,106.56395689,103.67660684,112.90949514,22.22734352,4.73970282,1.35906038,3.38234016,1.46034652,0.60000000,0.75000000,0.20000000,0.30000000,0.41291784,0.00957074,0.00004000,-0.00109726,-0.00059482,0.00014979,-0.00093583,0.00083811,-0.00385592,0.00858378
2023-05-19,112.44680615,115.81733052,104.87781668,110.65204874,120.18141958,98.53803916,109.73317917,119.91131055,114.28006851,113.89807194,110.57928395,107.76547177,117.36763798,22.01856392,4.88622888,1.23526926,3.52236342,1.58543231,0.60000000,0.75000000,0.20000000,0.30000000,0.35566000,0.03863052,0.00004000,-0.00045294,-0.00189437,-0.00000654,0.00660844,-0.01301895,-0.00453710,-0.00057121
2023-05-22,113.35695905,117.09303943,105.43968939,111.44730356,120.89033727,99.32046974,110.86897281,120.56988800,115.49756043,115.06287899,111.75527679,108.77721834,118.97520984,22.92438229,4.83800834,1.37417871,3.21423712,1.49275031,0.60000000,0.75000000,0.20000000,0.30000000,0.33079540,0.00802149,0.00004000,0.00370782,0.00089443,-0.00143828,-0.00190292,0.00678252,0.00119598,0.00021725
2023-05-23,114.45276298,118.09951234,106.33826559,112.52836985,122.15089031,100.34601680,112.41063907,121.10113024,116.67225127,116.10121514,112.61918525,110.04532439,120.29190133,24.41604142,4.85373864,1.30116115,3.29920959,1.56759609,0.60000000,0.75000000,0.20000000,0.30000000,0.41470694,0.00958042,0.00004000,-0.00845739,-0.00461948,-0.00102916,-0.00035190,-0.00552407,0.00471893,-0.00021128
2023-05-24,112.95328649,116.72300560,105.14268590,111.22544975,120.73000925,99.67079667,110.70632741,119.49578973,115.45594008,114.12686723,111.43819294,108.33954283,118.90296228,22.36662922,4.79044955,1.39912478,3.27755749,1.61931046,0.60000000,0.75000000,0.20000000,0.30000000,0.39281417,-0.01322785,0.00004000,0.00011052,0.00223532,-0.00049112,-0.00214046,0.00408909,0.00511506,-0.00197460
2023-05-25,114.15843792,117.94754294,105.90580693,111.98929898,122.11307681,100.73508223,111.48055241,120.94365628,116.35173827,115.07871176,112.61977713,109.49410472,119.67243761,23.57923297,4.61484047,1.37132556,3.38053071,1.50223044,0.60000000,0.75000000,0.20000000,0.30000000,0.41553015,0.01057295,0.00004000,0.00678518,0.00266112,0.00424456,-0.00029641,-0.00345177,0.00117214,0.00680025
2023-05-26,113.37239200,117.08333872,105.29664184,110.63528104,121.14660644,99.87418378,110.94293011,120.46724712,115.28728617,113.88514142,111.82594839,108.90864405,118.71456922,23.11812820,4.61705081,1.42729974,3.24068053,1.53858989,0.60000000,0.75000000,0.20000000,0.30000000,0.29213628,-0.00694939,0.00004000,-0.00103519,0.00103805,-0.00665344,0.00171730,-0.00070293,-0.00768466,0.00118838
2023-05-29,112.08287929,115.88649865,104.30741182,109.60002716,119.99619305,98.51836114,109.81264045,118.82201844,113.99141159,112.61412661,110.23246704,107.21411545,117.16670281,23.82491691,4.70615456,1.35932651,3.18005454,1.46184605,0.60000000,0.75000000,0.20000000,0.30000000,0.28612107,-0.01147931,0.00004000,-0.00421571,0.00193222,-0.00340125,-0.00175783,-0.00333590,-0.00197760,0.00287637
2023-05-30,113.55075233,117.40157102,105.88283725,111.40936855,121.44317553,100.06296049,111.43544304,120.29992410,115.52386319,113.57914219,111.58185813,108.72641973,118.49852375,21.08688950,4.34068547,1.38627068,3.44848979,1.46666744,0.60000000,0.75000000,0.20000000,0.30000000,0.33424734,0.01297130,0.00004000,-0.00471406,-0.00678780,-0.00070416,-0.00087875,-0.00486284,-0.00195838,0.00162150
2023-05-31,111.85284363,115.80102058,104.46889344,109.89083882,119.82922986,98.50324135,109.52858810,118.62568941,114.14894438,111.98407016,110.00327011,106.91814175,116.68273110,22.18544713,4.84525743,1.35635940,3.33227542,1.53168889,0.60000000,0.75000000,0.20000000,0.30000000,0.49170863,-0.01510578,0.00004000,0.01143840,0.00354210,-0.00278764,0.00044616,-0.00455513,-0.00427858,0.00167188
2023-06-01,113.68554159,117.71868029,106.18498214,111.53194820,122.01087813,100.30185479,111.25653961,120.43809437,116.67880765,113.74271802,112.27770780,108.52096684,118.17572866,23.94670694,4.97145460,1.38633438,3.34560127,1.48645037,0.60000000,0.75000000,0.20000000,0.30000000,0.37982125,0.01621212,0.00004000,-0.01047443,-0.00386820,-0.00027063,-0.00072395,0.00291033,0.00147119,0.00597019
2023-06-02,114.13964729,118.25704151,106.97528635,111.89294229,122.12116956,100.65144770,111.97448684,120.88823674,116.85297916,114.38756666,112.72955450,109.01336174,118.71549115,22.70122262,4.68882060,1.38604387,3.51579685,1.55799731,0.60000000,0.75000000,0.20000000,0.30000000,0.52635162,0.00394645,0.00004000,0.00087632,-0.00398291,-0.00046150,-0.00140941,-0.00342429,-0.00158697,-0.00437109
2023-06-05,114.57687806,118.52865129,107.34041145,112.23736609,122.39765910,101.27273618,112.34840129,120.98116391,117.39473636,115.00871675,113.32370761,109.60969865,119.51188692,32.79401781,6.66818968,1.83608419,4.35872291,1.93101305,0.20000000,0.30000000,0.90000000,1.30000000,1.82815444,0.00378335,0.00004000,0.00653875,0.00231456,0.00445914,0.00022124,-0.00812388,0.00580075,-0.00486195
2023-06-06,110.63309257,114.33790425,103.32231999,108.66327054,118.28071983,97.74944753,108.73564819,117.38810883,113.45247857,110.60811687,109.36045551,105.73598596,115.56497029,34.78501709,6.28335976,1.83241510,4.43967374,1.90252856,0.20000000,0.30000000,0.90000000,1.30000000,1.82357543,-0.03506677,0.00004000,-0.00446989,0.00636005,0.00563767,0.00288016,-0.00497842,0.00059707,0.00444383
2023-06-07,111.96808562,115.84465059,104.38323761,109.74114473,119.67701972,98.68850741,109.77872837,119.03939432,114.42699099,112.00810527,110.35121636,106.95806975,117.16241975,33.22954776,6.59101333,1.79963530,4.48604228,1.92474173,0.20000000,0.30000000,0.90000000,1.30000000,1.78982502,0.01195463,0.00004000,-0.00866528,0.00069724,0.00270072,0.00104688,-0.00496050,0.00029287,-0.00175641
2023-06-08,108.97773339,113.00189255,101.35020880,106.86357368,116.69027795,96.21132790,106.69032098,116.13137786,111.41206097,108.81759041,107.34968822,103.84756946,113.80932570,32.56935644,6.43676117,1.82740043,4.45828651,1.76084632,0.20000000,0.30000000,0.90000000,1.30000000,1.83926765,-0.02711030,0.00004000,-0.00219049,-0.00414884,0.00398123,-0.00293576,0.00390683,0.00236290,-0.00111190
2023-06-09,109.17847752,113.48591320,101.66489881,107.29119698,116.36935983,96.24459467,107.00725760,116.63813611,111.80703683,109.03196024,107.34707882,104.09186839,114.04996891,33.41311102,6.70710908,1.81660559,4.49792515,1.85978044,0.20000000,0.30000000,0.90000000,1.30000000,1.69052860,0.00180037,0.00004000,0.00042183,-0.00207728,0.00261056,-0.00083412,-0.00126251,-0.00376509,-0.00162968
2023-06-12,111.95253905,116.88354790,104.50075335,110.22406389,119.71174907,98.31658943,109.73468987,119.74252099,114.60994039,111.90675316,110.16864182,106.67908684,116.63043023,33.21648817,6.50631073,1.75973234,4.25768818,1.81171315,0.20000000,0.30000000,0.90000000,1.30000000,1.88092437,0.02505107,0.00004000,-0.00826304,0.00213763,-0.00353817,0.00425111,0.00786952,-0.00909165,-0.00507938
2023-06-13,113.87855426,119.35763209,106.30464924,112.07809452,121.89410848,100.54979032,111.94262466,121.79435308,116.86377238,113.93252816,112.00592147,108.07453862,118.25830136,34.09664320,6.45442481,1.77802238,4.57479546,1.90168317,0.20000000,0.30000000,0.90000000,1.30000000,1.85908225,0.01701754,0.00004000,0.00416979,-0.00821927,-0.00327425,0.00065554,0.00283738,0.00168180,0.00725649
2023-06-14,110.41003429,115.50647368,102.72571104,108.92437582,118.61190288,97.40309176,108.45877682,117.96276453,113.32118089,110.00631083,109.00548701,104.91762836,114.56734979,32.92068364,6.52835595,1.79028412,4.43686009,1.84421882,0.20000000,0.30000000,0.90000000,1.30000000,1.80335877,-0.03097155,0.00004000,0.00069110,0.00077845,0.00524559,0.00449138,0.00304338,-0.00201096,0.00038993
2023-06-15,110.37399425,115.68642023,103.06516245,108.86651103,118.59998334,97.41754585,108.26115447,118.08098721,113.30891206,109.91229291,109.10797210,105.06447062,114.50636424,33.97701744,6.46647620,1.80349348,4.33720003,1.90370872,0.20000000,0.30000000,0.90000000,1.30000000,1.86651949,-0.00036647,0.00004000,0.01077746,-0.00648955,0.00103068,-0.00023336,0.01459550,0.00132152,-0.00217536
2023-06-16,110.65262250,115.60611252,103.53129077,109.35759699,119.16103522,97.73163188,108.51096447,118.47221775,113.51215947,110.05267407,109.62199233,105.30377253,115.13142010,31.99819803,6.57144284,1.77336326,4.33158440,1.93867232,0.20000000,0.30000000,0.90000000,1.30000000,1.70286541,0.00248122,0.00004000,-0.00511388,-0.00480564,-0.00307977,0.00231559,0.00059727,-0.00517566,-0.00305687
2023-06-19,113.45486771,118.73225369,106.74007308,112.04832730,122.68458112,100.17832278,111.51806028,121.33044782,116.24484815,112.97175451,112.66286839,108.09262813,117.81562543,32.21916985,6.64399809,1.81921210,4.31198788,1.95164087,0.20000000,0.30000000,0.90000000,1.30000000,1.76590765,0.02496935,0.00004000,0.01031261,0.00309691,0.00176029,0.00022892,0.01098804,0.00317127,0.00371611
2023-06-20,110.66626080,115.64572458,103.70047244,108.91801388,119.43632755,97.60269747,108.76622047,118.22284256,113.24691960,109.80145497,110.48599065,105.34151102,114.86610007,32.82094185,6.52642767,1.72497949,4.36569369,1.98341781,0.20000000,0.30000000,0.90000000,1.30000000,1.75417379,-0.02492610,0.00004000,-0.01115011,-0.00608520,0.00185236,-0.00269928,0.00248267,-0.00058828,0.00116304
2023-06-21,110.71417112,115.90488872,103.68484492,109.08411730,119.25293362,97.46017156,108.88609220,117.91447289,112.88254639,109.77713387,110.40626116,105.46767176,115.08804580,32.62369314,6.73686987,1.81044055,4.39806359,1.87417603,0.20000000,0.30000000,0.90000000,1.30000000,1.84937787,0.00039283,0.00004000,0.00528945,0.00315895,-0.01085072,0.00105309,0.00136686,0.00145001,0.00148864
2023-06-22,111.42220814,116.53368163,104.35996897,109.73955088,120.47541393,98.09475782,109.46849878,119.29669409,113.41877162,110.69355964,110.97930517,106.25773555,115.81367272,33.11623270,6.78524464,1.80505778,4.45036485,1.92098292,0.20000000,0.30000000,0.90000000,1.30000000,1.88863638,0.00633482,0.00004000,0.00272165,-0.00087559,0.00806471,0.00128775,-0.00503635,-0.00090024,-0.00004411
2023-06-23,111.34042913,116.33165535,104.33219547,109.40172385,120.72151638,97.98139572,109.42098262,119.22276899,113.29785990,110.41414630,111.08532683,106.21407704,115.92953519,32.79184128,6.69259467,1.82813406,4.48947547,1.84374114,0.20000000,0.30000000,0.90000000,1.30000000,1.88321607,-0.00077423,0.00004000,0.00277138,0.00504375,0.00021265,0.00150945,0.00963337,0.00874030,0.00073726
2023-06-26,111.84720354,115.79076633,104.68801377,109.76644012,121.21733112,98.43698533,110.09793451,119.60365128,114.08637098,110.89416607,111.53380587,106.71160770,116.61149920,32.89830528,6.53591601,1.78427390,4.48347158,1.91418945,0.20000000,0.30000000,0.90000000,1.30000000,1.79790123,0.00450125,0.00004000,0.00648423,0.00097013,0.00289175,0.00491232,-0.00180057,0.00652728,0.00009683
2023-06-27,113.29224282,117.58644477,105.98787865,111.01432926,122.56494522,99.92734620,111.38130404,121.19806494,115.73447871,112.68629905,112.86925396,108.14791583,118.08557182,33.46074788,6.76820802,1.78048727,4.52099495,1.94794009,0.20000000,0.30000000,0.90000000,1.30000000,1.89339362,0.01279701,0.00004000,-0.01142725,0.01094300,-0.00788650,-0.00000600,0.00752368,-0.00231759,0.00621801
2023-06-28,113.94068791,118.47888010,106.70114600,111.98168852,123.21141821,100.38298495,112.32433489,121.71058181,115.79302691,113.10117887,113.62778285,108.57939554,118.56142106,32.66493792,6.51659838,1.88497522,4.31843939,1.84594291,0.20000000,0.30000000,0.90000000,1.30000000,1.72987281,0.00566733,0.00004000,-0.00606507,0.00760535,0.00495007,0.00112277,-0.00118964,0.00538965,0.00368827
2023-06-29,110.97165290,115.53550492,103.67644255,109.09664241,120.08662377,97.75024035,109.56750142,118.22576877,112.72526470,109.96368768,110.70371590,105.78272951,115.75350667,34.34496755,6.48732316,1.80507509,4.40727900,1.84943645,0.20000000,0.30000000,0.90000000,1.30000000,1.82452688,-0.02644324,0.00004000,-0.00224845,0.00331100,-0.00485029,0.00554568,-0.00233071,0.00486922,0.00003200
2023-06-30,113.14943728,118.01097216,105.46161931,111.30529147,122.47797874,99.86373319,112.26815127,120.74681561,114.76086748,112.27403190,112.88207075,107.80624044,118.07763309,32.07453127,6.58116890,1.77128761,4.40954663,1.96489455,0.20000000,0.30000000,0.90000000,1.30000000,1.68649932,0.01939461,0.00004000,0.00534457,0.00672993,-0.00489604,-0.00179503,-0.00203371,0.00377323,0.00036141
2023-07-03,111.75968109,116.82776872,103.91555156,110.07663195,120.50742100,98.76342625,111.15476972,119.19335853,113.39464182,111.31229702,111.68812290,106.40835987,116.59037272,32.93075400,6.80880916,1.75090175,4.33199389,1.88159630,0.20000000,0.30000000,0.90000000,1.30000000,1.78245431,-0.01239854,0.00004000,0.01030173,-0.00889629,0.00434702,-0.00388697,-0.00738699,-0.00119617,-0.00009279
2023-07-04,112.08490363,117.00642680,104.26252934,110.66885954,120.88829077,99.26419188,111.49662822,119.76515267,113.84155904,111.67841516,112.34402941,106.33850416,117.44943216,31.46786931,6.58905734,1.78708070,4.44884776,1.91531849,0.20000000,0.30000000,0.90000000,1.30000000,1.88531210,0.00286579,0.00004000,-0.00052692,0.00803810,0.00631835,0.00275448,-0.00200122,0.00073457,0.00292787
2023-07-05,108.14989423,113.31204126,100.82123260,106.99958715,116.37371160,95.71616520,107.34710178,115.25893022,109.81972456,107.98543207,108.39218551,102.50064716,113.13610966,32.34061517,6.66118871,1.84558624,4.37846858,1.91626664,0.20000000,0.30000000,0.90000000,1.30000000,1.80906269,-0.03577848,0.00004000,0.00066839,-0.00009732,-0.00127446,0.00171022,0.00581287,0.00371993,-0.00381218
2023-07-06,111.69370875,117.01370603,104.33118614,111.07922935,119.98126244,98.79516105,111.39401907,119.22259679,113.79488967,111.79094287,111.67071027,106.13903833,117.06187018,33.30529143,6.53434603,1.75598807,4.44219842,1.89830356,0.20000000,0.30000000,0.90000000,1.30000000,1.97639529,0.03220221,0.00004000,0.00063564,0.00499610,0.00229698,0.00082828,0.00128751,0.00091076,0.00249991
2023-07-07,111.40020029,116.42750408,104.20147994,110.99946551,119.75364781,98.88885022,110.87486973,118.95495699,113.38894976,111.60554039,110.99276464,106.09425371,116.64279849,32.50852591,6.79102202,1.86011672,4.49464219,1.83990191,0.20000000,0.30000000,0.90000000,1.30000000,1.84701911,-0.00267126,0.00004000,0.00212945,-0.00314526,0.00172518,-0.00232704,-0.00513624,0.00272848,0.00555480
2023-07-10,110.38837837,115.58563099,103.23592256,109.88066531,118.68077559,97.92601391,109.58802410,117.83123365,112.83778250,110.90930592,110.26904633,105.46116853,115.66408308,33.18617760,6.67974062,1.79543304,4.56424889,1.89217012,0.20000000,0.30000000,0.90000000,1.30000000,1.77900481,-0.00916427,0.00004000,0.00495948,0.00150541,0.00277410,0.00243176,0.00125527,0.00298685,0.00118660
2023-07-11,113.57662147,119.31669450,105.98370249,112.98923026,122.11532953,100.49324354,112.98888767,121.14859684,115.61946599,113.96008603,113.36485101,108.91047694,119.10237485,34.35314835,6.60407879,1.80501198,4.42709564,1.84733248,0.20000000,0.30000000,0.90000000,1.30000000,1.76532290,0.02843283,0.00004000,-0.00360694,0.00425785,-0.00422763,-0.00118774,0.00687577,-0.00595640,0.00105924
2023-07-12,114.59919709,120.38392497,107.39074670,114.36547921,123.31859929,101.32703127,114.08967853,122.06577193,116.16908863,114.89461993,114.19613153,109.98807016,120.10126582,33.23610399,6.62702211,1.82373841,4.41914850,1.82276821,0.20000000,0.30000000,0.90000000,1.30000000,1.79582136,0.00892311,0.00004000,-0.00027122,-0.00381972,0.01379414,-0.00155743,0.00335562,-0.00247321,-0.00039733
2023-07-13,114.45194916,120.13547016,107.43936697,113.93042760,123.47006393,101.26125031,113.87988438,122.15319097,115.75113230,114.42445804,114.24991525,110.14900862,119.82388453,32.47484352,6.49501326,1.78970271,4.28179502,1.83752767,0.20000000,0.30000000,0.90000000,1.30000000,1.71219795,-0.00132572,0.00004000,-0.00048543,-0.00484629,-0.00326021,-0.00127208,0.01236815,0.00037397,0.00019427
2023-07-14,113.42081417,119.17041794,106.79180796,112.66445293,122.61178867,100.53553999,112.50483302,121.15680868,114.93783867,113.72501506,113.42265093,108.94342741,118.70469297,33.60208316,6.59638863,1.72130812,4.49668947,1.97527812,0.20000000,0.30000000,0.90000000,1.30000000,1.86109914,-0.00909016,0.00004000,-0.01035306,-0.00122334,0.00277186,0.00332077,0.00284378,-0.00666362,0.00167663
2023-07-17,111.54625111,117.29085747,105.51306324,110.92126110,120.87656166,99.04587181,110.71008871,119.12214562,112.98064476,111.70050908,111.57402293,107.11133002,116.89655460,32.81151225,6.62884805,1.82809743,4.32102387,1.88348361,0.20000000,0.30000000,0.90000000,1.30000000,1.87742602,-0.01670561,0.00004000,-0.00404906,0.00539445,0.00269456,0.00241913,0.00353657,0.00208484,0.00455700
2023-07-18,109.80433724,115.62795661,103.68713529,109.33744828,119.29039607,97.81566418,108.88171699,117.39601439,111.48315870,109.79531317,109.91420329,105.25029496,115.18581207,31.57552881,6.69938125,1.83838162,4.55554356,1.90779271,0.20000000,0.30000000,0.90000000,1.30000000,1.89901622,-0.01577928,0.00004000,-0.00781715,0.00207313,-0.00454812,-0.00269992,-0.00354985,0.00084227,-0.00012662
2023-07-19,106.95340634,112.58820048,100.80114708,106.27321009,116.28940930,95.38374514,106.48000663,114.27618068,108.59041518,106.45004558,106.98110746,102.37536933,111.88871801,34.89468957,6.80628162,1.77350748,4.54994888,1.91758510,0.20000000,0.30000000,0.90000000,1.30000000,1.91925964,-0.02634674,0.00004000,-0.00430314,0.00209228,0.00385921,-0.00167441,0.00183139,-0.00423243,-0.00125247
2023-07-20,106.23113060,111.74084272,100.09719723,105.71650364,115.36232940,94.56900621,105.73939591,113.48718970,107.95517227,105.97592443,105.85781212,101.78898739,110.73588653,31.84378971,6.68786604,1.78872944,4.33144108,1.87170226,0.20000000,0.30000000,0.90000000,1.30000000,1.63110318,-0.00681609,0.00004000,0.00492987,-0.00160073,0.00245012,-0.00217490,-0.00602413,0.00112967,0.00094763
2023-07-21,106.46768415,112.22606404,100.43274146,105.41412246,115.42405295,94.52860900,106.10400872,113.32640432,108.18786847,106.42144596,106.11696884,102.13544408,111.03035822,32.24316601,6.88061084,1.79710568,4.42913998,1.88265397,0.20000000,0.30000000,0.90000000,1.30000000,1.60971907,0.00218431,0.00004000,-0.00277607,0.00249439,-0.00015239,0.00125295,-0.00179828,-0.00016493,-0.00340819
2023-07-24,105.82359561,111.90933901,99.85220860,104.74133024,114.91731753,94.05329565,105.16642122,112.25613599,107.87305320,105.83759492,105.37129461,101.50758378,110.48010304,32.96941720,6.64217631,1.81099686,4.54908360,1.87728600,0.20000000,0.30000000,0.90000000,1.30000000,1.68290916,-0.00610799,0.00004000,-0.00617707,0.00698958,-0.00566529,0.00263369,-0.00372107,0.00041155,0.00357968
2023-07-25,105.65587392,111.71410458,99.49646976,104.58152077,114.85189222,93.88000342,104.93612746,111.82442941,107.92340080,105.64242797,105.51993719,101.31328730,110.03103075,32.51250112,6.58418697,1.79942977,4.14036426,1.87276223,0.20000000,0.30000000,0.90000000,1.30000000,1.69735851,-0.00162617,0.00004000,0.00276463,0.00346500,-0.00175121,-0.00085839,-0.00533246,-0.00369512,-0.00009438
2023-07-26,110.53208298,116.51021276,104.02127856,109.50343386,120.39273439,97.95057458,109.85857416,116.93683225,113.25902027,110.62412088,110.14681621,105.52157295,114.99062135,30.98122856,6.56330598,1.87633047,4.46342016,1.88589701,0.20000000,0.30000000,0.90000000,1.30000000,1.84143128,0.04507848,0.00004000,-0.00022593,0.00480877,-0.00651985,-0.00284492,0.00482920,-0.00691164,0.00431325
2023-07-27,110.58214200,117.11637805,103.89458727,109.63359485,119.94248609,98.00342356,110.16810608,117.12538832,113.81144644,110.25312605,110.11996152,105.18242912,115.22333173,31.96568552,6.45147739,1.81303863,4.32438775,1.84991215,0.20000000,0.30000000,0.90000000,1.30000000,1.82659135,0.00041279,0.00004000,-0.01156643,-0.00128694,0.00168475,-0.00597544,-0.00298377,-0.00317373,-0.00222873
2023-07-28,110.01201585,116.52531249,103.70529812,108.83830688,119.06221782,98.01268449,109.56597325,116.73083503,113.47836648,109.68499061,109.61746316,104.61591739,114.77539336,31.89916280,6.74473537,1.76108806,4.26431744,1.91821038,0.20000000,0.30000000,0.90000000,1.30000000,1.87183186,-0.00520902,0.00004000,-0.00105942,-0.00109190,-0.00016979,-0.00422067,0.00286857,-0.00338859,-0.00625924
2023-07-31,117.45665013,124.53078088,110.86009123,116.42099416,127.45789941,104.73245524,116.73228777,125.04948109,121.24290360,117.31873985,116.93092228,111.84201293,122.32811174,32.88016656,6.39748828,1.85297867,4.40183918,1.93116195,0.20000000,0.30000000,0.90000000,1.30000000,1.71994536,0.06543974,0.00004000,0.00784600,-0.00025136,-0.00058862,0.00177734,0.00298561,0.00347762,0.00291788
2023-08-01,122.45991049,129.83096083,116.06021626,121.55729548,132.94404037,109.02078457,121.76505589,130.97376066,125.90123239,122.31182892,121.91762580,116.38802954,127.51157894,33.97282043,6.58956438,1.81628048,4.25534799,1.77372816,0.20000000,0.30000000,0.90000000,1.30000000,1.81611874,0.04167438,0.00004000,-0.00334597,-0.00274992,0.00328803,-0.00064632,-0.00429502,-0.00352714,0.00225524
2023-08-02,123.73556623,131.39738380,117.34998451,122.84599108,134.28945454,110.26432231,122.83491424,132.62945761,127.21535655,123.44713926,123.38688639,117.12943379,129.01431423,33.23197758,6.52121073,1.83839322,4.44747710,1.87465928,0.20000000,0.30000000,0.90000000,1.30000000,1.65858485,0.01032304,0.00004000,-0.00446480,-0.00058981,-0.00137580,0.00015549,0.00213098,0.00064532,0.00765932
2023-08-03,125.97515157,134.21560051,119.51263089,125.10709420,137.04653676,112.39043785,125.05041282,134.75020919,129.49651509,125.98342788,125.48299116,119.42472250,131.43614055,31.89539538,6.94466986,1.85247572,4.29699975,1.87633475,0.20000000,0.30000000,0.90000000,1.30000000,1.85146634,0.01789792,0.00004000,0.00428335,-0.00060512,-0.00140888,-0.00467934,0.00687681,-0.00071858,-0.00132653
2023-08-04,127.55487024,136.22324005,121.37534127,126.62376450,138.65682651,113.70258870,126.72481901,136.31874028,131.23371564,127.56389221,126.99827833,120.59765362,132.83184519,33.89679626,6.61876174,1.77661090,4.37472318,1.80241514,0.20000000,0.30000000,0.90000000,1.30000000,1.80753460,0.01242195,0.00004000,-0.00013606,0.00310778,0.00138700,0.00116043,0.00251426,-0.00087191,0.00151696
2023-08-07,129.43061567,137.71209959,123.09707432,128.50622105,140.78086825,115.67104086,128.55696147,138.26465268,132.96772663,129.15210029,129.22194978,122.17020365,134.76799421,31.00279137,6.44155394,1.78843293,4.40799416,1.90758403,0.20000000,0.30000000,0.90000000,1.30000000,1.96821147,0.01455832,0.00004000,0.00690228,0.00272735,0.00470643,-0.00183626,0.00205152,-0.00358583,-0.00441009
2023-08-08,133.33622454,141.89741698,126.94383148,132.17801595,145.10039931,119.22684455,132.66707061,142.41791214,136.97170002,132.99896101,132.90287605,125.90291830,138.42781654,32.49942315,6.73723827,1.84913344,4.37379449,1.91806304,0.20000000,0.30000000,0.90000000,1.30000000,1.83359341,0.02968899,0.00004000,0.00550613,-0.00027604,-0.00417578,-0.00047949,0.00230735,-0.00157558,0.00245876
2023-08-09,132.11651715,140.77056305,126.28261352,130.80171065,143.38004472,118.32425908,131.11042448,141.70586344,135.39352574,131.83432650,132.07518490,124.95995782,137.57088129,32.29801921,6.84038184,1.74962386,4.36055717,1.85929327,0.20000000,0.30000000,0.90000000,1.30000000,1.74438769,-0.00922970,0.00004000,-0.00220169,-0.00626198,0.00296325,-0.00051844,-0.00612029,-0.00134452,0.00298956
2023-08-10,141.55436282,150.80447383,134.74365139,140.27203412,153.48108513,126.89134656,140.37341268,151.48336267,145.05436294,141.54336764,142.16573728,133.48255622,147.33687236,32.41759910,6.70496883,1.88547823,4.44936057,1.91009155,0.20000000,0.30000000,0.90000000,1.30000000,1.62163129,0.06895959,0.00004000,-0.01555580,-0.00115387,-0.00192430,-0.00113568,-0.00104136,0.00848761,-0.00127648
2023-08-11,138.54154683,147.58434265,131.99897511,137.31117357,149.78115086,124.00708302,137.84554186,147.98599160,142.25603275,138.54241828,139.23079106,130.37499629,144.27383307,33.12115163,6.59917363,1.79763543,4.24322729,1.90956756,0.20000000,0.30000000,0.90000000,1.30000000,1.83489422,-0.02155358,0.00004000,-0.00563020,0.00038129,0.00282365,0.00456503,0.00215797,-0.00179292,-0.00395992
2023-08-14,138.98522194,148.02779379,132.37464041,138.22960381,149.98499721,124.63072954,138.45643344,147.99616148,142.74104034,139.13606103,140.06888767,130.73445193,144.23551756,32.87130724,6.65631598,1.81175091,4.41193272,1.86021848,0.20000000,0.30000000,0.90000000,1.30000000,1.93447712,0.00315735,0.00004000,-0.00896689,-0.00173471,0.00526700,-0.00269460,-0.00963411,-0.00563712,-0.00228675
2023-08-15,137.91038006,146.97403955,131.33732589,136.84892489,148.44878786,123.89371190,137.54868307,146.53947330,141.54154422,137.61690535,139.12363782,129.56477859,143.53994555,30.91743593,6.70793593,1.74957497,4.45687630,1.91353231,0.20000000,0.30000000,0.90000000,1.30000000,1.73585104,-0.00780356,0.00004000,-0.00411288,0.00157825,-0.00111976,0.00613380,0.00503530,0.00122591,0.00298802
2023-08-16,130.35327041,138.63824610,124.03682173,129.13592159,140.65489889,117.35965294,129.97049681,138.97684311,134.09732039,129.98853715,131.30959984,122.64690898,135.80192032,33.72507625,6.52153198,1.77541024,4.28948614,1.90250680,0.20000000,0.30000000,0.90000000,1.30000000,1.88060026,-0.05639582,0.00004000,0.00320595,0.00265233,0.00125107,-0.00139884,0.00635304,0.00165989,-0.00301158
2023-08-17,127.65256416,135.61245114,121.47801440,126.69141588,137.59203963,114.92954047,127.77245805,135.76788239,130.98417005,127.30658990,128.45184886,120.36498904,133.05120897,32.01367573,6.68432124,1.80599162,4.47380082,1.89244310,0.20000000,0.30000000,0.90000000,1.30000000,1.87416920,-0.02097600,0.00004000,0.00299217,-0.00171498,0.00328236,-0.00543485,-0.00549719,-0.00335916,-0.00314607
2023-08-18,126.09623685,133.66851775,119.72278587,124.89546006,136.04331823,113.53771671,126.33448832,133.84590536,129.11486384,125.84991199,127.26526415,118.85671140,131.37721323,32.87171866,6.72472390,1.89318880,4.46531085,1.97295784,0.20000000,0.30000000,0.90000000,1.30000000,1.79928723,-0.01230683,0.00004000,0.00688604,-0.00531514,-0.00292095,0.00008769,0.01180002,0.00958091,0.00596658
2023-08-21,127.27968455,135.51128964,120.84797160,125.81583449,137.38758244,114.59566206,127.55775757,134.88638811,130.31775755,126.99013550,128.55085602,120.03977917,132.54602675,33.37932369,6.75977173,1.87039961,4.35738317,1.81304218,0.20000000,0.30000000,0.90000000,1.30000000,1.78819677,0.00930151,0.00004000,0.00128591,-0.00379605,0.00269099,0.00035538,-0.00198875,0.00633071,0.00046857
2023-08-22,123.12036089,130.76178903,117.38046433,121.44537435,132.67025456,110.94718604,123.26847682,130.73084068,126.23777366,122.72208076,124.27462085,116.12578844,128.13671098,33.08674918,6.70354555,1.73313978,4.45292966,1.83979771,0.20000000,0.30000000,0.90000000,1.30000000,1.87280029,-0.03326448,0.00004000,-0.00254437,0.00175376,-0.00149427,0.00299385,-0.00980459,-0.00141526,-0.00062177
2023-08-23,123.93653352,131.50434917,118.36069866,122.31724937,132.88849590,111.53742739,124.23726109,131.92519839,127.14546590,123.68306532,124.92335325,116.93215987,128.69656661,30.44918134,6.43332851,1.82609888,4.29715162,1.84986285,0.20000000,0.30000000,0.90000000,1.30000000,1.89266306,0.00656719,0.00004000,-0.00793914,-0.00647516,0.00380477,0.00478618,0.00385409,0.00390148,-0.00588080
2023-08-24,121.99637956,129.57094832,116.70932839,120.19488270,130.82403821,109.82549943,122.34253721,130.42052537,125.16139165,121.64784264,122.57769402,115.21624993,126.22979810,33.64224386,6.82468798,1.83035465,4.42254703,1.87112110,0.20000000,0.30000000,0.90000000,1.30000000,1.70043377,-0.01581824,0.00004000,-0.00448979,0.00161438,0.00683977,-0.00273029,-0.00398570,-0.00736915,-0.00066510
2023-08-25,123.18207572,131.08793834,117.98008077,121.64609781,131.79784095,110.67501859,124.07187233,131.73022559,126.17150436,122.79021533,123.86651758,116.65339649,127.58819722,32.29758096,6.86352716,1.80175134,4.31470338,1.87988346,0.20000000,0.30000000,0.90000000,1.30000000,1.63849578,0.00963218,0.00004000,-0.00234503,0.00699639,-0.00811452,0.00023081,-0.00182830,-0.00383061,-0.00473763
2023-08-28,122.48422115,130.34622877,117.54658497,120.82189361,130.89133115,109.81030915,123.66409282,131.08461131,125.61109098,122.15605195,122.96895378,116.28385419,126.68971831,32.76805806,6.70325397,1.83804525,4.35789330,1.93289928,0.20000000,0.30000000,0.90000000,1.30000000,1.86026340,-0.00572134,0.00004000,-0.00651776,0.00038705,-0.00273051,-0.00087791,0.00071875,0.00202206,-0.00571426
2023-08-29,128.65714583,136.56628543,123.51780485,127.33111467,137.28111806,115.15371322,129.68250163,137.51855394,131.78310378,128.35987763,129.36823779,121.98099609,133.49650666,32.54527445,6.50807345,1.82993450,4.45866135,1.89059847,0.20000000,0.30000000,0.90000000,1.30000000,1.76554398,0.04912887,0.00004000,-0.00410579,0.00349963,-0.00540263,-0.00552965,0.01217887,0.00651704,0.00025808
2023-08-30,132.33829115,140.81162006,127.06739336,131.28789600,142.14674376,118.34221960,132.88824465,141.50655318,135.46019595,131.66289823,132.55135491,125.29128618,137.65237388,34.28101123,6.51551698,1.79093720,4.42071434,1.82901047,0.20000000,0.30000000,0.90000000,1.30000000,1.78377406,0.02817037,0.00004000,0.00355219,0.00258480,0.00496091,0.00148224,0.00526311,0.00376306,0.00151843
2023-08-31,134.03667705,142.57697757,128.36138767,132.74012808,143.74160864,120.16536347,134.70504054,143.55827649,137.62068751,133.33033534,134.64158941,126.90248124,139.19073010,31.97273706,6.73146266,1.78894994,4.23588511,1.80716828,0.20000000,0.30000000,0.90000000,1.30000000,1.68385559,0.01271202,0.00004000,0.00624820,0.00118082,0.00237131,-0.00446493,0.00267047,0.00474168,-0.00167526
2023-09-01,137.55275883,146.85148377,131.43388355,136.71519726,147.44842144,123.60590170,138.25331302,147.40108147,141.19162745,136.75978839,138.21814420,130.00381311,143.15337325,30.64776114,6.58481599,1.78647752,4.56364454,1.91327693,0.20000000,0.30000000,0.90000000,1.30000000,1.79990053,0.02585407,0.00004000,0.00028360,-0.00443910,0.00090549,0.00229050,0.00646440,0.00488753,0.00340909
2023-09-04,136.59510828,145.89982957,130.57415518,135.92425146,146.30666482,122.33698378,137.21140109,146.28667083,140.09811742,135.62697051,136.89107838,129.16974262,142.00112894,34.62592184,6.46336433,1.78049891,4.61161637,1.86769736,0.20000000,0.30000000,0.90000000,1.30000000,1.82037925,-0.00702641,0.00004000,0.00874275,-0.00399853,-0.00037092,-0.00023466,0.00607031,-0.00855346,0.00004051
2023-09-05,127.14371432,135.91089311,121.69637737,126.77433530,136.28622153,113.59548607,127.66670485,136.22879033,130.70064380,126.19679437,127.70366262,119.99452754,131.81233191,32.80441010,6.81208315,1.77238454,4.46958900,1.95861716,0.20000000,0.30000000,0.90000000,1.30000000,1.88094796,-0.07174308,0.00004000,-0.00802037,0.00137665,-0.00141621,-0.00154929,-0.00292014,-0.00009852,0.00180644
2023-09-06,125.12438219,133.79920887,119.85583959,124.54175233,134.70229543,112.02754397,125.69384336,134.09867605,128.92547118,124.80048666,125.93841304,117.69558792,129.65982789,35.23543544,6.85540013,1.82117059,4.27660957,1.89526674,0.20000000,0.30000000,0.90000000,1.30000000,1.77851959,-0.01604976,0.00004000,-0.00668200,0.00175858,0.00091872,-0.00013035,0.00372724,-0.00475351,0.00510449
2023-09-07,125.11775864,134.14553591,120.21061827,124.26925789,134.77888245,112.06553053,125.94842346,133.87688976,128.78898956,124.78089194,126.01654301,117.84367600,129.52616551,33.67984329,6.65624870,1.74756256,4.48254775,1.91964050,0.20000000,0.30000000,0.90000000,1.30000000,1.87837053,-0.00009294,0.00004000,0.00003692,-0.01328791,-0.00381653,-0.00648303,-0.00740386,0.00497065,0.00096452
2023-09-08,124.04626683,132.69077265,119.34603645,123.00801007,134.18327590,111.13719673,124.86385713,133.13650239,127.50825393,123.55842260,124.86770624,117.35317211,128.86534972,33.07222956,6.66408730,1.80968331,4.35676241,1.87106760,0.20000000,0.30000000,0.90000000,1.30000000,1.84850108,-0.00864075,0.00004000,0.00104042,-0.00335214,-0.00498775,-0.00000719,-0.00727573,-0.00198391,-0.00079901
2023-09-11,120.52604503,129.19893822,116.04360679,119.44887203,130.79331899,108.05729435,121.28182220,128.88620820,123.72611090,119.98634913,121.69785020,113.77025383,125.18160531,33.66656123,6.59812197,1.80732132,4.44060286,1.91903498,0.20000000,0.30000000,0.90000000,1.30000000,1.94963573,-0.02882874,0.00004000,-0.00122188,0.00048008,0.00064053,-0.00354015,-0.00087415,0.00180740,0.00342077
2023-09-12,118.39546385,126.66520568,113.94917214,117.73717138,128.69094789,106.38465145,119.30040836,126.69001046,121.61291646,118.12399101,119.86040864,111.49254520,122.54858780,31.80707463,6.75367756,1.85050258,4.44291026,1.89323805,0.20000000,0.30000000,0.90000000,1.30000000,1.94045490,-0.01787546,0.00004000,0.00091275,-0.00044885,-0.00414413,0.00208489,-0.01341498,0.00255852,-0.00131220
2023-09-13,116.16299531,124.39512315,112.48306288,115.82819359,125.82235466,104.78348342,117.20313321,124.31081499,119.18893797,115.78007935,117.64072075,109.32685061,120.15770675,32.86253248,6.72235524,1.77862862,4.46026401,1.81687589,0.20000000,0.30000000,0.90000000,1.30000000,1.85293679,-0.01907607,0.00004000,-0.00362598,0.00543401,-0.00770517,-0.00195566,-0.00226574,0.00184872,-0.00009752
2023-09-14,114.22506876,122.23123881,110.56575854,114.07318543,123.92726920,102.91346843,115.24742258,122.01154394,116.78991138,113.88033961,115.75259498,107.82537927,118.13707912,34.72296438,6.61206349,1.89411951,4.44331719,1.89115609,0.20000000,0.30000000,0.90000000,1.30000000,1.85164412,-0.01686355,0.00004000,-0.00127732,-0.00074354,-0.00325233,0.00256633,0.00322293,-0.00292026,-0.00166525
2023-09-15,116.15621392,124.52204881,112.11628059,115.86582594,126.36300241,104.59072319,117.05278580,124.49620060,118.26437086,115.71019016,117.75900682,109.72507176,120.07312692,31.47880476,6.70168089,1.84457575,4.33090480,1.82724786,0.20000000,0.30000000,0.90000000,1.30000000,1.75277088,0.01672517,0.00004000,-0.00010145,-0.00496917,0.00221346,-0.00081102,0.00205210,-0.00287177,0.00033104
2023-09-18,116.92797299,125.22452939,113.17829664,116.36362007,127.24472911,105.61836524,117.82857758,125.62225291,119.08014760,116.53413780,118.67947452,110.41633563,120.61924661,33.61567772,6.48212359,1.83967592,4.34270624,1.98365267,0.20000000,0.30000000,0.90000000,1.30000000,1.69108570,0.00658217,0.00004000,0.00340427,0.00581318,-0.00059324,0.00049401,-0.00469776,-0.00761582,0.00094367
2023-09-19,113.96904529,122.18115616,110.19831370,113.05205943,124.18619315,102.84687137,115.08406727,122.55204531,116.76733983,113.84784711,115.51170661,107.73915394,117.22999549,33.63612984,6.49203688,1.78729840,4.39995023,1.90151510,0.20000000,0.30000000,0.90000000,1.30000000,1.66916708,-0.02567125,0.00004000,-0.00221798,-0.00722426,0.00044469,0.00251087,-0.00294097,-0.00169872,-0.00426516
2023-09-20,113.04065242,120.99251488,109.12601517,112.25903729,123.14214745,101.91641214,114.52789186,121.37682884,115.58922261,112.79753649,114.62720872,106.80158690,116.16567984,32.97128742,6.49496883,1.76209648,4.27065652,1.96908488,0.20000000,0.30000000,0.90000000,1.30000000,1.57767112,-0.00821937,0.00004000,-0.00368982,0.00515295,0.00118692,0.00014882,-0.00336115,0.00807163,-0.00121429
2023-09-21,115.31429229,123.21433346,111.39025745,113.97436738,126.00367624,103.87070846,116.92745294,123.86531037,117.96874797,115.01162664,116.32230874,109.05410552,118.65121292,32.65554294,6.66148438,1.77350167,4.37628432,1.87834963,0.20000000,0.30000000,0.90000000,1.30000000,1.74993151,0.01987387,0.00004000,-0.00597835,-0.00998908,0.00218671,-0.00357353,-0.00412859,-0.00386375,-0.00338673
2023-09-22,119.48479023,127.52735947,115.22431636,118.19030504,130.77682756,107.79903841,120.74477524,128.13071868,122.47679606,119.31660104,120.70438215,113.02071684,122.70897092,32.03855001,6.68251352,1.77087176,4.36155025,1.96424212,0.20000000,0.30000000,0.90000000,1.30000000,1.74308791,0.03548771,0.00004000,-0.00190892,0.00883313,0.00085187,-0.00382555,0.00324552,0.00306768,0.00048607
2023-09-25,122.22900278,130.34602225,118.18944332,120.98755958,134.12934790,110.17584481,123.35388419,130.98159540,125.45624483,122.29313533,123.69171155,115.74776729,125.65691113,33.65323809,6.70676122,1.80306142,4.37630608,1.89814282,0.20000000,0.30000000,0.90000000,1.30000000,1.80184374,0.02266727,0.00004000,0.00114988,-0.01105835,-0.00614896,0.00351935,0.00369557,-0.00167019,-0.00232610
2023-09-26,123.69122383,132.10069904,119.83607648,122.13549065,135.53291075,111.66335925,124.35137626,132.67826625,126.73957015,123.36828739,125.36786084,117.33593598,127.13118783,31.34621971,6.45139543,1.82737571,4.21897124,1.84046873,0.20000000,0.30000000,0.90000000,1.30000000,1.68756632,0.01185197,0.00004000,0.01092349,-0.00847843,0.00401136,-0.00089052,0.00891002,-0.00541210,-0.00067299
2023-09-27,122.69048848,131.01412874,118.94499056,120.80465796,133.57153049,110.90041724,123.45183596,131.07194647,125.63456557,122.05056964,124.21156920,116.50987446,125.88947212,33.03336568,6.62740103,1.72906561,4.35722446,1.88741919,0.20000000,0.30000000,0.90000000,1.30000000,1.81015394,-0.00816350,0.00004000,-0.00162232,0.00711108,-0.00090777,-0.00037671,-0.00659935,-0.00936699,0.00052372
2023-09-28,124.04210127,132.67767495,120.12803827,122.20180449,135.11919375,111.91546974,124.96281936,132.68718373,126.73995777,123.28408479,125.35306364,117.64941726,127.00857031,32.15700469,6.70819398,1.76002136,4.36669937,1.88353262,0.20000000,0.30000000,0.90000000,1.30000000,1.82870185,0.01091620,0.00004000,0.00744173,0.00466803,0.00172185,-0.00421262,-0.00906343,0.00338052,-0.00273477
2023-09-29,122.25822448,131.11987220,118.61319991,120.47343643,132.78515989,110.09503301,123.67730229,131.17815823,125.03558509,121.68378855,123.51995578,116.29843279,124.69221197,32.26770993,6.68305831,1.81142609,4.40360369,1.93607930,0.20000000,0.30000000,0.90000000,1.30000000,1.86583116,-0.01452563,0.00004000,0.00713633,-0.00072720,0.00430778,-0.00383040,-0.00342231,-0.00175036,-0.00260415
2023-10-02,126.56454143,135.87968394,122.80759295,124.48510303,137.15907083,114.09873581,127.77150904,135.58429821,129.13743052,126.09227139,127.85132953,120.35987598,129.27746426,32.14751687,6.43264826,1.77471035,4.31050608,1.85647577,0.20000000,0.30000000,0.90000000,1.30000000,1.74240964,0.03457698,0.00004000,0.00645190,0.00231145,0.00133550,0.00239994,0.00580841,-0.00057082,0.00062786
2023-10-03,119.40697894,128.19001045,115.85453211,117.43521278,129.34474743,107.86092709,120.18924906,128.17946407,121.43651731,118.88423886,120.63981620,113.40002098,121.92694004,33.69293428,6.87691540,1.76400354,4.61544959,1.92669276,0.20000000,0.30000000,0.90000000,1.30000000,1.75201229,-0.05825474,0.00004000,0.00735501,-0.00380007,-0.00233113,-0.00296856,0.01004029,0.00255290,-0.00168715
2023-10-04,116.76310105,125.48731295,112.76848537,114.47913605,126.62482443,105.45390059,117.70612077,125.12348276,119.01734410,116.71197219,118.15362963,110.90112063,119.33539169,35.24974323,6.87974971,1.78978255,4.51205662,1.82340549,0.20000000,0.30000000,0.90000000,1.30000000,1.77906278,-0.02243054,0.00004000,0.01064358,0.00213725,-0.00100673,0.00026150,0.00432526,0.00147040,-0.00021211
2023-10-05,120.46356161,129.70062040,116.17863326,117.86246080,130.81725349,108.44070937,121.58898882,129.62762724,122.65266469,120.15164271,121.37861436,114.08958039,122.83506829,33.94693886,6.77860636,1.73475212,4.35508189,1.88929046,0.20000000,0.30000000,0.90000000,1.30000000,1.87867750,0.03116021,0.00004000,-0.01392556,-0.00437675,-0.00033848,-0.00039055,0.00901898,-0.00694956,-0.00286282
2023-10-06,121.23454155,130.29262963,117.34797660,118.71504381,131.49472283,109.03517769,122.56781167,130.42214966,123.35022349,120.99787504,121.84902728,115.07407853,123.66204178,33.04688446,6.52233794,1.89243193,4.56485436,1.80533516,0.20000000,0.30000000,0.90000000,1.30000000,1.80271067,0.00633972,0.00004000,-0.00567224,-0.00784997,-0.00306483,0.00158155,-0.00912178,0.00316879,0.00212592
2023-10-09,118.75616982,127.38696211,114.84897483,116.23034257,128.64096249,106.68925764,119.73582703,127.42702873,120.57215778,118.48345599,119.39873357,113.31134313,121.42859170,33.72135272,6.51862106,1.81758547,4.26852075,1.89586817,0.20000000,0.30000000,0.90000000,1.30000000,1.87465125,-0.02069463,0.00004000,0.00156020,0.00137218,0.00541506,0.00217787,-0.01608466,0.00674941,0.00519479
2023-10-10,111.31151161,119.23268990,107.43126619,109.01813650,121.18100023,99.72372374,112.07220713,119.40621298,112.85439324,111.29104153,112.00213853,106.71905493,113.87012917,31.23376524,6.66227727,1.82373289,4.32945582,1.91089695,0.20000000,0.30000000,0.90000000,1.30000000,1.87939781,-0.06477972,0.00004000,0.00167597,-0.00227016,0.00371175,-0.00189063,-0.00277558,0.00433423,-0.00272016
2023-10-11,115.79442089,124.03552373,111.61131433,113.28464558,126.36697178,104.18579222,116.75926916,124.32571179,117.62844173,115.70141088,116.51102889,110.85666827,118.42006959,33.66393788,6.59573985,1.79000697,4.40486287,1.84903357,0.20000000,0.30000000,0.90000000,1.30000000,1.82739178,0.03944370,0.00004000,0.00138896,0.00200566,0.00037948,0.00184969,0.00377403,-0.00108324,-0.00326429
2023-10-12,114.45208385,122.57818495,110.60817428,112.28332645,124.60599457,102.62572079,115.29708749,122.91697988,116.35326812,114.00179710,115.59664944,109.89047615,116.98598299,33.36787281,6.80224543,1.79494252,4.50934535,1.85086126,0.20000000,0.30000000,0.90000000,1.30000000,1.80020551,-0.01170013,0.00004000,-0.00116095,-0.00411240,0.00298396,-0.00037170,0.00734981,-0.00406773,-0.00276641
2023-10-13,112.22220284,120.26113415,108.53938189,110.28090019,122.00782436,100.47141899,113.23428827,120.74390379,113.95493280,111.97908396,113.49893581,107.96784908,114.89998298,32.15689931,6.74667154,1.78889319,4.47251334,1.83496458,0.20000000,0.30000000,0.90000000,1.30000000,1.76507015,-0.01971539,0.00004000,0.01463886,0.00491292,0.00187570,-0.00156744,0.00033727,0.00702960,-0.00294427
2023-10-16,109.48036900,117.17889861,105.99951285,107.31254084,118.85922503,97.80342900,110.28369425,117.52715144,110.93797305,109.03592110,111.08335899,105.54022694,111.99020502,31.58793574,6.32304017,1.77580946,4.37727870,1.95793815,0.20000000,0.30000000,0.90000000,1.30000000,1.80810424,-0.02477561,0.00004000,0.00275189,0.00367753,-0.00314487,-0.00374999,0.00492255,-0.00509044,-0.00167415
2023-10-17,114.19306332,122.29358806,110.22946327,111.92924540,123.86855081,101.88607221,115.20087226,122.77080288,115.65893867,113.15463850,115.60875150,110.01376808,117.05679193,32.98042603,6.68543055,1.83036489,4.27415999,1.90618694,0.20000000,0.30000000,0.90000000,1.30000000,1.89520327,0.04210530,0.00004000,0.00255569,-0.00724384,-0.00286421,0.00166316,0.00352900,-0.00317952,0.00004182
2023-10-18,118.57233635,127.24659106,114.64801020,116.29051015,128.42651852,105.69515979,119.50741605,127.70145349,120.00057789,117.85497186,120.00148030,114.43053068,121.29873878,33.78652688,6.74960610,1.82815788,4.18828233,1.90197674,0.20000000,0.30000000,0.90000000,1.30000000,2.05328428,0.03759265,0.00004000,0.00075721,-0.00693094,0.00335341,0.00381119,0.00529984,-0.00035365,-0.00054045
2023-10-19,118.11032484,126.53377627,114.16372431,116.00942133,127.89235807,105.38041884,118.97796158,126.67609945,119.48194225,117.35364387,119.58435817,114.33339907,120.93865296,34.46195409,6.50683334,1.81451326,4.29594890,1.94328020,0.20000000,0.30000000,0.90000000,1.30000000,1.79322418,-0.00394406,0.00004000,0.00295546,0.00560249,-0.00408956,-0.00014000,-0.00502942,-0.00326022,-0.00303966
2023-10-20,120.11120869,128.39900237,115.96409494,117.98566035,129.99308174,107.04609379,120.70153650,128.19045177,121.54137604,119.15791611,121.63739591,116.39122160,123.34979426,31.49707709,6.71827826,1.77312649,4.37708379,1.93164185,0.20000000,0.30000000,0.90000000,1.30000000,1.73383219,0.01675891,0.00004000,0.00369281,0.00098800,-0.00199293,0.00003986,0.01035545,0.00155601,-0.00280064
2023-10-23,119.41312162,127.74321366,115.32820562,116.72064238,128.70246416,106.26026043,120.07827108,127.27886886,120.95363321,118.65162852,121.02917077,115.88460319,122.68459024,33.65811115,6.44863673,1.75899418,4.35505965,1.94838631,0.20000000,0.30000000,0.90000000,1.30000000,1.77346983,-0.00586896,0.00004000,-0.00009669,0.00251380,-0.00608290,0.00691945,0.00240322,0.00168372,-0.00058703
2023-10-24,120.34477544,128.94701018,116.15461883,117.68529256,130.01739338,107.01291748,121.05664306,128.42902798,121.36590761,119.73951483,121.54629954,117.15441124,123.56826562,32.67494933,6.34348987,1.73914823,4.40357546,1.90368641,0.20000000,0.30000000,0.90000000,1.30000000,1.67682274,0.00773166,0.00004000,-0.00918900,-0.00615966,-0.00103423,0.00181679,-0.00608218,-0.00114359,0.00353040
2023-10-25,125.52206565,134.77054287,121.29090471,122.67464836,135.92171520,111.96357449,125.52493640,134.10325449,126.86947365,125.10870727,126.93680546,121.92886061,128.82195739,32.94741070,6.20265467,1.79113999,4.51109430,1.83456829,0.20000000,0.30000000,0.90000000,1.30000000,1.89618250,0.04208081,0.00004000,0.00405222,0.00203249,-0.00495076,-0.00107336,-0.00707827,-0.00169173,-0.00082606
2023-10-26,124.38416728,133.28985270,119.89954280,121.30471624,134.83542101,111.00272947,124.69199694,132.54304719,125.37468757,123.89025220,125.52663572,120.66960104,127.89137020,32.86112335,6.87012298,1.81084094,4.34989152,1.90086419,0.20000000,0.30000000,0.90000000,1.30000000,1.71371035,-0.00914667,0.00004000,0.01135429,0.00331558,0.00659159,0.00091814,0.00063204,0.00658205,0.00486896
2023-10-27,127.07870048,136.14128845,122.54527558,123.51742873,137.52412425,113.74871174,127.56450799,135.38720165,128.18492309,126.32389775,128.11425520,123.42917299,130.72856980,33.45006398,6.55804101,1.78653732,4.28320545,1.88280424,0.20000000,0.30000000,0.90000000,1.30000000,1.87966423,0.02139168,0.00004000,0.00106247,-0.00038857,-0.00311469,-0.00195141,0.00437719,-0.00315895,-0.00246225
2023-10-30,122.75465742,131.74764598,118.57548203,119.56675078,132.92120427,110.22326380,122.88928007,130.94637963,124.25111957,122.22552893,123.93780775,119.31267412,126.43372857,33.87969466,6.50358523,1.86536335,4.41797149,1.85208341,0.20000000,0.30000000,0.90000000,1.30000000,1.90418239,-0.03465888,0.00004000,-0.00209601,-0.00481587,0.00219832,-0.00174520,0.00386554,0.00060367,-0.00048978
2023-10-31,124.56857627,133.32112097,120.39430607,121.30541318,134.85439710,112.00224332,124.46754081,132.54761676,125.63341510,124.13974628,125.74256220,121.02704382,128.09856451,33.11239805,6.75829314,1.83098599,4.46979135,1.85247528,0.20000000,0.30000000,0.90000000,1.30000000,1.75959863,0.01462867,0.00004000,0.00787043,-0.00382091,0.00526595,-0.00398234,0.00440110,0.00351381,-0.00029705
2023-11-01,124.17147471,133.23443856,120.08612080,120.65732198,134.74736420,111.63215614,124.07787993,132.14812757,125.52101940,124.10925312,125.72845695,121.06464218,128.11164985,33.61247410,6.33835358,1.79700532,4.51794291,1.91287584,0.20000000,0.30000000,0.90000000,1.30000000,1.83417031,-0.00323291,0.00004000,-0.00027867,0.00524853,0.00144839,0.00179323,0.00106254,0.00106718,-0.00406681
2023-11-02,123.77629842,133.02479491,119.86796729,120.30405382,133.79229933,111.02398169,123.82300559,131.28123041,125.17270415,123.68981439,125.37783359,120.91136442,127.92737032,31.93225998,6.64749814,1.90631753,4.58735139,1.90424526,0.20000000,0.30000000,0.90000000,1.30000000,1.77104151,-0.00322758,0.00004000,-0.00366144,0.00298200,-0.00272570,0.00252693,-0.00949592,0.00263264,0.00568976
2023-11-03,124.56315753,133.94426393,120.75108698,120.79544714,134.78869064,111.49164966,125.07377843,131.81641076,126.15918940,124.76398088,125.57963387,121.60307102,128.75902759,31.25433782,6.71008824,1.85427781,4.55909193,1.98312134,0.20000000,0.30000000,0.90000000,1.30000000,1.81153583,0.00629699,0.00004000,0.00196259,0.00975044,-0.00195304,0.00314143,0.00229854,-0.00450368,0.00020261
2023-11-06,119.31850300,128.83200876,115.55195794,115.83920862,129.26396413,106.69474437,120.15963532,126.40589671,120.97283524,119.10129383,120.34538796,116.76170926,123.64491611,32.85618376,6.52243619,1.76235961,4.29383357,1.93964491,0.20000000,0.30000000,0.90000000,1.30000000,1.77506057,-0.04305646,0.00004000,-0.01155369,0.00040770,0.00381100,0.00314597,-0.00118259,-0.00067067,-0.00101064
2023-11-07,116.65617725,126.23703424,113.01027999,113.46322654,126.74847138,104.38736956,117.47223298,123.53051036,118.47016711,116.22374782,117.43577444,113.89099078,121.00461153,33.36872705,6.69308955,1.68753403,4.41798000,1.92959320,0.20000000,0.30000000,0.90000000,1.30000000,1.72674793,-0.02260546,0.00004000,0.00764099,-0.00716071,0.00499134,-0.00037847,-0.00035847,-0.00922901,0.00232130
2023-11-08,116.57936609,126.51108372,113.30277222,113.42894885,126.15066079,104.21089177,117.45612887,123.61401131,118.59098144,116.47269877,117.52323445,113.82893439,120.74357111,34.57565462,6.45023692,1.81870317,4.43935241,1.76881307,0.20000000,0.30000000,0.90000000,1.30000000,1.79716941,-0.00069866,0.00004000,0.00458083,0.00456198,-0.00466330,0.00165132,-0.00438727,-0.00589683,-0.00235364
2023-11-09,120.73852124,130.93601294,117.68080364,117.33152135,130.54676038,107.88238454,121.58929341,128.07021879,122.76849253,120.45341991,121.62747818,117.68092398,125.16249992,32.03154093,6.72342717,1.78278221,4.47221148,1.89615154,0.20000000,0.30000000,0.90000000,1.30000000,1.81924335,0.03501493,0.00004000,-0.00258099,-0.00216280,-0.00107155,0.00366845,0.00213184,-0.00786653,-0.00416523
2023-11-10,119.92563490,129.91470643,116.89370280,116.21131884,129.83083385,106.80568060,120.84439430,126.57464232,122.56889284,119.03713721,120.57652106,117.00254703,124.23651009,32.99584105,6.78677816,1.80249651,4.33973756,1.93033809,0.20000000,0.30000000,0.90000000,1.30000000,1.71500198,-0.00679538,0.00004000,-0.00084694,0.00478081,-0.00520484,0.00035793,-0.00151345,0.00216780,-0.00185150
2023-11-13,116.45060012,126.00118378,113.62921801,112.48425141,126.04497046,103.86589317,117.42123483,122.93639987,118.97368165,115.55349497,116.65835217,113.79729173,120.37063911,33.84840557,6.64802682,1.83478436,4.36691516,1.88024735,0.20000000,0.30000000,0.90000000,1.30000000,1.76363364,-0.02944469,0.00004000,-0.00289122,-0.00455509,-0.00189288,-0.00004744,0.00265136,-0.00262254,0.00217672
2023-11-14,117.97462994,127.67290036,114.96176727,114.13394495,127.77471907,104.90082216,118.54394200,124.98952593,120.48333255,117.05327594,118.50409751,115.20209314,122.01024029,31.38962054,6.47307675,1.87812814,4.55905701,1.87453827,0.20000000,0.30000000,0.90000000,1.30000000,1.70533133,0.01296245,0.00004000,0.00656010,0.00491276,-0.00850571,-0.00266768,0.00074652,-0.00273289,-0.00211037
2023-11-15,120.97353575,130.99123188,117.85327296,117.64093218,130.64093546,107.50759406,121.57681378,128.04076487,123.92763861,119.79013669,121.66081870,117.96279146,124.99319489,33.23212687,6.70513788,1.77537220,4.30783383,1.92445405,0.20000000,0.30000000,0.90000000,1.30000000,1.96334780,0.02506221,0.00004000,-0.00316756,0.00181843,0.00236794,0.00578980,0.00411975,-0.00187673,-0.00113738
2023-11-16,124.36104823,135.17964239,121.24912613,120.46860750,134.44466247,110.38124019,125.05010062,131.58421107,127.34669454,123.42320693,124.78437158,121.41778828,128.28999439,32.68721407,6.24551677,1.74011600,4.37674335,1.79801848,0.20000000,0.30000000,0.90000000,1.30000000,1.66488892,0.02757721,0.00004000,0.00023026,-0.00030969,0.00286411,0.00281414,0.00021419,-0.00154431,-0.00257679
2023-11-17,130.38372646,141.58059994,127.22113878,126.36003684,141.09830872,115.52950442,131.42536931,137.85514777,134.28265141,129.70044923,130.59786645,127.45796437,134.59574639,32.79866375,6.75038833,1.74103763,4.32393284,1.89744180,0.20000000,0.30000000,0.90000000,1.30000000,1.85425729,0.04725283,0.00004000,-0.00643287,-0.00001459,-0.00125659,0.00029547,-0.00385505,-0.00113273,-0.00299941
2023-11-20,129.82916276,140.36902337,126.90969547,125.74896600,141.02732909,115.21514023,130.71497481,137.30383096,133.88378481,129.18406321,130.09839840,127.21698785,133.79818737,33.77106504,6.67749520,1.78154383,4.47821574,1.90285558,0.20000000,0.30000000,0.90000000,1.30000000,1.77409932,-0.00430239,0.00004000,0.00477337,0.00060340,0.00027997,-0.00177181,0.01310845,-0.00058811,0.00144680
2023-11-21,127.74064919,138.32466712,124.80491133,123.80288010,138.69343818,113.16484679,129.01750796,134.84569404,131.87612834,127.28747808,128.01369704,125.16541361,131.58206332,31.75024051,6.78372682,1.74315414,4.43189599,1.91174352,0.20000000,0.30000000,0.90000000,1.30000000,1.78526152,-0.01625742,0.00004000,0.01173643,0.00690834,-0.00049399,0.00307020,-0.00162325,-0.00299773,0.00331605
2023-11-22,127.38742667,137.87686893,124.32019049,123.64531719,138.31531441,112.79272120,128.82029656,134.25601675,131.35011282,127.09123199,127.76952856,125.16950494,131.38013654,32.97620121,6.79570482,1.78350111,4.61761755,1.91504686,0.20000000,0.30000000,0.90000000,1.30000000,1.85781744,-0.00280898,0.00004000,0.00127766,-0.00079440,-0.00163682,-0.00660973,0.00262634,-0.00216351,-0.00177551
2023-11-23,125.97463227,136.13476583,122.63590946,121.89907398,136.93040652,111.92050202,127.53673805,133.13543081,130.03541741,126.00338197,126.53925071,123.39339812,130.13876463,32.11226406,6.73290327,1.81220830,4.33107030,1.87866762,0.20000000,0.30000000,0.90000000,1.30000000,1.80584747,-0.01119249,0.00004000,0.00449636,0.00281896,0.00155033,-0.00384247,-0.00068649,-0.00646599,0.00393992
2023-11-24,125.77691268,135.72035181,122.39133728,121.66490408,136.96544046,112.04744726,127.27629318,132.44700639,129.79928371,125.70850751,125.71208405,123.44283499,130.26836886,33.88006442,6.79029181,1.82698089,4.34345529,1.92803555,0.20000000,0.30000000,0.90000000,1.30000000,1.88676035,-0.00161075,0.00004000,-0.00558194,-0.00796803,-0.00166793,-0.00335348,0.00161687,-0.00174275,-0.00041547
2023-11-27,125.97882258,136.31516296,122.52596194,122.08540659,136.98464626,112.31604077,127.61739216,132.67079732,129.59484982,126.05890607,125.88002911,123.54720216,130.75531499,32.89882839,6.63938325,1.77621675,4.28627407,1.92821183,0.20000000,0.30000000,0.90000000,1.30000000,1.80205942,0.00156401,0.00004000,-0.00254827,-0.00511452,-0.00047019,0.00140066,0.00578193,-0.00297306,-0.00157240
2023-11-28,125.21236071,135.51980987,121.84258667,121.54874161,136.13449779,111.80566918,127.00970402,131.84963384,128.42080244,125.37712295,124.87031543,122.58511041,130.31356685,31.97379540,6.63049860,1.83079275,4.32390982,1.92778490,0.20000000,0.30000000,0.90000000,1.30000000,1.91795654,-0.00614264,0.00004000,-0.01041407,-0.00847825,0.00746936,-0.00244028,0.00109326,-0.00270546,-0.00246189
2023-11-29,118.58258328,128.89832778,115.29565757,115.26400594,128.91089682,105.42073528,120.26603903,124.49374562,121.56674044,118.69285904,118.00531937,116.20321458,123.71697607,35.28017114,6.40392199,1.78848119,4.31978285,1.91153710,0.20000000,0.30000000,0.90000000,1.30000000,1.81071081,-0.05444156,0.00004000,-0.00102395,0.00122866,-0.00174829,0.00478006,-0.00768928,0.00337305,-0.00222945
2023-11-30,119.56364380,129.80443462,115.98746214,116.34068902,130.24247123,106.13368097,120.69450830,125.51522265,122.99549978,119.84284170,118.97293503,117.15450114,124.86401909,34.53348939,6.44229830,1.83349317,4.40419962,2.02965797,0.20000000,0.30000000,0.90000000,1.30000000,1.89092123,0.00819919,0.00004000,-0.00444076,0.00029624,-0.00579845,0.00051993,0.00665402,-0.00488669,-0.00069530
2023-12-01,117.68724763,127.74742122,113.86370505,114.50124547,127.98782746,104.37026941,119.09218796,123.14817092,121.20357295,118.26031466,117.24410202,115.19636292,122.96588084,34.68833085,6.45965116,1.85609328,4.32643836,1.94801676,0.20000000,0.30000000,0.90000000,1.30000000,1.77627856,-0.01585815,0.00004000,0.00345153,-0.00869392,0.00054312,-0.00000781,-0.00567716,-0.00209156,0.00350440
2023-12-04,124.19427748,134.89648446,120.08457066,120.90098819,134.94906525,110.00938894,125.79213401,129.92366919,128.21555603,124.99204759,123.82463523,121.62345647,128.97361412,33.16089098,6.97126040,1.77191124,4.41101313,1.89889932,0.20000000,0.30000000,0.90000000,1.30000000,1.70599236,0.05377643,0.00004000,-0.00021942,-0.00488631,0.00617623,-0.00516882,-0.00315034,-0.00085576,-0.00156283
2023-12-05,125.43849135,136.28384759,121.02918210,122.04471050,136.09925604,111.46769797,127.19695777,131.38921405,129.62225853,126.41438668,124.96661757,122.54649953,130.49381623,32.77422736,6.36954606,1.87495228,4.29792775,1.90208791,0.20000000,0.30000000,0.90000000,1.30000000,1.72506653,0.00992844,0.00004000,-0.00535702,0.00167492,0.00299377,-0.00216558,0.00064157,-0.00036145,0.00216335
2023-12-06,126.56263847,137.40888314,122.02259003,123.11733329,137.59852999,112.40511508,128.16529088,132.76904470,130.60243688,127.45447739,126.53849136,123.70590026,131.36209138,33.50594501,6.31970760,1.74562118,4.56798336,1.93495748,0.20000000,0.30000000,0.90000000,1.30000000,1.75467539,0.00888182,0.00004000,-0.00356385,0.00223628,0.00843153,0.00042519,-0.00542724,-0.00073589,0.00316142
2023-12-07,125.52708791,136.57877156,121.07759963,122.23783476,136.53202616,111.58826878,126.70345234,132.06854129,129.50333289,126.41999531,125.63773301,122.63210998,130.62800077,33.04167454,6.82309326,1.77084536,4.46960784,1.96693593,0.20000000,0.30000000,0.90000000,1.30000000,1.91014208,-0.00825578,0.00004000,-0.00136486,0.00170779,-0.00314286,-0.00329126,-0.00048323,-0.00079788,0.00143613
2023-12-08,119.87385751,130.58179376,115.61787106,117.15514220,130.20390895,106.11326028,120.93725512,126.44111277,123.69340044,120.93706429,120.04786331,116.96454466,125.00514253,32.24155514,6.55049316,1.79160217,4.39826181,1.95296772,0.20000000,0.30000000,0.90000000,1.30000000,1.77367724,-0.04612157,0.00004000,-0.00346031,-0.00939201,-0.00337341,-0.00116557,0.01199528,0.00049674,0.00303288
2023-12-11,114.32161873,124.72267326,110.54551441,111.80597010,123.95346979,101.10582024,115.59769456,121.23614126,118.28944446,115.53435702,114.32297223,111.61269705,119.54103980,33.22696447,6.69526735,1.83866322,4.31985259,1.92587620,0.20000000,0.30000000,0.90000000,1.30000000,1.70284712,-0.04746431,0.00004000,-0.00270707,-0.00113720,0.00583964,-0.00107853,0.00056217,-0.00067655,0.00078415
2023-12-12,115.77926459,126.15277783,111.87058983,113.27143723,125.59935035,102.00743224,117.39917894,122.91146426,119.75782109,117.10168302,115.79744896,113.05902210,121.29299850,33.35251233,6.52337682,1.80380023,4.41587573,1.89174008,0.20000000,0.30000000,0.90000000,1.30000000,1.86599248,0.01262979,0.00004000,0.00170108,-0.00940326,-0.00108729,0.00106647,-0.00765828,-0.00086952,0.00001428
2023-12-13,112.02213329,122.10602488,108.16527291,109.25326031,121.88606616,98.81754504,113.33259602,118.56929965,115.55431383,113.38444189,111.78187557,109.56007088,117.02231699,32.30878505,6.68985517,1.85678545,4.51638014,1.84787265,0.20000000,0.30000000,0.90000000,1.30000000,1.76946652,-0.03302902,0.00004000,-0.00314111,0.00256929,-0.00411033,-0.00069796,-0.00593024,-0.00043471,-0.00281241
2023-12-14,110.13854637,119.56914633,106.41950607,107.51499701,119.53340227,97.20712632,111.64680552,117.25918430,113.59601818,111.70629963,109.91745811,106.96649767,114.98777600,34.63726410,6.50610085,1.76685815,4.31004799,1.87135940,0.20000000,0.30000000,0.90000000,1.30000000,1.67059743,-0.01699738,0.00004000,0.00379471,-0.00123655,-0.00915958,0.00032305,0.00655816,-0.00734255,0.00503509
2023-12-15,112.57512096,122.57674832,108.59510156,110.00813589,122.43498076,99.59293760,113.86226504,119.38101039,116.31028003,114.40919027,112.26961827,109.35991287,117.90747346,33.23843331,6.46971881,1.79760478,4.18607631,1.91423039,0.20000000,0.30000000,0.90000000,1.30000000,1.71532746,0.02184165,0.00004000,-0.00072897,-0.00144499,-0.00564864,0.00230564,0.00065431,-0.00179063,0.00470880
2023-12-18,114.74909986,125.31561431,110.49152874,112.04085800,124.74875272,101.33398804,116.06347821,121.41349557,118.27659667,116.89983752,114.23734476,111.38037600,120.29316611,33.00897475,6.27822123,1.88624631,4.44916406,1.89887576,0.20000000,0.30000000,0.90000000,1.30000000,1.83277200,0.01908726,0.00004000,-0.01277762,-0.00148707,-0.00311468,-0.00219887,0.00784604,0.00202837,0.00245374
2023-12-19,116.41542946,127.24165715,112.50979828,113.54290545,126.54534628,102.70049726,118.28925568,123.13046949,120.06571372,118.49448992,116.09766400,113.29126841,121.74876164,33.61474348,6.72624359,1.81952211,4.39863858,1.85092906,0.20000000,0.30000000,0.90000000,1.30000000,1.83796436,0.01437708,0.00004000,-0.00665040,0.00206561,0.00074948,0.00668248,-0.00020092,0.00155748,-0.00134730
2023-12-20,113.90420856,124.15322088,110.09579714,111.27573709,123.95734159,100.28714637,116.16852444,120.45933455,117.21781868,116.07750596,113.36326884,110.83675252,118.83826725,32.80961992,6.36965039,1.81260165,4.31946696,1.91875839,0.20000000,0.30000000,0.90000000,1.30000000,1.81925158,-0.02184726,0.00004000,-0.00605246,-0.00550166,-0.00346078,-0.00435836,-0.00928625,0.00572292,-0.00243168
2023-12-21,114.72993378,125.22272448,110.53903050,112.18928914,124.63978269,101.16953113,116.79302180,121.52434437,117.97054366,116.61368693,114.55372022,111.58039215,119.87678811,31.80874556,6.68949481,1.81363799,4.46493529,1.91627123,0.20000000,0.30000000,0.90000000,1.30000000,1.76933948,0.00718315,0.00004000,0.00580328,-0.00021584,-0.00208781,-0.00349091,-0.00612584,-0.00149454,0.00134583
2023-12-22,112.44283627,122.65118830,108.15650813,110.21280982,122.33352781,99.11153566,114.25315540,118.93808624,115.82065462,114.30987543,112.12352451,109.11034324,117.33835228,33.25651087,6.55283891,1.81661120,4.68739116,1.95493158,0.20000000,0.30000000,0.90000000,1.30000000,1.82372673,-0.02017599,0.00004000,-0.00124991,-0.00236735,0.00578895,0.00128921,-0.00560637,0.00005332,-0.00641214
2023-12-25,113.43065971,124.01795414,108.99766982,110.91031678,123.13285396,100.29768278,115.50076607,120.24746535,116.74675744,115.10337227,113.08056971,110.48563327,118.65593608,32.95156567,6.50169837,1.81515487,4.47076047,1.92368754,0.20000000,0.30000000,0.90000000,1.30000000,1.85362354,0.00870675,0.00004000,-0.00224696,0.00258604,0.00312026,0.00015392,0.00493955,0.00383753,-0.00029716
2023-12-26,110.41246377,120.45425662,106.02276043,107.59947544,119.96886435,97.64967876,112.61833379,116.98753589,113.86003550,111.93378766,110.23156472,107.81761499,115.23959390,33.94961888,6.44243669,1.78440771,4.44086468,1.99801683,0.20000000,0.30000000,0.90000000,1.30000000,1.86175245,-0.02700870,0.00004000,-0.00155182,-0.00244628,-0.00322695,-0.00260847,0.00359058,-0.00425122,-0.00029812
2023-12-27,108.20661160,118.13078861,103.94531985,105.37095398,117.38146389,95.24414232,110.29322451,114.61592216,111.29830839,109.34119587,108.31051350,105.49120680,113.01223963,32.58110440,6.51502215,1.77168867,4.45371402,1.91807818,0.20000000,0.30000000,0.90000000,1.30000000,1.75992748,-0.02022055,0.00004000,0.00198063,-0.00127777,-0.00161153,0.00101119,0.00306681,0.00313898,0.00536609
2023-12-28,104.96944607,114.21181911,100.91786406,102.08776018,114.01428071,92.67501495,106.89072369,111.47278632,107.99342296,106.27371839,104.67250255,102.37457137,109.22207849,33.49506658,6.74751609,1.80425278,4.35089585,1.91564007,0.20000000,0.30000000,0.90000000,1.30000000,1.70101773,-0.03041315,0.00004000,0.00228760,0.00224988,-0.00022901,0.00058106,-0.00446434,0.00343593,-0.00318291
2023-12-29,104.47626290,113.54684021,100.24958023,101.57096713,113.26853694,92.22840519,106.22712988,111.16684332,107.64737774,105.75032197,104.26498856,102.14510210,108.81124497,32.92711969,6.68108623,1.76383565,4.45487784,1.81707432,0.20000000,0.30000000,0.90000000,1.30000000,1.74384728,-0.00474942,0.00004000,-0.00527794,0.00736913,0.00022599,-0.00045703,-0.00434618,-0.00031239,-0.00067144
2024-01-01,102.46806987,111.82142498,98.08934876,99.63474620,110.98060872,90.41386477,104.32995885,108.49766858,105.41325001,104.00889633,101.78919427,100.29615236,106.62649128,34.13906161,6.32044634,1.80981348,4.16797226,1.97635669,0.20000000,0.30000000,0.90000000,1.30000000,1.80732363,-0.01944866,0.00004000,-0.00603781,-0.01195183,0.00539793,0.00416686,-0.00507041,-0.00387125,0.00124938
2024-01-02,102.61978320,112.01318561,98.23745004,100.01718382,111.39702633,90.31367124,104.35506060,108.78409494,105.45257381,103.93711776,102.07662094,100.44582854,106.52091415,33.31510001,6.48021518,1.83327730,4.54268819,1.96931983,0.20000000,0.30000000,0.90000000,1.30000000,1.80914062,0.00143950,0.00004000,0.00628264,0.01059439,0.00209911,0.00500634,0.00069189,0.00048008,-0.00058235
2024-01-03,98.36335700,107.69098539,94.27131733,95.80165725,107.03324463,86.60474400,100.20523316,104.51524136,101.07812572,99.58302151,97.85908508,95.99971403,102.16416887,33.65288200,6.67762417,1.89853019,4.52394353,1.96096052,0.20000000,0.30000000,0.90000000,1.30000000,1.82580933,-0.04240239,0.00004000,0.00211119,0.00302236,-0.00110201,0.00218826,-0.00259351,-0.00217662,-0.00529211
2024-01-04,98.10438164,107.70322151,93.89581958,95.34900942,106.69689878,86.25628650,100.11077159,104.20732840,100.53974808,98.97798826,97.30834779,96.05493167,101.96685516,33.12398936,6.53111395,1.81487828,4.27381006,1.92825730,0.20000000,0.30000000,0.90000000,1.30000000,1.88850170,-0.00267632,0.00004000,-0.00343468,0.00587688,-0.00039028,-0.00114037,-0.00841627,0.00642248,-0.00600929
2024-01-05,96.10212004,105.55583815,91.97661510,93.45202170,104.24259055,84.23043673,97.90477759,102.27168701,98.50232545,96.93778373,95.36164940,93.99798521,99.86278842,33.26714697,6.56484874,1.79421958,4.34534051,1.90340231,0.20000000,0.30000000,0.90000000,1.30000000,1.87896707,-0.02066065,0.00004000,-0.00042544,0.00302587,-0.00286348,0.00349986,0.00930613,0.00594059,0.00450723
2024-01-08,97.62635733,106.99377573,93.38682194,94.95452315,105.63383664,85.75449760,99.67603949,103.82595157,99.92882091,98.22724498,96.73520164,95.25764138,101.50358125,31.99709412,6.55925200,1.82177889,4.34315886,1.90518772,0.20000000,0.30000000,0.90000000,1.30000000,1.84190420,0.01569614,0.00004000,0.00075101,-0.00476055,-0.00167046,-0.00117992,-0.00254028,0.00163568,-0.00126634
2024-01-09,99.56093161,109.01445443,95.34607705,96.56276262,107.60455850,87.54634546,101.47511093,105.86348546,101.80856595,100.29419643,98.95554983,97.38037282,103.54345114,34.79918304,6.61722045,1.72529838,4.42500294,1.92532137,0.20000000,0.30000000,0.90000000,1.30000000,1.76646379,0.01958232,0.00004000,-0.00112719,-0.00247798,0.00087210,0.00134331,-0.00173709,0.00736020,0.00127852
2024-01-10,97.19547599,106.52255461,93.38735488,94.26002013,105.36338836,85.67400214,98.90656593,103.10862330,99.46676433,97.73875484,96.35670409,94.92185035,100.85669842,31.39322476,6.52318803,1.79660438,4.41252092,1.92048276,0.20000000,0.30000000,0.90000000,1.30000000,1.70989354,-0.02408567,0.00004000,-0.00463850,-0.00405879,-0.00255336,-0.00178845,-0.00351428,-0.00018039,-0.00102719
2024-01-11,95.45963196,104.59955848,91.62670370,92.53729744,103.21880264,84.30720380,97.45005666,101.47570226,97.22954642,95.90198016,94.63676597,93.23199339,99.19150742,31.64323674,6.47891080,1.77656164,4.33845914,1.90549675,0.20000000,0.30000000,0.90000000,1.30000000,1.68983715,-0.01806071,0.00004000,0.00368495,0.00101052,-0.00184513,0.00020755,0.00209080,0.00142037,-0.00173198
2024-01-12,95.18436232,104.11270402,91.22350459,92.25594224,102.80728778,83.82779754,97.24462411,101.06897693,96.71269948,95.72015485,94.79593481,92.80568343,98.86734831,32.03092981,6.84003320,1.77069996,4.33171241,1.96351491,0.20000000,0.30000000,0.90000000,1.30000000,1.77620135,-0.00292779,0.00004000,0.00361397,0.00066228,-0.00686986,0.00174405,0.00231724,-0.00073457,0.00790992
2024-01-15,96.17194304,105.16009399,92.18219929,93.33022491,104.10993850,84.72577261,98.26880528,101.94760510,97.65277858,96.47155849,95.92274268,93.40990350,99.78865887,32.07005601,6.76521818,1.84223939,4.29619554,1.89546154,0.20000000,0.30000000,0.90000000,1.30000000,1.87853133,0.01028200,0.00004000,-0.00802966,0.00161742,-0.00352631,-0.00162213,-0.00718624,-0.00114086,-0.00154282
2024-01-16,93.25206304,102.02622841,89.21071325,90.19902699,100.74750924,82.26031332,94.94635772,98.66309789,94.75027831,93.50045200,92.92540382,90.70723837,96.66605061,33.96498174,6.51317120,1.76774232,4.59378148,1.97335490,0.20000000,0.30000000,0.90000000,1.30000000,1.88741437,-0.03087148,0.00004000,-0.00117662,0.00216426,0.00205442,-0.00177626,-0.00811798,0.00339281,0.00340085
2024-01-17,96.00764487,104.56401765,91.82926178,92.90213720,103.50277898,84.77509504,97.76985819,101.40509778,97.49292620,96.36335177,95.58344391,93.48515533,99.44819400,32.23156457,6.43918111,1.76570841,4.64325966,1.85357215,0.20000000,0.30000000,0.90000000,1.30000000,1.80711473,0.02908164,0.00004000,0.00286054,-0.00297845,0.00507209,0.00359818,0.00669749,0.00024399,0.00386103
2024-01-18,97.36324380,106.01775292,93.25106678,94.56709504,105.18310568,86.34446713,99.19894441,102.81088998,98.64193312,97.74910713,96.80431866,94.70805719,100.78687728,33.20189720,6.62470288,1.76427231,4.32670140,1.88635930,0.20000000,0.30000000,0.90000000,1.30000000,1.81761109,0.01398094,0.00004000,0.00364760,0.00210227,0.00494725,0.00587707,-0.00283001,0.00618204,0.00226995
2024-01-19,96.75549610,105.24319192,92.85269584,93.80688670,104.68936001,85.83228890,98.57655417,101.94480104,97.85107175,96.88323701,96.31702668,93.68390042,100.57556706,33.31558276,6.63664591,1.79431647,4.28764192,2.01654614,0.20000000,0.30000000,0.90000000,1.30000000,1.81854913,-0.00630163,0.00004000,-0.00010059,-0.01129926,-0.00740261,0.00214424,0.01338321,-0.00636149,0.00145601
2024-01-22,94.78933992,103.18202509,90.77059652,92.10516873,102.57697399,83.91284615,96.47213385,99.95676776,95.84318481,95.18421435,94.36178772,91.53362492,98.42287219,33.00678305,6.71411883,1.83131275,4.33075027,1.84986961,0.20000000,0.30000000,0.90000000,1.30000000,1.80319131,-0.02057018,0.00004000,-0.00638936,0.00234968,0.00556442,0.00370487,-0.00259577,-0.00526315,-0.00522668
2024-01-23,93.48975027,101.78896026,89.23767985,91.07498091,101.08683206,82.88494390,95.16713639,98.43173387,94.21605715,93.98934703,92.98258834,90.53809054,96.96681443,33.39664722,6.34693196,1.83957137,4.33841218,1.87807655,0.20000000,0.30000000,0.90000000,1.30000000,1.87911967,-0.01384515,0.00004000,0.00249035,0.01628196,0.00274950,-0.00121619,-0.00216802,0.00222519,0.00047236
2024-01-24,91.52849528,99.62070826,87.65499034,88.96759194,99.27521438,81.24317149,93.04485290,96.53483345,91.96025343,91.99757477,90.87880863,88.65572581,94.86837012,31.61671835,6.51014783,1.78320770,4.43351770,1.90314823,0.20000000,0.30000000,0.90000000,1.30000000,1.77568063,-0.02124146,0.00004000,0.00662591,0.01046847,-0.00038060,-0.00330279,0.00504871,0.00798311,0.00356479
2024-01-25,92.18403628,100.31368851,88.39321793,89.50187526,99.96675102,81.83209334,93.92506086,97.13916287,92.40554322,92.63052561,91.29941031,89.27692900,95.73969689,31.72546661,6.63478534,1.81976314,4.50159038,1.91152420,0.20000000,0.30000000,0.90000000,1.30000000,1.69810585,0.00709663,0.00004000,-0.00590715,0.00167819,0.00031454,-0.00128393,-0.00872971,0.00682659,0.00319014
2024-01-26,90.60826218,98.64093874,86.82947823,88.00052914,98.13247092,80.48079970,92.42762261,95.27736381,90.88930288,91.18774308,89.63684235,87.63771442,94.56827495,32.47865005,6.78392205,1.78985988,4.39862658,1.88246614,0.20000000,0.30000000,0.90000000,1.30000000,1.75960303,-0.01728157,0.00004000,0.00762262,-0.00392596,0.00365273,0.00545396,0.00515081,-0.00454896,0.00247163
2024-01-29,88.31319954,95.97415381,84.60728604,85.93400472,95.84153133,78.43070565,90.06332774,92.97535510,88.66648450,88.76801992,87.44801922,85.29319819,92.31129716,32.26873325,6.73285370,1.73011255,4.39000556,1.87163205,0.20000000,0.30000000,0.90000000,1.30000000,1.95357763,-0.02569582,0.00004000,0.00456264,0.00227579,-0.00209986,0.00230757,0.00314179,-0.00256988,-0.00091127
2024-01-30,86.34932536,94.06250596,82.68252701,83.82815660,93.55016797,76.49869740,87.92211424,90.70954359,86.35250664,86.34039127,85.34882726,83.43807587,90.20757166,31.47872073,6.51054034,1.78192745,4.15216511,1.92433220,0.20000000,0.30000000,0.90000000,1.30000000,1.78016750,-0.02252859,0.00004000,0.00427504,-0.00134277,-0.00255272,-0.00043930,-0.00703398,-0.00059547,-0.00298251
2024-01-31,85.61354056,93.11249259,82.00819710,83.06521834,92.70281359,75.88668162,87.11283206,90.04953279,85.69359536,85.54805710,84.66986809,82.79988144,89.71681170,32.93933644,6.96990255,1.77102824,4.57089702,1.91333485,0.20000000,0.30000000,0.90000000,1.30000000,1.81245692,-0.00859754,0.00004000,0.00649560,-0.00936873,-0.00209479,0.00108702,0.00809207,-0.01213301,0.00244954
2024-02-01,84.47091113,92.01426081,80.89917518,82.35761200,91.54452918,74.86417152,86.26319938,89.15950822,84.22542012,84.35950126,83.62460032,81.76593493,88.48499123,32.75174840,6.70084172,1.75513791,4.41966593,1.91760979,0.20000000,0.30000000,0.90000000,1.30000000,1.74953336,-0.01347623,0.00004000,-0.00472213,-0.00662574,0.00146584,0.00000455,-0.01169899,0.00333330,-0.00158534
2024-02-02,85.31014211,92.83433166,81.85131601,82.95805660,92.71403554,75.68571423,87.07551593,90.14850189,85.23710558,85.24351528,84.66537034,82.61438168,89.20465030,33.85908979,6.69758831,1.75803965,4.55289398,1.94569022,0.20000000,0.30000000,0.90000000,1.30000000,1.86447684,0.00984612,0.00004000,0.01319946,-0.00135410,0.00098345,-0.00231868,-0.00726952,0.00827640,0.00066486
2024-02-05,85.73028256,93.50018075,82.22505073,83.07088993,93.17601387,76.12032206,87.73396503,90.66206055,85.58708352,85.45341855,85.11153607,82.97159368,89.57653208,31.85675104,6.91341022,1.83667609,4.25788115,1.93167051,0.20000000,0.30000000,0.90000000,1.30000000,1.84603675,0.00487277,0.00004000,-0.00641028,0.00952306,0.00790346,-0.00294892,0.00778931,-0.00310238,-0.00211136
2024-02-06,83.09587129,90.44884289,79.96495131,80.40321004,90.14125707,73.89300665,84.95664978,88.27032190,82.70945823,82.77483667,82.50701435,80.42875554,86.76122417,32.62239541,6.58977600,1.75772114,4.51186534,1.83679337,0.20000000,0.30000000,0.90000000,1.30000000,1.79371244,-0.03125110,0.00004000,-0.00892622,0.00350181,0.00251564,-0.00045566,-0.00079535,0.00282212,-0.00312170
2024-02-07,81.07998431,88.14633534,78.10051831,78.21835555,88.34179531,71.95497341,82.74022169,86.13811049,81.02469207,80.82330982,80.70736059,78.29902058,84.91436555,32.14168954,6.71731061,1.73521149,4.55981721,1.83703484,0.20000000,0.30000000,0.90000000,1.30000000,1.89372449,-0.02459889,0.00004000,0.01026634,0.00299506,0.00098561,-0.00456938,-0.00613859,-0.00096077,-0.00094772
2024-02-08,81.44096973,88.52837022,78.55875132,78.64336467,88.37540764,72.41668777,83.35338543,86.60529949,81.37585096,81.09229899,81.01004811,78.75668278,85.47559597,34.08197395,6.68823081,1.77612903,4.38849882,1.98553741,0.20000000,0.30000000,0.90000000,1.30000000,1.75528340,0.00440233,0.00004000,0.00291578,-0.00229737,0.00256103,0.00330874,-0.00223747,-0.00051444,0.00207064
2024-02-09,81.28929199,88.45349735,78.38979459,78.43444401,88.40020400,72.16514449,83.32828633,86.68828895,81.39753717,80.97523705,80.52182539,78.90408062,85.61139067,33.39275326,6.70304081,1.81244412,4.33440550,1.92078934,0.20000000,0.30000000,0.90000000,1.30000000,1.78002164,-0.00190416,0.00004000,-0.00382327,-0.00507078,-0.00011033,-0.00119585,0.00385915,-0.00646925,0.00162869
2024-02-12,81.51159369,88.72752869,78.69118502,78.54009921,88.80990623,72.28668167,83.85747634,87.16807303,81.88750077,80.93589534,81.04905806,79.21107399,85.80083515,31.07003519,6.74098703,1.85421308,4.35523672,1.89763165,0.20000000,0.30000000,0.90000000,1.30000000,1.66535474,0.00269097,0.00004000,-0.00039630,0.00572552,0.00054675,0.00325062,-0.00299536,-0.00315427,-0.00382675
2024-02-13,80.06419251,87.21835341,77.34096642,77.20054241,87.23300959,70.85565589,82.35149368,85.67777433,80.49111139,79.40156214,79.53399374,77.83263279,84.19521511,32.44974177,6.79006424,1.78915852,4.28043521,1.94258170,0.20000000,0.30000000,0.90000000,1.30000000,1.76372207,-0.01795654,0.00004000,0.00594674,-0.00488222,0.00640179,-0.00078907,0.00926677,0.00110118,-0.00185034
2024-02-14,80.82468093,87.83571335,78.25645810,77.72386763,88.03962329,71.58534185,83.27603428,86.51310266,81.13901364,80.31548885,80.32372797,78.65356257,84.83746359,31.90857904,6.54540862,1.75052142,4.25403832,1.95146756,0.20000000,0.30000000,0.90000000,1.30000000,1.94735448,0.00941366,0.00004000,-0.00937555,0.01128548,0.00047317,0.00204370,-0.00671139,-0.00511927,0.00621387
2024-02-15,83.29555628,90.73695965,80.40064845,79.96446310,90.82076368,73.57950561,85.89663142,89.04170218,83.65247643,82.68942628,82.40345895,81.02532634,87.23678762,32.13797769,6.56899647,1.82086909,4.17018611,1.84005587,0.20000000,0.30000000,0.90000000,1.30000000,1.67199612,0.03007283,0.00004000,0.00788929,0.00211782,0.00453628,-0.00123790,-0.00308904,0.00261509,-0.00346311
2024-02-16,81.62349775,89.07366942,78.97148347,78.33004535,89.20655433,72.26668711,84.10362235,87.27901256,82.00932245,81.02024951,81.15199121,79.33143991,85.35312872,34.46059534,6.66576354,1.74512658,4.52997628,1.95283773,0.20000000,0.30000000,0.90000000,1.30000000,1.75714070,-0.02031802,0.00004000,-0.00396227,-0.00519096,-0.00129247,-0.00156585,0.00726497,0.00266198,-0.00013112
2024-02-19,83.84837444,91.55124640,81.06125098,80.50014834,91.70291986,74.33663908,86.29942442,89.76262937,84.20757176,83.19015651,83.17719382,81.42650831,87.50490640,32.72164506,6.89164688,1.73597593,4.38338550,1.97700051,0.20000000,0.30000000,0.90000000,1.30000000,1.84432764,0.02685292,0.00004000,-0.00672248,-0.00422098,0.00140474,0.00112699,-0.00540440,-0.00150162,-0.00280059
2024-02-20,86.25168904,94.00853871,83.34957002,82.80769495,94.27967378,76.40059905,88.58927364,92.59696081,86.54963593,85.78998915,85.45605255,83.80848135,89.83715776,32.60190633,6.53720309,1.81934267,4.47302606,1.90199844,0.20000000,0.30000000,0.90000000,1.30000000,1.76480359,0.02821954,0.00004000,-0.00168365,0.01007488,0.00189754,0.00189169,0.00552597,0.00592771,0.00094713
2024-02-21,86.38338620,94.21977612,83.31461907,82.79304684,94.44936687,76.39947314,88.91374313,92.67964693,86.81117800,85.84459194,85.58816813,83.51479808,89.85157726,32.93934447,6.58555192,1.72891770,4.17887528,1.89101555,0.20000000,0.30000000,0.90000000,1.30000000,1.78349328,0.00148573,0.00004000,-0.00420115,0.00781821,-0.00893147,-0.00203572,0.00449569,-0.00113105,-0.00367895
2024-02-22,84.98214475,92.70903819,81.95392519,81.57652427,93.20222365,75.31421468,87.09049390,91.09923061,85.22146274,84.58081626,84.04378233,81.87214712,88.27201023,34.55088708,6.64611149,1.81148163,4.25911287,1.86060744,0.20000000,0.30000000,0.90000000,1.30000000,1.71173528,-0.01639420,0.00004000,0.00633405,0.01676375,0.00362641,0.00291877,-0.00344814,0.00576681,-0.00432883
2024-02-23,86.08227284,93.75419922,83.12905797,82.58479158,94.43443110,76.53173852,88.22777801,91.97828479,86.57383847,85.74561958,85.05397458,83.11481279,89.42376897,32.98571142,6.69754214,1.80876034,4.44478379,1.80640505,0.20000000,0.30000000,0.90000000,1.30000000,1.80984090,0.01282233,0.00004000,0.00265244,-0.00270599,0.00263646,-0.00294581,-0.00322686,0.00292205,0.00015260
2024-02-26,85.06040866,92.86940413,82.34543846,81.53046020,93.21989532,75.69969705,87.20031860,90.79249483,85.66294775,84.80444586,84.17328961,82.32821563,87.91109233,32.58665180,6.43902703,1.79490901,4.31232911,1.89041867,0.20000000,0.30000000,0.90000000,1.30000000,1.83392603,-0.01198181,0.00004000,-0.00426935,-0.00304329,0.00089313,0.00139396,-0.00876482,-0.00485464,-0.00035744
2024-02-27,85.57097189,93.46851902,82.89001494,82.24564768,93.78540544,75.99270216,87.64349760,91.27803940,85.95355477,85.21307739,84.55245523,82.87641260,88.58490089,33.54442913,6.76837335,1.77546943,4.60088500,1.91564638,0.20000000,0.30000000,0.90000000,1.30000000,1.57707275,0.00594442,0.00004000,-0.00071232,-0.00735731,-0.00828363,-0.00190048,0.00209208,-0.00414849,-0.00369563
2024-02-28,88.31225603,96.45728405,85.22233946,85.12434256,96.53343566,78.49082328,90.74126093,94.52260504,88.79972888,87.95964994,87.47694764,85.43746515,91.20627801,32.10694794,6.54564561,1.74805414,4.31982965,1.99078710,0.20000000,0.30000000,0.90000000,1.30000000,1.78537190,0.03149279,0.00004000,0.00570361,0.00453498,-0.00711508,-0.00223463,-0.00762063,-0.00451378,-0.00063083
2024-02-29,90.25812912,98.63946223,86.95230173,87.33045480,98.64151410,80.57575973,92.68447192,96.33076432,90.61999334,89.77470268,89.55305501,87.50057731,93.28542241,32.85327602,6.58687295,1.83826221,4.36225033,1.92958955,0.20000000,0.30000000,0.90000000,1.30000000,1.71977723,0.02175477,0.00004000,0.00774952,-0.00446302,-0.00493784,0.00156539,-0.00201568,-0.00150641,0.00422353
2024-03-01,87.73281989,95.74658581,84.28330337,85.04088108,96.16285214,78.05314602,90.11258977,93.78405965,88.05624571,87.50627841,86.84837713,85.01488465,90.51972755,32.97856302,6.62566389,1.82007224,4.39773112,1.93656188,0.20000000,0.30000000,0.90000000,1.30000000,1.81522891,-0.02841761,0.00004000,0.00023611,0.00928308,0.00494316,0.00199014,-0.00839328,-0.00108674,-0.00518850
2024-03-04,85.23867768,92.99583679,82.02182762,82.25555160,93.14782160,75.65205187,87.61741567,90.81036748,85.20192570,84.65303068,84.30006372,82.50955113,87.81822405,33.50645609,6.41209168,1.90256616,4.59942712,1.88678509,0.20000000,0.30000000,0.90000000,1.30000000,1.85058730,-0.02888076,0.00004000,0.00861987,0.00292763,0.00470508,-0.00073960,0.01027609,-0.00319866,-0.00173739
2024-03-05,84.32527409,92.27002838,81.05851923,81.87041563,92.55627427,74.85541272,86.44065030,89.65022284,84.50502574,83.99777716,83.39959152,81.59465746,86.51900843,31.61563820,6.64873325,1.76190770,4.59918902,1.96876792,0.20000000,0.30000000,0.90000000,1.30000000,1.87380826,-0.01081366,0.00004000,-0.00351006,-0.00073366,0.00193108,-0.00192956,-0.00334447,0.00004169,0.00411784
2024-03-06,86.02365701,94.22616930,82.65278633,83.57762032,94.41345470,76.20670935,87.89813698,91.46028028,86.21214597,85.60566488,84.92404814,83.53069229,88.34547836,33.59984126,6.53348222,1.79885308,4.41217189,1.81857638,0.20000000,0.30000000,0.90000000,1.30000000,1.81872372,0.01990071,0.00004000,-0.00985166,0.00515008,0.00336741,0.00481249,-0.00758997,0.00012344,-0.00431202
2024-03-07,85.85870477,94.02875086,82.51884261,83.14006321,94.27927319,75.89324356,88.11747670,91.30593733,86.01681104,85.60181135,84.55495284,83.41044116,87.85650568,34.33650684,6.38899835,1.82708601,4.38838535,1.93766708,0.20000000,0.30000000,0.90000000,1.30000000,1.73651531,-0.00195936,0.00004000,-0.00443844,0.00292134,-0.00254584,0.00476201,-0.00689039,-0.00570341,-0.00432702
2024-03-08,87.73353504,95.92892859,84.23376813,85.10958644,96.31145908,77.72651112,90.04687300,93.12514152,87.74945556,87.78312380,86.44274207,85.11946497,89.82871877,33.37443236,6.77008216,1.71922716,4.50329168,1.93933805,0.20000000,0.30000000,0.90000000,1.30000000,1.78591593,0.02156123,0.00004000,-0.00796007,-0.01412182,-0.00003130,0.00077627,0.00281447,0.00709584,0.00305003
2024-03-11,88.79142597,97.27698725,85.18227343,86.12254119,97.61964635,78.38226057,91.60965190,94.25886901,88.78338476,88.56134662,88.05791984,86.22549361,90.97856532,31.72897177,6.57509937,1.79501466,4.55351075,1.89401033,0.20000000,0.30000000,0.90000000,1.30000000,1.88160746,0.01194588,0.00004000,-0.00173838,0.00213954,-0.00117046,0.00146069,0.00221387,-0.00957879,0.00211700
2024-03-12,84.84399456,92.97965130,81.59271308,82.29973062,93.47140847,74.95307565,87.51316103,90.09988799,84.92986595,84.75340893,83.87488173,82.46052998,86.82358875,33.59720681,6.40675560,1.75823145,4.27745264,1.93219822,0.20000000,0.30000000,0.90000000,1.30000000,1.89775445,-0.04551588,0.00004000,-0.00265184,-0.00043616,0.00553971,0.00363877,-0.00138992,-0.00336614,-0.00225026
2024-03-13,82.97109068,90.94224382,79.46503404,80.61618518,91.40744332,73.54161282,85.30445244,88.08257932,83.02723936,82.71699810,81.99933681,80.61445059,84.94746087,32.20166023,6.83612839,1.80930027,4.27713178,1.86861965,0.20000000,0.30000000,0.90000000,1.30000000,1.75832802,-0.02236197,0.00004000,0.00226562,-0.00517304,0.00100707,-0.00244282,0.00441903,-0.00828292,0.00025020
2024-03-14,83.68485534,91.81444920,80.36729094,81.22479443,92.27315834,74.21644556,86.13681109,88.52668344,83.75949842,83.44376695,82.88593443,81.16613203,85.69106420,33.92581284,6.65993278,1.78421017,4.31504193,1.80155697,0.20000000,0.30000000,0.90000000,1.30000000,1.79460301,0.00852578,0.00004000,0.00291440,0.00274702,0.00353328,0.00755111,0.00807279,0.00625736,0.00100980
2024-03-15,85.03908472,93.17705947,81.69775426,82.63433200,93.67297482,75.39061208,87.81132890,89.78159059,85.19710305,84.61125967,84.46475466,82.32190261,87.28217658,33.99356586,6.79238248,1.77500787,4.61548879,1.87873773,0.20000000,0.30000000,0.90000000,1.30000000,1.77436776,0.01601295,0.00004000,0.00084704,-0.00344772,0.00786217,0.00433007,0.00147479,-0.00271328,0.00226937
2024-03-18,88.34409644,96.62898966,84.95755321,85.96517955,97.24990216,78.21716539,91.05673263,93.36844586,88.74763665,88.06422342,87.90240932,85.52797300,90.41291140,33.82483484,6.73421094,1.84709763,4.49598135,1.88008722,0.20000000,0.30000000,0.90000000,1.30000000,1.81994332,0.03808841,0.00004000,-0.00513913,-0.01036158,-0.00204146,0.00279824,0.00647695,0.00383516,0.00346372
2024-03-19,89.59997921,97.93539306,85.78981103,87.24655447,98.99407459,79.19439310,92.40742961,94.84705194,89.84692664,89.14528313,89.22622307,86.89463244,91.84788531,33.71627802,6.61119837,1.81246580,4.25726349,1.90237589,0.20000000,0.30000000,0.90000000,1.30000000,1.86136617,0.01407571,0.00004000,0.00009851,0.00378551,0.00167945,-0.00073324,-0.00510353,0.01161715,-0.00346229
2024-03-20,88.60690298,96.76687656,85.13203669,86.34107434,97.75228997,78.29227064,91.09614357,93.93660778,88.74930280,88.23665053,88.18767049,86.18267148,90.64327354,33.22672542,6.52946501,1.78976509,4.40629889,1.93278909,0.20000000,0.30000000,0.90000000,1.30000000,1.84232364,-0.01118532,0.00004000,-0.00354799,-0.00670610,-0.00131362,0.00487603,-0.00761265,0.00643357,-0.00128619
2024-03-21,89.17547138,97.26088717,85.66964260,86.66591734,98.57503262,78.95085805,91.78428731,94.62922986,89.07006101,88.95875641,88.92766590,86.94073824,91.00423015,34.07998021,6.32622119,1.74555451,4.41828927,1.83156226,0.20000000,0.30000000,0.90000000,1.30000000,1.75408721,0.00635625,0.00004000,0.01168773,-0.00612151,0.00255479,-0.00562558,0.00034320,0.00360016,0.00099924
2024-03-22,87.67489007,95.60788020,84.40241943,85.27697513,97.00640496,77.47202993,90.31366995,92.66841924,87.55400664,87.50379016,87.08540828,85.58275946,89.57609557,33.69718393,6.49773618,1.82448577,4.52361239,1.90371323,0.20000000,0.30000000,0.90000000,1.30000000,1.68177716,-0.01701048,0.00004000,-0.00105225,-0.00326304,-0.00117683,-0.00356690,-0.00427932,0.00107879,0.00177540
2024-03-25,86.54591171,94.43340377,83.33171125,84.24559034,95.84713983,76.34823478,89.11677901,91.41689164,86.45995911,85.90714965,86.04986608,84.65853775,88.33454853,23.17077828,4.51892310,1.36342345,3.09927815,1.50917099,0.60000000,0.75000000,0.20000000,0.30000000,0.39508948,-0.01300050,0.00004000,-0.00216354,0.00586474,0.00266112,-0.00100391,0.00328361,-0.00506316,0.00889975
2024-03-26,86.89508535,94.68439572,83.60013917,84.44997349,96.25252780,76.70603550,89.65222261,91.54437633,86.97160792,85.95540173,86.30025269,84.99591795,88.71844974,22.47065833,4.72720236,1.37227303,3.41349037,1.53370431,0.60000000,0.75000000,0.20000000,0.30000000,0.41204553,0.00398643,0.00004000,0.00960531,-0.00287093,0.00595333,-0.00289284,-0.00426881,0.00716374,-0.00176770
2024-03-27,87.87715848,95.88820091,84.59727529,85.52319049,97.47984117,77.68461043,90.78170146,92.46964304,87.86493105,86.87864987,87.25888861,85.64194444,89.56451057,22.43522159,4.89325180,1.36016475,3.09567971,1.47876831,0.60000000,0.75000000,0.20000000,0.30000000,0.28560290,0.01119844,0.00004000,-0.00489043,-0.00211703,-0.00329582,0.00065702,0.00093080,0.00242100,-0.00446359
2024-03-28,87.53266678,95.25423151,84.06227690,85.42283288,97.01586471,77.12920773,90.46111727,91.81004765,87.80778472,86.57599702,86.60129322,85.34583176,89.33642252,24.28845956,4.97163165,1.39422534,3.11205482,1.57938380,0.60000000,0.75000000,0.20000000,0.30000000,0.35471268,-0.00396785,0.00004000,-0.00663853,-0.00577212,-0.00030447,-0.00126501,0.00334284,0.00044523,0.00069608
2024-03-29,86.88998898,94.50458797,83.52927025,84.64566418,96.47661416,76.56356450,89.68431038,91.02481514,87.23825357,85.97057859,86.18865431,84.78129826,88.67628799,21.88144783,4.70334484,1.33359346,3.38223191,1.48193082,0.60000000,0.75000000,0.20000000,0.30000000,0.30593929,-0.00740923,0.00004000,0.00597591,-0.00330950,0.00754584,0.00208525,0.00191548,-0.00239068,-0.00132277
2024-04-01,88.17012005,96.02168561,84.94225626,85.81175940,97.83134332,77.54513089,91.13148053,92.26714029,88.58374457,87.38245744,87.52289133,85.95747659,89.67053143,24.08137089,4.83676034,1.32563774,3.10015284,1.44015882,0.60000000,0.75000000,0.20000000,0.30000000,0.45512884,0.01458531,0.00004000,0.00527140,0.00322291,0.00689075,-0.00389030,-0.00292926,-0.00161408,-0.00212238
2024-04-02,88.39663155,95.97414682,85.17855812,85.92147918,98.19898950,77.52922094,91.40694666,92.69613659,88.50915510,87.29356994,87.70542156,86.28769616,89.88958037,20.70337568,4.39516382,1.35902985,3.38296098,1.44444689,0.60000000,0.75000000,0.20000000,0.30000000,0.38247617,0.00252573,0.00004000,0.00097130,-0.00911917,0.00709422,-0.00159507,0.01981992,-0.00281375,-0.00136654
2024-04-03,88.16897545,95.79985026,84.75327327,85.72674060,97.89158224,77.42637363,90.97639924,92.65556599,88.55158845,87.02527258,87.52274243,86.22075438,89.70982399,24.24651882,4.66218571,1.39304765,3.26685967,1.48073480,0.60000000,0.75000000,0.20000000,0.30000000,0.37115775,-0.00261872,0.00004000,-0.00337583,0.00362964,0.00312893,0.00243831,-0.00480406,0.00637380,0.00205728
2024-04-04,87.14557027,94.73179322,83.75740918,84.80860546,96.85493295,76.57734295,89.99848391,91.59606962,87.33696315,85.95297088,86.60814473,85.19761585,88.66172990,21.08480821,4.53245472,1.32230316,3.23027764,1.49653401,0.60000000,0.75000000,0.20000000,0.30000000,0.61621110,-0.01171521,0.00004000,-0.00337777,-0.00718185,0.00203598,0.00575030,-0.00235436,-0.00287763,0.00406914
2024-04-05,85.55053827,92.79245051,82.03805327,83.31144178,95.03896424,75.25355023,88.22460743,90.30860399,85.74060490,84.13132066,84.89075470,83.50603142,86.76426939,23.65323406,4.91757059,1.35626511,3.22301239,1.47846428,0.60000000,0.75000000,0.20000000,0.30000000,0.32966824,-0.01851265,0.00004000,-0.00746809,0.00361080,-0.00350103,0.00016271,-0.00471984,-0.00669331,-0.00130248
2024-04-08,84.99311194,92.26590940,81.33622545,82.83756908,94.41182487,74.58528666,87.68708710,89.64690802,85.32632840,83.66898202,84.04241302,82.70168721,86.23584071,23.33832840,4.86724650,1.33859202,3.26180983,1.46661949,0.60000000,0.75000000,0.20000000,0.30000000,0.39912621,-0.00657707,0.00004000,0.00177619,0.00024977,0.00082902,-0.00101118,0.00530888,0.00065782,0.00284245
2024-04-09,84.21126097,91.29295155,80.54689523,81.82034883,93.50771571,73.95419612,86.96492459,88.96196065,84.47766817,82.68368026,83.36686877,82.19944378,85.17861959,23.03307693,4.48178479,1.34381122,3.30331962,1.49150928,0.60000000,0.75000000,0.20000000,0.30000000,0.37454249,-0.00928156,0.00004000,-0.00813644,-0.00615879,-0.00726033,-0.00114459,0.00850420,-0.00785041,-0.00162844
2024-04-10,84.63099886,91.80444695,81.13713158,82.04652645,93.96112986,74.42136973,87.39895536,89.22458766,85.01346348,83.06983101,84.09151102,82.36997103,85.55509880,22.78742592,4.90092865,1.25087030,3.16888207,1.38029582,0.60000000,0.75000000,0.20000000,0.30000000,0.32721786,0.00493196,0.00004000,0.00719815,0.00108588,-0.00287506,0.00266975,0.00063904,0.00239230,0.00129375
2024-04-11,84.51421006,91.52389268,80.91483394,82.03427611,94.06834619,74.24444411,87.34343837,89.16665336,85.04649943,83.00295927,83.89095589,82.18089071,85.58959088,22.39492125,5.13731579,1.41982519,3.26708130,1.47674820,0.60000000,0.75000000,0.20000000,0.30000000,0.26416878,-0.00142093,0.00004000,-0.00018514,-0.00109507,-0.00666155,-0.00130370,0.00191083,0.00331541,-0.00071358
2024-04-12,84.36578944,91.52577691,81.06128770,81.89346773,93.96385773,74.18093050,87.43243907,89.09498578,85.04108751,82.87766698,83.70072421,82.09703966,85.50679487,22.90247963,4.68921040,1.30995753,3.24361641,1.48209666,0.60000000,0.75000000,0.20000000,0.30000000,0.24011049,-0.00179771,0.00004000,-0.00459508,-0.00433792,0.00024759,0.00463698,-0.00824722,-0.00084207,0.00256244
2024-04-15,83.72960167,90.98355443,80.28786069,81.51793469,93.30037279,73.77908612,86.59530302,88.21358545,84.34485286,82.07953698,83.40138389,81.59777291,85.15213466,24.01451614,4.99657752,1.34557207,3.31273235,1.52022192,0.60000000,0.75000000,0.20000000,0.30000000,0.37443509,-0.00760940,0.00004000,0.00780903,-0.00141540,0.00391236,0.00248934,0.00204522,0.00389682,0.00367548
2024-04-16,85.59193460,92.93575804,82.16074251,83.37542349,95.27765958,75.66293696,88.38251248,90.26055706,86.14784012,83.93241697,85.17654328,83.37328083,86.86539291,22.52208823,4.72340861,1.33067313,3.26160788,1.54677150,0.60000000,0.75000000,0.20000000,0.30000000,0.43951939,0.02195848,0.00004000,0.00203499,-0.00476265,-0.00198371,-0.00207618,-0.00159079,-0.00371158,0.00022718
2024-04-17,86.96327680,94.40710394,83.66263425,84.78539045,96.78067292,76.98976546,89.80089609,91.71832345,87.58127693,85.36976085,86.27429734,84.77922220,88.34044671,22.80045400,4.75570130,1.26575616,3.27129164,1.49405652,0.60000000,0.75000000,0.20000000,0.30000000,0.44038236,0.01585487,0.00004000,-0.00413568,0.00625404,0.00331930,0.00443625,0.00011986,0.00358986,0.00131245
2024-04-18,86.13947999,93.42075973,83.00998801,84.36649594,95.67693777,76.25547798,88.90330937,90.95660320,86.87371607,84.13144583,85.74482398,84.02504838,87.30091127,23.91191726,4.77349671,1.33463559,3.44340151,1.54660120,0.60000000,0.75000000,0.20000000,0.30000000,0.51184593,-0.00955808,0.00004000,-0.01151336,0.00888232,-0.00926637,0.00140718,0.00037468,0.00979447,-0.00610854
2024-04-19,84.77948984,91.75730046,81.82978955,83.08497631,94.06747608,74.82764871,87.22195125,89.20899164,85.34843835,82.62314796,84.16639353,82.59461803,85.71753995,22.04662933,4.62439290,1.32124756,3.14806448,1.49603617,0.60000000,0.75000000,0.20000000,0.30000000,0.26638163,-0.01595419,0.00004000,0.00069239,0.00469266,-0.00419590,0.00519733,-0.00285136,-0.00225834,-0.00061748
2024-04-22,84.77212195,92.03848138,81.56337515,82.90235347,94.38976583,74.65949113,87.17927844,89.04877566,85.32933763,82.52712271,84.28231983,82.49413345,85.40156140,22.78206519,4.83877770,1.32519091,3.37600181,1.51344680,0.60000000,0.75000000,0.20000000,0.30000000,0.41953854,-0.00012691,0.00004000,0.00512546,0.00763247,-0.00058859,0.00218451,-0.00347656,0.00234233,-0.00059773
2024-04-23,86.08886427,93.44257779,82.59658700,84.06206628,95.66352242,75.86398594,88.39099419,90.17515604,86.79366606,83.90540977,85.81267049,83.98024410,86.72384557,23.55595448,4.63369399,1.35695266,3.23142034,1.51374409,0.60000000,0.75000000,0.20000000,0.30000000,0.37661205,0.01537333,0.00004000,-0.00312495,0.00076397,0.00011600,-0.00124328,-0.01098543,-0.00393290,0.00097378
2024-04-24,85.89045140,93.34800103,82.57995257,84.10566518,95.47833966,75.48763005,88.03700648,90.25924367,86.77691998,83.62549948,85.37387020,83.92038260,86.39012586,22.62254886,5.02251774,1.34625188,3.18479012,1.48137038,0.60000000,0.75000000,0.20000000,0.30000000,0.28599129,-0.00234740,0.00004000,0.00073516,0.00255803,0.00124061,0.00301986,0.00170366,0.00005341,-0.00104061
2024-04-25,86.15815657,93.50743054,82.78744577,84.25217105,95.50462267,75.92799660,88.16574917,90.40840396,87.22062236,83.53441802,85.92673373,84.01825841,86.84707468,23.29609138,4.45732964,1.29490587,3.15478507,1.47142051,0.60000000,0.75000000,0.20000000,0.30000000,0.42550672,0.00307197,0.00004000,-0.01264605,0.00368860,-0.00538087,0.00297940,-0.00370682,0.00249698,0.00869275
2024-04-26,86.08859787,93.42725447,82.57524347,84.11890287,95.53106493,75.82843885,87.85666946,90.66409707,87.27774953,83.32759653,85.88412619,83.72733100,86.73397558,22.61400875,4.52431037,1.34226452,3.16916416,1.56245788,0.60000000,0.75000000,0.20000000,0.30000000,0.46679230,-0.00084766,0.00004000,-0.00091639,-0.00431077,0.00017609,0.00029860,-0.00148164,-0.00606440,-0.00063222
2024-04-29,86.18836928,93.51534183,82.97569299,84.14783316,95.49396031,75.88166079,87.76616614,90.56384735,87.63352012,83.37870510,86.08193845,83.79314785,87.00494550,22.28619706,4.89039359,1.35631610,3.35612689,1.55223296,0.60000000,0.75000000,0.20000000,0.30000000,0.34482616,0.00111827,0.00004000,0.00028534,-0.00187818,-0.00178817,0.00471129,-0.00287897,-0.00700164,0.00104276
2024-04-30,86.08076890,93.53215202,82.92170753,83.78395096,95.41980610,75.82868240,88.02532597,90.43122142,87.51366558,83.23300678,85.84494984,83.81601279,86.87945686,23.20841466,4.55402925,1.38654753,3.39386612,1.50587752,0.60000000,0.75000000,0.20000000,0.30000000,0.51848239,-0.00128921,0.00004000,0.00934146,-0.00542805,0.00697431,0.00160050,0.00164846,-0.00745040,0.00078341
2024-05-01,87.32443207,95.01501922,84.33691453,84.76703741,96.81315337,76.73605391,89.34522901,91.90521363,88.48266285,84.57406391,86.72130377,84.88469672,88.31924686,21.94572076,4.94532233,1.39201639,3.32170606,1.49174349,0.60000000,0.75000000,0.20000000,0.30000000,0.39201113,0.01430426,0.00004000,-0.01228256,0.00048645,0.00459814,0.00351891,0.00186004,-0.00251537,-0.00077722
2024-05-02,86.35202638,93.85582016,83.17905727,83.94942158,95.64529021,75.97666956,88.28041947,91.03539012,87.25057811,83.71145902,85.76528950,84.03261560,86.80558382,20.74646653,4.99173824,1.34016236,3.35024627,1.52897483,0.60000000,0.75000000,0.20000000,0.30000000,0.40853546,-0.01123802,0.00004000,-0.00029855,-0.00067595,-0.00875107,-0.00465809,-0.00772709,-0.00097584,0.00326613
2024-05-03,85.60428009,93.09556503,82.31897301,83.37499280,94.83519288,75.26920461,87.19720548,90.15010160,86.79763596,83.04137498,84.95572467,83.23793173,86.24460641,21.34146993,4.45167710,1.26170354,3.49956663,1.52638732,0.60000000,0.75000000,0.20000000,0.30000000,0.30806516,-0.00873699,0.00004000,0.00653705,0.00343446,0.00312155,0.00344650,-0.00036750,0.00042474,-0.00359846
2024-05-06,82.74845755,89.88705626,79.60980352,80.62996463,91.88060201,72.53964002,84.58794423,87.04842352,83.65155925,80.36976541,82.24328752,80.25252289,83.60503862,24.60493782,4.87219124,1.40407526,3.33080098,1.50196055,0.60000000,0.75000000,0.20000000,0.30000000,0.28741584,-0.03396991,0.00004000,0.00492893,0.00186566,-0.00076489,-0.00217412,0.01719531,-0.00103648,0.00214826
2024-05-07,81.98633707,88.78911452,79.10776530,79.85140151,90.77168683,71.77492031,83.54661998,86.59811461,82.85657917,79.70144734,81.26590823,79.15067672,82.81165569,23.45967451,4.91271197,1.31165350,3.32012229,1.56096666,0.60000000,0.75000000,0.20000000,0.30000000,0.27754432,-0.00929276,0.00004000,-0.00293786,-0.00071368,-0.00207625,0.00157449,-0.01103368,-0.00050243,-0.00326420
2024-05-08,81.21253406,87.90231840,78.42603676,79.20909438,90.05598038,71.08867894,82.92659853,86.03666926,81.52530871,79.43758916,80.53683822,78.52948557,81.72199497,22.43263753,4.97371592,1.35058887,3.27427051,1.57851904,0.60000000,0.75000000,0.20000000,0.30000000,0.32717654,-0.00952302,0.00004000,0.00130631,0.00230864,0.00344686,-0.00329062,-0.00515107,0.00296826,-0.00077714
2024-05-09,82.48190894,89.14739864,79.72600942,80.57200231,91.88406741,72.23011916,84.18662611,87.51780171,82.52839566,80.55325570,81.83520223,79.56693125,82.98062460,24.89710112,4.64275059,1.34967285,3.22954903,1.54136066,0.60000000,0.75000000,0.20000000,0.30000000,0.38890990,0.01546939,0.00004000,-0.00289937,-0.00666419,-0.00113106,-0.00002660,-0.00489413,-0.00441354,-0.00034130
2024-05-10,80.55494500,87.03325413,77.87104128,78.84954085,89.63585235,70.66988758,82.10258529,85.44340662,80.54264866,78.68053826,80.01453801,77.58084481,80.97895132,22.71045538,4.81028598,1.33041525,3.31206768,1.49147611,0.60000000,0.75000000,0.20000000,0.30000000,0.42198268,-0.02367949,0.00004000,0.00336847,-0.00066663,0.00105534,-0.00107958,-0.00515084,-0.00155885,-0.00078295
2024-05-13,80.25201698,86.53622775,77.35768440,78.62481148,89.60575319,70.17135470,82.00195046,85.14405292,80.59086240,78.20653138,79.85336507,77.35443457,80.95087746,21.90200098,4.65658651,1.35010798,3.41843917,1.51479736,0.60000000,0.75000000,0.20000000,0.30000000,0.42013241,-0.00380760,0.00004000,-0.00458043,-0.00618822,-0.00443615,0.00059012,0.00186323,0.00013702,-0.00409217
2024-05-14,80.41645977,86.88986439,77.46886016,78.74640622,89.63731612,70.22740155,82.17410578,84.95387920,80.29193779,78.40212938,80.06035161,77.47315388,80.90810933,23.26208627,4.77043297,1.34804043,3.35003901,1.45150769,0.60000000,0.75000000,0.20000000,0.30000000,0.37710048,0.00200698,0.00004000,-0.00652799,0.00118696,0.00779096,-0.00517619,-0.00567669,0.00269037,-0.00191445
2024-05-15,80.70344556,87.27504921,77.82918356,79.18545916,89.89246201,70.49491594,82.31741159,85.19850122,80.35803023,78.67096373,80.45970538,77.75504752,81.43684709,23.29687766,5.01771914,1.40889683,3.29352014,1.60102998,0.60000000,0.75000000,0.20000000,0.30000000,0.46532095,0.00352239,0.00004000,-0.00136779,0.01222463,-0.00150974,-0.00698809,0.00893666,0.00026069,0.00320346
2024-05-16,78.99654828,85.82744034,76.51832477,77.20585909,87.88852672,68.98249008,80.45428069,83.29270288,78.89529061,77.11898968,78.50362464,76.06069495,79.87763135,22.16345988,5.12102077,1.36692402,3.23457933,1.39646871,0.60000000,0.75000000,0.20000000,0.30000000,0.43458400,-0.02141711,0.00004000,0.00110317,0.00956566,-0.00175911,-0.00354841,-0.00665184,0.00292615,-0.00348681
2024-05-17,78.87015236,85.23980076,76.57351715,77.20720138,87.88543184,69.03965808,80.26225259,83.23121342,78.95592959,77.20934203,78.52979096,75.98141752,79.97910398,22.67928153,4.76645912,1.31995908,3.25771676,1.47184944,0.60000000,0.75000000,0.20000000,0.30000000,0.36970567,-0.00164130,0.00004000,0.00063614,-0.00322928,-0.00627086,0.00143187,-0.00391966,-0.00334553,0.00172453
2024-05-20,78.08251886,84.51155240,75.91793696,76.16026572,86.84089443,68.41308739,79.59487343,82.51516858,78.17083251,76.39920884,77.69403499,75.42914378,79.37438648,23.36885483,4.63777494,1.42438668,3.44254814,1.54955149,0.60000000,0.75000000,0.20000000,0.30000000,0.44648889,-0.01007666,0.00004000,-0.00270725,0.00512150,0.00056977,0.00214245,0.00551827,0.00536080,0.00196337
2024-05-21,78.39928701,85.16667261,76.17207774,76.43429821,87.27660461,68.73421157,79.98878549,82.73966719,78.58396759,76.71270883,78.10443177,75.72425262,79.58206257,23.76553362,4.67249111,1.37159241,3.35911236,1.49422999,0.60000000,0.75000000,0.20000000,0.30000000,0.40773172,0.00400863,0.00004000,-0.01007204,-0.00155123,0.00051222,-0.00085645,-0.00226279,-0.00530242,-0.00134981
2024-05-22,80.69594306,87.47394472,78.35144467,78.68655926,89.94478650,70.80974118,82.11354489,85.00886642,80.87202844,78.94478719,80.59618812,77.84115885,81.97963566,22.05221436,4.54561244,1.28238282,3.17731115,1.46893776,0.60000000,0.75000000,0.20000000,0.30000000,0.39124510,0.02883347,0.00004000,-0.00240159,-0.00723973,0.00262920,0.00812402,0.00008402,-0.00100063,-0.00284630
2024-05-23,81.15451904,87.89023302,78.94914565,79.35722514,90.68330314,71.29106361,82.59022125,85.62859281,81.58629546,79.44214937,80.94967029,78.11787360,82.82188228,23.92095775,4.74324630,1.43196727,3.33805832,1.45243851,0.60000000,0.75000000,0.20000000,0.30000000,0.33139038,0.00562668,0.00004000,-0.00598558,-0.00541887,-0.00401531,-0.00407460,0.00843923,0.00035680,0.00054309
2024-05-24,81.07841956,87.83000919,78.64545204,79.26412649,90.68020905,71.20321268,82.45800548,85.45545467,81.59055487,79.15477575,80.79041591,78.13426567,82.81204505,24.70816393,4.68354122,1.30478519,3.42227209,1.53338322,0.60000000,0.75000000,0.20000000,0.30000000,0.35937832,-0.00097815,0.00004000,-0.00558860,0.00100494,-0.00212390,-0.00108536,-0.00903176,-0.00567426,-0.00312339
2024-05-27,81.65192553,88.74362224,79.19660039,79.98664248,91.41950370,71.95041107,82.79282428,86.05661017,82.38557413,79.41497884,81.44283830,78.57813455,83.44860176,21.61882524,4.77991980,1.33957829,3.31057100,1.54842408,0.60000000,0.75000000,0.20000000,0.30000000,0.47729197,0.00700857,0.00004000,-0.00129801,-0.00796248,-0.00423887,-0.00282274,0.00199520,0.00017403,-0.00237963
2024-05-28,81.19650153,88.24422798,78.53870944,79.36994348,90.68618083,71.42376839,82.31655497,85.47791962,81.87391485,78.99304716,80.90263943,78.36085018,82.94373877,23.56283860,4.92400816,1.36621992,3.51583131,1.53725470,0.60000000,0.75000000,0.20000000,0.30000000,0.39626534,-0.00563324,0.00004000,-0.00676817,0.00141587,-0.00266674,-0.00204902,-0.00398636,-0.00290677,0.00015413
2024-05-29,80.75513573,87.73831449,78.02247820,78.80650264,90.47162444,70.83311857,82.09312840,84.79021563,81.44292921,78.55405908,80.53966592,77.81077334,82.59227254,23.29474966,4.68090243,1.35730374,3.40645535,1.47625391,0.60000000,0.75000000,0.20000000,0.30000000,0.49640671,-0.00549060,0.00004000,-0.00497580,0.00763758,0.00127905,0.00076573,0.00260755,0.00160042,0.00293488
2024-05-30,80.53104176,87.60064791,77.92139235,78.74162433,90.27793245,70.63801305,81.73184739,84.69099162,81.34520633,78.18462739,80.26413237,77.21329699,82.50225809,22.16937286,4.94475790,1.38366912,3.23516393,1.43989975,0.60000000,0.75000000,0.20000000,0.30000000,0.45375663,-0.00281884,0.00004000,0.00430877,-0.01516073,0.00311746,-0.00265861,-0.00152879,0.00490520,0.00049984
2024-05-31,78.12068222,85.07057884,75.54815323,76.28543456,87.66881721,68.59986920,79.16670490,82.14703282,78.99227927,76.06153459,77.80307289,74.77868790,80.20799832,23.44085323,4.80927441,1.40485669,3.37723224,1.50882711,0.60000000,0.75000000,0.20000000,0.30000000,0.39996651,-0.03042788,0.00004000,-0.00713807,-0.00227844,0.00238419,0.00359347,0.00977198,0.00114286,-0.00293915
2024-06-03,77.81736783,84.87508676,75.06475266,75.84635240,87.50551503,68.25461095,79.01699699,81.98930779,78.92235988,76.19144351,77.65067259,74.43093230,80.00611158,24.36560840,4.88728708,1.30450658,3.30382162,1.54422722,0.60000000,0.75000000,0.20000000,0.30000000,0.32290583,-0.00393020,0.00004000,-0.00001157,-0.00628832,-0.00316256,-0.00044185,-0.00899845,-0.00495660,0.00433470
2024-06-04,77.25082398,84.31320884,74.60066120,75.37138388,86.83340417,67.63855811,78.43606115,81.15725280,78.50082107,75.56082699,77.28470274,73.76740699,79.38570669,22.94383325,4.78626120,1.37722640,3.17858226,1.49942451,0.60000000,0.75000000,0.20000000,0.30000000,0.34510070,-0.00734706,0.00004000,0.00664399,-0.00322721,-0.00158026,-0.00218458,-0.00218605,-0.00060169,-0.00012659
2024-06-05,76.80436334,83.81226460,74.25838958,74.71209997,86.35565878,67.07994101,77.82608507,80.78708956,77.79514482,75.05004591,76.75560256,73.01165264,79.13741957,22.61264948,4.77118303,1.37680561,3.31404124,1.58889701,0.60000000,0.75000000,0.20000000,0.30000000,0.50434847,-0.00583613,0.00004000,-0.00764421,-0.00307996,0.00531267,-0.00410525,0.00301496,-0.00189874,0.00060403
2024-06-06,75.53464085,82.41751537,73.23006910,73.52388127,84.74209636,65.84527112,76.58799312,79.70664212,76.54439278,73.75035363,75.76202758,71.63727104,77.86636028,23.43239910,4.55227153,1.39462533,3.21655818,1.58503141,0.60000000,0.75000000,0.20000000,0.30000000,0.52293880,-0.01671008,0.00004000,-0.00064024,0.00124213,-0.00014862,-0.00138354,0.00727999,0.00874689,-0.00342756
2024-06-07,75.08350731,81.95970554,72.97475866,73.03662411,84.48209512,65.60188354,75.93598183,79.26850074,76.08584180,73.34438415,75.32319761,71.13944012,77.32551984,24.53039103,5.04713982,1.37624866,3.51638850,1.48635530,0.60000000,0.75000000,0.20000000,0.30000000,0.42392925,-0.00603045,0.00004000,-0.00444794,-0.00261846,-0.00408797,0.00123053,-0.00389840,-0.00212893,0.00846538
2024-06-10,75.37238435,82.57242095,73.14581890,73.47260151,84.72572079,65.71243231,76.10833352,79.72032512,76.26136215,73.64568432,75.46207360,71.07582354,77.63030040,23.95792976,4.74820864,1.41567368,3.32775020,1.62095234,0.60000000,0.75000000,0.20000000,0.30000000,0.35271275,0.00380003,0.00004000,0.00066593,0.00724808,0.00352718,-0.00231050,-0.00418666,-0.00236192,0.00176138
2024-06-11,74.60023039,81.47483271,72.35205634,72.54897023,83.98532755,65.05346584,75.49286468,78.83236230,75.51908887,72.82768974,74.49093048,70.39182385,76.95843662,24.30975414,4.93476267,1.32691077,3.33322612,1.44368654,0.60000000,0.75000000,0.20000000,0.30000000,0.44722569,-0.01033736,0.00004000,-0.00155579,0.00099602,-0.00047897,0.00253462,0.00279930,0.00400937,-0.00029975
2024-06-12,74.97462665,81.85300515,72.82250162,73.12914806,84.40596891,65.52123940,76.14141855,79.32040013,76.16521629,73.23507677,74.76744045,70.92152653,77.61282231,22.77654125,4.75907610,1.35413645,3.43170291,1.51936546,0.60000000,0.75000000,0.20000000,0.30000000,0.24780526,0.00496615,0.00004000,-0.00129204,0.00625475,-0.00121061,0.00181196,0.00835571,-0.00206966,0.00096261
2024-06-13,75.66472481,82.35821259,73.56741859,73.85125197,85.17087763,65.94855862,76.78520126,79.83975889,76.79800397,73.90725147,75.72503659,71.64558559,78.35693047,22.43895654,4.99242010,1.34343015,3.32400780,1.51702019,0.60000000,0.75000000,0.20000000,0.30000000,0.48669589,0.00912232,0.00004000,-0.00489951,0.00859757,-0.00289465,0.00155363,0.00266551,0.00178957,0.00092832
2024-06-14,76.12109061,83.02684438,73.88782004,74.30632222,85.79389265,66.35980914,77.11979820,80.39922448,77.15934566,74.60177179,76.20783837,72.19439973,79.00636150,23.97293766,5.04094043,1.42078427,3.19270674,1.48094645,0.60000000,0.75000000,0.20000000,0.30000000,0.31258914,0.00597330,0.00004000,-0.00231380,0.00021226,-0.00444324,-0.00061236,0.00219789,-0.00559086,-0.00082829
2024-06-17,74.98845463,81.79667413,72.81898994,73.28372558,84.65896265,65.52019682,75.93604913,79.04285649,75.90519251,73.37639137,75.22824161,70.96608134,77.50294400,23.34185840,4.80340311,1.31120376,3.33777652,1.42303030,0.60000000,0.75000000,0.20000000,0.30000000,0.46964334,-0.01503121,0.00004000,-0.00424807,-0.00040245,0.00606151,-0.00134345,0.00572442,0.00261005,0.00470981
2024-06-18,74.32294153,81.07457314,72.26327378,72.56603607,83.87446771,64.95766717,75.40607130,78.39388057,75.10160344,72.69818631,74.60054692,70.13862552,76.63170985,22.16617626,4.78680651,1.30738452,3.47249004,1.48824283,0.60000000,0.75000000,0.20000000,0.30000000,0.43944762,-0.00895449,0.00004000,-0.00700379,0.00383884,-0.00141142,-0.00000715,-0.00482752,-0.00255200,0.00180094
2024-06-19,74.52992768,81.42091205,72.34123536,72.71800899,84.03707201,65.21838314,75.79300823,78.39786045,75.20040680,72.94537032,74.81462357,70.42972333,76.81971646,23.75586086,4.73763120,1.32875322,3.53066784,1.48865657,0.60000000,0.75000000,0.20000000,0.30000000,0.36463021,0.00274109,0.00004000,-0.00968134,-0.00045703,-0.00259191,0.00678252,0.00063624,-0.00570748,0.00339956
2024-06-20,74.14367388,80.89200878,71.83665800,72.45398772,83.30082387,64.89320811,75.09257133,77.81412911,74.53756078,72.40703190,74.28461070,69.97950481,76.45107682,23.33953405,4.87707307,1.36687905,3.34847026,1.45584308,0.60000000,0.75000000,0.20000000,0.30000000,0.42875297,-0.00523601,0.00004000,-0.00927467,0.00358862,0.00126296,0.00205128,-0.00432294,-0.00371886,0.00256739
2024-06-21,74.83932971,81.73283046,72.57417845,73.11627530,84.20783879,65.26865066,75.63319207,78.49833686,74.92664888,73.17578383,75.01440089,70.53448709,77.43701852,23.22812155,4.62051471,1.41423849,3.45053772,1.45355967,0.60000000,0.75000000,0.20000000,0.30000000,0.45726867,0.00929880,0.00004000,-0.01400762,0.00250439,-0.00143807,-0.00238516,0.00027676,0.00096394,-0.00313399
2024-06-24,75.50102835,82.59231820,73.17952628,73.69992264,84.87955747,65.72141593,76.32588874,79.14228706,75.55727269,73.53986440,75.65045275,71.06653102,78.02051462,23.11760218,4.84939766,1.38066941,3.32018190,1.51518276,0.60000000,0.75000000,0.20000000,0.30000000,0.49489298,0.00876273,0.00004000,-0.01028995,0.00448056,0.00194935,-0.00470013,0.00545546,-0.00268641,-0.00198376
2024-06-25,75.15481241,82.12140777,73.11312859,73.23373994,84.50703651,65.55986168,75.87369916,78.80110406,75.12785241,73.26352855,75.16839662,70.55913265,77.68040061,23.78722499,5.04363094,1.37030958,3.28626330,1.51276630,0.60000000,0.75000000,0.20000000,0.30000000,0.29329176,-0.00463613,0.00004000,0.00519412,-0.01166631,0.00066047,0.00376433,0.00053430,-0.00064440,0.00021469
2024-06-26,76.13933569,83.25266640,74.15485130,74.24246710,85.68170073,66.19676238,76.81282875,79.90280045,76.03692820,74.36075404,76.01025058,71.62658842,78.87884372,21.77502267,4.67287705,1.37225357,3.32312439,1.47768637,0.60000000,0.75000000,0.20000000,0.30000000,0.49318674,0.01297487,0.00004000,-0.00864500,-0.00287538,-0.00020692,-0.00488942,-0.00065171,0.00173912,-0.00043373
2024-06-27,75.34136391,82.27545546,73.37956316,73.32801560,84.54008250,65.60160314,75.95846207,79.16309305,75.24278278,73.82189060,75.31001254,70.57837519,78.20809080,23.85074499,4.87208499,1.32728967,3.22120810,1.49885900,0.60000000,0.75000000,0.20000000,0.30000000,0.41261461,-0.01057572,0.00004000,0.00926724,-0.00463489,-0.00203378,-0.00701398,-0.00067518,-0.00130718,-0.00213566
2024-06-28,73.91433590,80.77716321,72.09105157,71.71662728,83.02515906,64.32227904,74.57535893,77.68991427,73.74978345,72.57629707,73.95152424,69.49433477,76.90779198,25.28996707,4.68608108,1.28599359,3.53343496,1.61004945,0.60000000,0.75000000,0.20000000,0.30000000,0.45581298,-0.01916251,0.00004000,-0.00500799,0.00543145,-0.00578542,0.00361879,-0.00488996,-0.00529776,-0.00035686
2024-07-01,74.28031798,81.32172627,72.48016522,72.21772975,83.29014568,64.77653258,74.99614257,77.84968493,74.12576389,72.98060497,73.97173312,69.76903880,76.98443573,23.34203687,4.93041031,1.32760281,3.29902891,1.53430674,0.60000000,0.75000000,0.20000000,0.30000000,0.31741303,0.00489922,0.00004000,0.01847007,-0.00310850,0.00223518,-0.00046015,0.00917413,-0.00014451,0.00412570
2024-07-02,74.74749346,81.73024306,72.73960965,72.91670259,83.99921157,64.85403912,75.40753051,78.36957113,74.43018560,73.40064768,74.25323519,70.17236034,77.26034802,23.47078185,4.89634357,1.37617090,3.33456258,1.51528851,0.60000000,0.75000000,0.20000000,0.30000000,0.49145670,0.00622966,0.00004000,0.00099455,0.00581895,0.00343184,0.00026113,0.00266047,0.00142420,-0.00231615
2024-07-03,74.11868255,80.97857806,72.15889321,72.31670153,83.48318875,64.11750004,74.73803632,77.70567973,73.93585813,72.82237396,73.44578356,69.53788115,76.32487965,23.02321760,4.88310073,1.37478997,3.30987727,1.47456185,0.60000000,0.75000000,0.20000000,0.30000000,0.46498792,-0.00848805,0.00004000,-0.00171558,-0.00566140,0.00680411,-0.00571724,0.01065395,-0.00499026,0.00293827
2024-07-04,74.44880011,81.33700925,72.40330116,72.53007737,84.03736662,64.54469501,75.05919402,77.85853107,74.58162054,73.32116127,73.63196474,69.97178755,76.71176606,23.34336749,4.73991641,1.29762988,3.26609067,1.52489305,0.60000000,0.75000000,0.20000000,0.30000000,0.24941768,0.00440402,0.00004000,0.00007925,-0.00002979,0.00038575,0.00525107,0.00358814,0.00123533,-0.00223379
2024-07-05,75.12954641,82.07272975,72.78223338,73.33692456,84.78857541,65.19567326,76.07578529,78.72494483,75.50824189,73.86375036,74.43231666,70.61325172,77.49230579,23.45571845,4.72856716,1.34811849,3.31509601,1.55322598,0.60000000,0.75000000,0.20000000,0.30000000,0.48633188,0.00906227,0.00004000,-0.00365958,0.00893040,0.00729152,-0.00243510,0.00013110,0.00097599,-0.00214840
2024-07-08,75.85681655,82.89448652,73.48200442,74.30191688,85.82800406,65.80874816,76.71249860,79.47097057,76.04333934,74.64607853,75.34335173,71.42390972,78.41334219,21.43469519,4.80861355,1.37957586,3.42678662,1.47687017,0.60000000,0.75000000,0.20000000,0.30000000,0.37240164,0.00959366,0.00004000,0.00652279,-0.00548552,-0.00198856,-0.00244115,0.00061990,-0.00022605,-0.00594966
2024-07-09,75.19346617,82.40146487,72.82373929,73.76376951,84.83861714,65.22826745,76.18362104,78.77512364,75.56796176,74.08716066,74.84737601,70.71687766,77.55760056,22.10737326,4.82944636,1.32474749,3.43629136,1.56647397,0.60000000,0.75000000,0.20000000,0.30000000,0.41055860,-0.00882323,0.00004000,0.00731579,-0.00585281,-0.00209204,-0.00277085,0.00340827,0.00866469,0.00161266
2024-07-10,74.45975959,81.52101375,72.24211262,73.06936486,84.04633473,64.89303743,75.25934881,77.97327005,74.76706719,73.41194908,74.20738292,69.99681008,76.76608364,22.80403047,4.71110203,1.36579225,3.36658524,1.50549674,0.60000000,0.75000000,0.20000000,0.30000000,0.52755900,-0.00984550,0.00004000,-0.00040499,0.00437350,0.00070006,-0.00256028,0.00398958,0.00152911,0.00010326
2024-07-11,74.80613191,81.91285633,72.60368483,73.50380490,84.49666284,65.09320217,75.73042057,78.25933611,75.17045306,73.76487472,74.64539185,70.34902134,77.16546425,22.19508871,4.90250830,1.39973223,3.18769672,1.45548228,0.60000000,0.75000000,0.20000000,0.30000000,0.45719796,0.00460102,0.00004000,0.00005901,0.00136471,0.00008315,0.00314730,0.00000950,-0.00383756,-0.00095829
2024-07-12,73.43343106,80.56952610,71.01635274,72.15497721,82.60256729,63.70649687,74.66626082,76.89081966,73.71908119,72.37049344,73.66588776,69.04123807,75.46540851,22.79440010,4.84874492,1.43401328,3.31468171,1.50388123,0.60000000,0.75000000,0.20000000,0.30000000,0.46673986,-0.01856056,0.00004000,0.00123111,0.00097365,0.00088432,0.00222967,-0.00143280,-0.00004384,-0.00242448
2024-07-15,73.20390181,80.27300069,70.79501334,71.85338701,82.25851374,63.33362248,74.23964905,76.78872443,73.31511004,72.15802790,73.58485598,68.95230906,74.95405985,21.22793772,4.66002625,1.34014019,3.18775470,1.45849544,0.60000000,0.75000000,0.20000000,0.30000000,0.48213628,-0.00317057,0.00004000,-0.00189320,0.00671831,-0.00363139,-0.00160019,0.00778211,0.00078618,0.00545196
2024-07-16,74.19410975,81.47665233,71.52706742,72.77345553,83.24519201,64.03755753,75.42875239,77.69918706,74.37754608,73.23244791,74.69282266,69.69497918,75.91027863,22.06285669,4.87208219,1.23681558,3.32395444,1.50498290,0.60000000,0.75000000,0.20000000,0.30000000,0.34480008,0.01339604,0.00004000,-0.01158958,-0.00357677,-0.00113885,0.00428697,-0.00007025,-0.01010186,0.00268447
2024-07-17,74.65833256,81.85953927,71.94560968,73.34995063,83.72998473,64.26722921,76.11335670,78.03259168,75.16027701,73.49066844,75.05396435,70.39264669,76.34789677,22.46646053,4.83108485,1.32063147,3.42967850,1.46153373,0.60000000,0.75000000,0.20000000,0.30000000,0.26303050,0.00619738,0.00004000,-0.00352474,-0.00210922,0.00088740,-0.00398568,-0.00470677,-0.00418284,-0.00617395
2024-07-18,75.09244867,82.39214463,72.21362834,73.88575459,84.15866326,64.65274605,76.70365039,78.59232338,75.46168399,73.84242138,75.48520030,70.61010785,76.86841818,23.77493648,4.69176953,1.35260319,3.31786678,1.51403730,0.60000000,0.75000000,0.20000000,0.30000000,0.33628277,0.00575786,0.00004000,0.00088820,-0.00526386,-0.00081275,-0.00762475,-0.00020842,-0.00429192,-0.00088961
2024-07-19,75.64505134,83.44306445,72.64098617,74.57334761,84.71387918,65.21956012,77.25274172,79.23279549,76.16430554,74.42945134,75.82438777,71.13672614,77.16747041,21.25290410,4.83983738,1.36597218,3.21398387,1.44712690,0.60000000,0.75000000,0.20000000,0.30000000,0.41978987,0.00729202,0.00004000,-0.00732808,-0.00104928,-0.00303012,-0.00088342,0.00561397,-0.00304675,0.00169149
2024-07-22,74.98218435,82.75913533,72.00245821,74.13953759,83.98912300,64.60644356,76.51544814,78.44155385,75.39279948,73.92237550,74.99873224,70.59604766,76.28470563,23.52567327,4.72173053,1.37302363,3.26032914,1.43694979,0.60000000,0.75000000,0.20000000,0.30000000,0.45396494,-0.00884148,0.00004000,0.00388929,-0.00135699,0.00133219,-0.00066324,-0.00077089,0.00545094,-0.00225534
2024-07-23,73.17249344,80.69059746,70.45698896,72.43855197,82.52869526,62.97596382,74.73208036,76.45054559,73.52652141,72.15252099,73.10775311,68.87615189,74.49800513,23.78726895,4.83296905,1.39341827,3.29942584,1.45244480,0.60000000,0.75000000,0.20000000,0.30000000,0.29571849,-0.02447097,0.00004000,0.00175382,-0.00024123,-0.00567400,0.00003964,-0.00601065,0.00117668,-0.00122034
2024-07-24,73.15154511,80.71426875,70.52194703,72.38994225,82.63148366,63.06751343,74.56809933,76.53435740,73.37538439,71.96499951,72.97372175,68.66462771,74.54568495,21.02346561,4.69939899,1.34168888,3.34022452,1.50215579,0.60000000,0.75000000,0.20000000,0.30000000,0.35471952,-0.00032633,0.00004000,-0.00720548,-0.01075202,-0.00257682,0.00040671,-0.00399541,-0.00417760,-0.00069910
2024-07-25,74.36381496,82.05701164,71.73415123,73.67056621,84.18104055,64.18395995,75.53921376,77.59135004,74.53012331,72.88464866,74.43292993,69.96494934,75.91570296,21.91641872,4.87682650,1.33283176,3.41089039,1.60109567,0.60000000,0.75000000,0.20000000,0.30000000,0.38596443,0.01639622,0.00004000,-0.00752137,0.01081743,-0.00308145,-0.00128892,0.00525589,-0.00031598,-0.00084179
2024-07-26,75.43286940,83.00651509,72.75166074,74.65152595,85.48145744,65.03982355,76.63483280,78.60596386,75.75052378,74.35166215,75.91562267,70.96812382,77.24808200,24.15581167,4.67711356,1.33703119,3.41620597,1.59263616,0.60000000,0.75000000,0.20000000,0.30000000,0.40424171,0.01423365,0.00004000,-0.00369884,0.00572511,-0.00006410,0.00378391,0.00740265,0.00926847,-0.00538176
2024-07-29,74.82553911,82.48032997,72.23595729,73.84349408,84.40183714,64.18583395,75.82428784,78.10151424,74.83353303,73.66929063,75.27399142,70.38820914,76.64177634,23.48735935,4.72215707,1.34221124,3.34188513,1.44549889,0.60000000,0.75000000,0.20000000,0.30000000,0.32611289,-0.00812386,0.00004000,0.00746884,-0.00666586,0.00010437,0.00342760,0.00093416,-0.00047463,0.00141745
2024-07-30,74.99549557,82.62075058,72.39253472,74.04830695,84.32331834,64.32597387,76.03931249,78.30051019,75.04116608,73.61455268,75.30971398,70.47625888,76.64012385,23.23280097,4.81504895,1.32710876,3.28545057,1.49472122,0.60000000,0.75000000,0.20000000,0.30000000,0.45172859,0.00222879,0.00004000,0.01255457,-0.00053811,-0.00034298,0.00192565,-0.00112203,0.00460232,-0.00132304
2024-07-31,74.41814428,82.11782646,72.06711991,73.13347538,83.37189416,63.80208297,75.51324298,77.59125823,74.53919493,73.11849893,74.81577244,69.78211883,75.89003768,23.69440684,4.65032631,1.36674522,3.13662607,1.51052737,0.60000000,0.75000000,0.20000000,0.30000000,0.33769042,-0.00776827,0.00004000,-0.00524389,0.00073825,0.00357378,-0.00085361,-0.00015395,-0.00515536,0.00047685
2024-08-01,75.65235594,83.61496138,73.19344970,74.01810531,84.91866138,64.76215396,76.54251911,78.83740210,75.61093878,74.40547301,76.13921917,70.99960911,77.00199863,23.45650913,4.79926013,1.30820089,3.34997287,1.41082294,0.60000000,0.75000000,0.20000000,0.30000000,0.41004351,0.01640880,0.00004000,-0.00509292,-0.00365695,0.00043251,-0.00578698,-0.01119148,-0.00303961,-0.00343891
2024-08-02,76.54072266,84.63121507,73.82422787,74.76437236,85.79092102,65.71041229,77.31012884,79.84777333,76.49969869,75.26870499,76.85723083,71.94475192,77.81033249,23.73589851,4.71158372,1.34406351,3.22339107,1.46046848,0.60000000,0.75000000,0.20000000,0.30000000,0.58678609,0.01163434,0.00004000,0.00604531,0.00082327,-0.00173159,-0.00099070,0.00471795,0.00473423,-0.00071827
2024-08-05,76.95970903,85.08290245,74.08030357,75.11207635,86.06155090,65.99069207,77.84305015,80.23328563,76.90831595,75.62613073,77.32159657,72.21164237,78.42058702,20.48827096,4.73980327,1.34261757,3.27561379,1.53285563,0.60000000,0.75000000,0.20000000,0.30000000,0.50183947,0.00541910,0.00004000,-0.00059700,-0.01031008,-0.00488173,-0.00438072,-0.00384692,0.00374894,0.00330803
2024-08-06,77.03383454,85.09784422,74.15153185,75.24348187,86.11846437,65.91117132,77.95593895,80.15462282,77.13842748,75.91448627,77.54373295,72.15851471,78.46374596,23.37563640,4.79226956,1.26124087,3.28156188,1.48344485,0.60000000,0.75000000,0.20000000,0.30000000,0.29218980,0.00092271,0.00004000,-0.00722389,-0.00577245,0.00711934,-0.00224963,-0.00037458,-0.00100813,-0.00587930
2024-08-07,77.08010245,85.06787798,74.34429097,75.32680291,86.27591914,65.78862016,78.02745631,80.13884743,77.15457229,75.86420323,77.74635821,72.31056579,78.59601324,23.03195496,4.49754754,1.33156859,3.16356140,1.56283643,0.60000000,0.75000000,0.20000000,0.30000000,0.46873685,0.00056044,0.00004000,-0.00483651,0.00033637,0.00258219,-0.00598073,0.01176299,0.00304399,-0.00195078
2024-08-08,75.82850639,83.55735258,73.10309311,74.02632741,84.84977320,64.70998439,76.73529030,78.79544639,75.98947650,74.69025519,76.60733155,71.12012072,77.28186479,24.38840951,4.96667859,1.36868838,3.16688684,1.47467335,0.60000000,0.75000000,0.20000000,0.30000000,0.55044498,-0.01641088,0.00004000,0.00110196,-0.00047439,-0.00811252,0.00149883,-0.01596964,-0.00319007,-0.00158117
2024-08-09,76.85513557,84.58858825,74.06175506,75.07270942,86.24763184,65.51936827,77.97539146,79.89923987,77.00913960,75.64561203,77.49664720,72.17472413,78.30611343,24.25491948,4.53302576,1.32973198,3.23693089,1.49571833,0.60000000,0.75000000,0.20000000,0.30000000,0.36669251,0.01340800,0.00004000,0.00588511,0.00147861,0.00037207,-0.00127183,-0.00334110,-0.00468612,-0.00148812
2024-08-12,76.91764758,84.57075943,74.01610728,75.12809087,86.35289331,65.70877363,78.09823212,79.91120483,77.04869750,75.56203673,77.81121854,71.99694209,78.10281629,24.45359674,4.71238505,1.38215216,3.42241445,1.48179488,0.60000000,0.75000000,0.20000000,0.30000000,0.45533759,0.00077304,0.00004000,-0.00069066,0.00205560,-0.00149190,0.00038368,-0.00864236,0.00574371,0.00004424
2024-08-13,77.44974690,85.08175382,74.55399153,75.54528748,87.00172321,66.17343843,78.62033632,80.42118997,77.85770848,75.91596690,78.15255370,72.57559095,78.69540380,22.69985129,4.93894072,1.35919784,3.19324073,1.56728643,0.60000000,0.75000000,0.20000000,0.30000000,0.37396555,0.00685396,0.00004000,0.01203819,-0.00303117,0.00012490,-0.00220452,-0.00872596,-0.00360257,-0.00052441
2024-08-14,77.60210352,85.40037591,74.61696512,75.72704895,87.24601054,66.49603333,78.83430859,80.63263899,77.96730342,75.84848441,78.14661373,72.36388820,78.81591583,21.04561501,4.62668239,1.40150100,3.41015065,1.45912363,0.60000000,0.75000000,0.20000000,0.30000000,0.27477761,0.00192524,0.00004000,0.00227959,-0.00546149,-0.00571535,0.00027902,0.00333963,-0.00165206,0.00233766
2024-08-15,77.04044182,84.71103761,74.22227890,74.95410384,86.71299380,66.13029084,78.06017823,80.37133924,77.29821875,75.40555619,77.98429473,71.91348148,78.30051752,22.13964141,4.67602820,1.34693605,3.30923001,1.53980125,0.60000000,0.75000000,0.20000000,0.30000000,0.33261200,-0.00730403,0.00004000,-0.01578490,0.00684884,-0.00435874,0.00057446,-0.00260011,0.00271216,-0.00086641
2024-08-16,78.23561677,85.94389443,75.50264995,76.05492041,88.11053444,67.06951620,79.07804161,81.65884168,78.49640287,76.72802527,79.23365125,73.42671555,79.25442919,23.27641713,4.82188610,1.33016765,3.27188850,1.46641192,0.60000000,0.75000000,0.20000000,0.30000000,0.16945281,0.01535450,0.00004000,-0.00352816,-0.00189817,0.00361260,-0.00503384,0.00966897,-0.00317663,-0.00193481
2024-08-19,78.54585059,86.69148072,76.09044544,76.33455941,88.61211155,67.04604611,79.53700001,82.06046539,78.40697513,76.69885122,79.36605494,73.95871318,79.32779615,21.59246004,4.70313905,1.33519370,3.29975030,1.48812125,0.60000000,0.75000000,0.20000000,0.30000000,0.36537524,0.00391754,0.00004000,0.00142216,0.00666948,-0.00418015,-0.00043493,0.00508759,-0.00232865,-0.00559157
2024-08-20,80.94121351,89.32477949,78.65976613,78.70087188,91.15440729,68.95750420,81.96566519,84.72654326,80.90373167,78.99903813,81.83996663,76.31952523,81.71574100,23.59124510,4.84819672,1.37911703,3.20843142,1.48030783,0.60000000,0.75000000,0.20000000,0.30000000,0.45354079,0.03000059,0.00004000,0.00616666,0.00075873,-0.00272835,0.00210120,-0.00792329,-0.00490241,-0.00386222
2024-08-21,81.23166147,89.74687560,78.89908646,78.72747853,91.69640936,69.10670117,82.39694496,84.83754064,81.30153117,79.01125138,82.02065824,76.36943505,81.83927742,23.10939243,4.95126468,1.30823992,3.31516591,1.48207156,0.60000000,0.75000000,0.20000000,0.30000000,0.41505070,0.00354196,0.00004000,-0.00189985,-0.00556192,0.00015684,-0.00196338,0.01367737,0.00477768,0.00179945
2024-08-22,81.28848480,89.88307496,78.64660080,78.55021406,91.75070065,69.32861746,82.36369803,85.14811223,81.13981516,79.23611254,82.12737013,76.46216738,81.71868319,22.16112418,5.04997454,1.34599054,3.33101171,1.50442585,0.60000000,0.75000000,0.20000000,0.30000000,0.43113221,0.00065928,0.00004000,0.01189591,0.00824958,-0.00053058,-0.00080617,-0.00169091,-0.00184655,0.00349865
2024-08-23,81.71303223,90.16714748,78.92742520,79.04856745,92.22725032,69.63993264,82.96994675,85.62172459,81.75595661,79.48882780,82.30349122,76.79290992,82.20691110,22.77659172,4.79764512,1.29775231,2.98075120,1.51501965,0.60000000,0.75000000,0.20000000,0.30000000,0.35063428,0.00516913,0.00004000,-0.00443239,-0.00527198,-0.00264685,0.00163951,-0.00707529,-0.00072381,-0.00116782
2024-08-26,81.28301065,90.03700225,78.55112156,78.65802655,91.41976979,69.60202439,82.53954042,85.01322729,81.34977617,79.07192950,81.65117854,76.48569629,81.56499894,23.82533733,5.16778372,1.32697345,3.50257749,1.53846445,0.60000000,0.75000000,0.20000000,0.30000000,0.34670146,-0.00531648,0.00004000,0.01384354,-0.00467843,-0.00305865,-0.00217514,0.00461400,-0.00262671,-0.00098352
2024-08-27,82.97705538,92.23303395,80.30135122,80.22028751,93.37856148,71.04020143,84.15504802,86.93310353,83.01704089,80.65161503,83.47128234,78.14108731,83.06084646,25.37742007,4.89661517,1.43033461,3.28230425,1.48884504,0.60000000,0.75000000,0.20000000,0.30000000,0.38949484,0.02058710,0.00004000,-0.00187183,0.00270328,0.00401798,-0.00089006,0.00465995,0.01177982,0.00218504
2024-08-28,84.98608546,94.48290900,82.15710896,82.06739494,95.51487835,72.57315812,86.17668741,89.21255707,85.54041128,82.46795144,85.63673599,80.21131418,85.46527726,23.85037330,4.53670481,1.32431834,3.23691563,1.47132399,0.60000000,0.75000000,0.20000000,0.30000000,0.31321111,0.02388341,0.00004000,-0.00763231,0.00859497,-0.00183328,-0.00309417,-0.00160994,-0.00265303,-0.00093216
2024-08-29,84.33921555,93.67474098,81.63651610,81.43032525,94.84627000,72.08193638,85.47263680,88.66265145,85.11821842,81.99331459,85.14231859,79.46924694,84.85696738,23.26929086,4.93310810,1.39424001,3.36640121,1.40600782,0.60000000,0.75000000,0.20000000,0.30000000,0.40108156,-0.00768060,0.00004000,0.01044936,-0.00063907,-0.00041566,-0.00098329,-0.00407811,0.00258899,0.00151852
2024-08-30,84.08096198,93.54812448,81.05182746,81.05094082,94.96745254,71.99006590,85.54723945,88.27073370,84.78205330,82.02096649,84.99283674,79.20423189,84.87521722,22.96652483,4.87574154,1.29360645,3.27961573,1.39154080,0.60000000,0.75000000,0.20000000,0.30000000,0.31562143,-0.00310678,0.00004000,0.00779061,-0.00419114,-0.00196587,0.00250238,-0.00482064,0.00322299,-0.00051545
2024-09-02,84.20328685,93.97490229,81.20742261,80.95476531,94.82015336,71.91260820,85.63498234,88.31140956,84.95291197,82.19499132,85.20639046,79.19518054,84.78783935,22.02627596,4.75954920,1.31307121,3.34330767,1.46975036,0.60000000,0.75000000,0.20000000,0.30000000,0.32870103,0.00141379,0.00004000,0.00293259,-0.01355141,0.00538159,-0.00311559,0.00508400,-0.00708306,0.00268030
2024-09-03,85.42797241,95.47769502,82.52421757,82.07204694,96.27885309,72.89648079,86.73175567,89.76364238,86.44284380,83.19144315,86.27575889,80.45149912,86.02351210,24.68333516,4.78200180,1.36608814,3.33434840,1.47493764,0.60000000,0.75000000,0.20000000,0.30000000,0.43365454,0.01439964,0.00004000,-0.00321077,0.00015969,-0.00269124,-0.00135706,0.00189355,0.00034460,-0.00273892
2024-09-04,83.92487661,94.19464321,81.15954429,80.69714541,94.68432083,71.52494914,85.00515819,88.07045867,84.78971304,81.76415658,84.83516779,78.88738911,84.39817221,23.89006194,4.69197314,1.34529918,3.29491813,1.45795160,0.60000000,0.75000000,0.20000000,0.30000000,0.41986179,-0.01779152,0.00004000,-0.00972150,-0.00076130,-0.00415447,0.00205340,-0.00144131,-0.00522487,-0.00232209
2024-09-05,83.81956278,93.81851093,80.86120096,80.83161329,94.29981974,71.40689272,84.95335108,87.96166292,84.74864344,81.72178747,84.83800817,78.91718005,84.26518678,22.83860707,4.67222354,1.36051705,3.51101879,1.53785259,0.60000000,0.75000000,0.20000000,0.30000000,0.53927361,-0.00129565,0.00004000,0.00462444,0.00509178,-0.00293537,-0.00318100,-0.00312172,0.00355349,0.00062193
2024-09-06,83.30560113,93.69939108,79.95305710,80.23692098,93.52399261,70.85158482,84.35718033,87.55104389,84.25359679,81.02823970,84.24354885,78.42752009,83.76424193,22.31820095,4.79530153,1.31125674,3.30488248,1.53401889,0.60000000,0.75000000,0.20000000,0.30000000,0.46831239,-0.00619064,0.00004000,-0.00801217,-0.00132026,0.00031737,0.00651351,-0.01202227,0.00026584,-0.00030301
2024-09-09,84.08451966,94.80753201,80.60177957,81.03536194,94.62543565,71.64988835,85.24275670,88.15936429,84.96838785,81.69300498,84.89662932,79.13369171,84.48388043,24.10930318,5.00065301,1.27243437,3.47271577,1.52312918,0.60000000,0.75000000,0.20000000,0.30000000,0.36489335,0.00926669,0.00004000,0.00050189,0.00286747,0.00422913,-0.00174273,-0.00429863,-0.00002719,-0.00071528
2024-09-10,85.35230598,96.19402460,81.95284771,82.05505244,96.01836817,72.61472321,86.82562788,89.31634878,86.23830411,82.82764748,86.03651242,80.09384631,85.50237890,21.53206668,4.96398503,1.35577453,3.23388334,1.56299591,0.60000000,0.75000000,0.20000000,0.30000000,0.41583967,0.01492499,0.00004000,0.00030313,-0.00489788,-0.00390754,-0.00210991,-0.00704657,0.00226988,0.00301759
2024-09-11,84.40737978,95.11840208,81.16307756,81.33332923,95.06366889,71.70080516,86.14184756,87.94779439,85.32679080,82.26104753,85.09407548,79.10647027,84.61801460,23.57788466,5.03489832,1.34215471,3.31449482,1.46613936,0.60000000,0.75000000,0.20000000,0.30000000,0.44573748,-0.01117263,0.00004000,0.00190372,-0.00562024,0.00698233,0.00263661,-0.00427269,0.00076570,-0.00102242
2024-09-12,84.75721675,95.30806988,81.44815129,82.09130253,95.53411539,71.88869488,86.45913593,88.14321296,85.60718785,82.89647877,85.27492926,79.44646886,84.89471249,22.50551711,4.64365592,1.38677428,3.30638180,1.48216450,0.60000000,0.75000000,0.20000000,0.30000000,0.37213963,0.00409606,0.00004000,0.00324351,-0.00710915,-0.00066983,0.00097714,-0.00548921,-0.00382221,-0.00349874
2024-09-13,85.25044676,95.74509142,81.88808433,82.82529764,95.86915940,72.55788791,86.85616525,88.37383574,86.04563888,83.44095299,85.60032986,79.93076106,85.49378188,22.49396803,4.96189164,1.37456055,3.30665895,1.50788521,0.60000000,0.75000000,0.20000000,0.30000000,0.52402812,0.00576246,0.00004000,0.00300346,0.00207393,-0.00238925,0.00253094,0.00415861,-0.00435540,-0.00002572
2024-09-16,86.42227713,97.06727376,82.76342039,83.98876129,97.54345410,73.69511438,88.23708636,89.30449469,87.51096356,84.60348742,86.74762419,81.05213975,86.41929835,23.73589488,4.56890795,1.42375188,3.08820113,1.54613757,0.60000000,0.75000000,0.20000000,0.30000000,0.45722546,0.01361212,0.00004000,-0.00808844,0.00895526,-0.00041890,0.00051969,-0.00943383,0.00011244,-0.00686104
2024-09-17,86.50533384,97.15261806,82.93044510,84.35964518,97.79567615,73.64133136,88.38436782,89.13013756,87.65024621,84.48706894,86.98327149,81.03200210,86.74702910,24.53514893,4.94256611,1.30530502,3.31328426,1.63586431,0.60000000,0.75000000,0.20000000,0.30000000,0.13750954,0.00092060,0.00004000,-0.01024989,0.00492370,-0.00153775,0.00071505,0.00464799,0.00100398,0.00504642
2024-09-18,85.69871804,96.05657722,82.37621994,83.48626430,96.96961195,73.06042634,87.67296883,88.04816054,86.98199914,83.85488974,85.95642059,80.45655164,86.12425106,22.34068614,4.63501088,1.42541643,3.41166286,1.51968949,0.60000000,0.75000000,0.20000000,0.30000000,0.34136956,-0.00940821,0.00004000,0.00474148,-0.00755425,-0.00184699,-0.00020700,-0.00057874,0.00297276,-0.00338039
2024-09-19,85.12034466,95.57457002,81.93686389,83.13559843,96.48670380,72.48494292,87.19147841,87.47442596,86.77406617,83.06047504,85.08148141,79.73103629,85.65040694,23.58106237,4.54827909,1.36428278,3.24610248,1.46801539,0.60000000,0.75000000,0.20000000,0.30000000,0.37995166,-0.00681179,0.00004000,0.00454429,-0.00527747,-0.00347050,0.00357369,-0.00652879,0.01346576,-0.00210071
2024-09-20,85.12702086,95.57733292,82.00140943,83.00537839,96.27827236,72.54897684,86.94922038,87.22538426,86.92840069,83.38161094,84.71542610,79.60174708,85.92794933,23.51797513,4.82360464,1.32337564,3.13654010,1.43820488,0.60000000,0.75000000,0.20000000,0.30000000,0.21720187,0.00003843,0.00004000,-0.00754026,0.00418072,0.00275135,-0.00161661,-0.00336249,0.00711584,-0.00226201
2024-09-23,85.66951542,96.12581221,82.52029751,83.81102279,97.13500668,73.04962753,87.27268030,87.77856557,87.33408271,83.83247680,85.01090496,80.07597348,86.54238259,21.72689616,4.59702373,1.37840694,3.21671827,1.54313278,0.60000000,0.75000000,0.20000000,0.30000000,0.44464414,0.00631255,0.00004000,0.00814429,-0.00260465,-0.00332612,-0.00026734,-0.00809434,-0.00328123,0.00195836
2024-09-24,85.95957326,96.17386984,82.80137386,84.24377773,97.33177152,73.49972981,87.71134542,88.20938427,87.82679909,84.13069478,85.35333139,80.60460243,86.84304708,23.53940060,4.86317035,1.34883423,3.26944058,1.50601284,0.60000000,0.75000000,0.20000000,0.30000000,0.31813859,0.00334006,0.00004000,0.00449214,0.00047522,-0.00277312,0.00063585,-0.00064110,-0.00011248,0.00434912
2024-09-25,86.27956276,97.05034842,83.22617055,84.59480960,97.66423603,73.72253308,88.09789888,88.42485534,88.06797711,84.40888530,85.80085035,80.71749270,87.09623960,24.15218661,4.63016841,1.31915621,3.29769975,1.47708841,0.60000000,0.75000000,0.20000000,0.30000000,0.57224336,0.00367565,0.00004000,0.00590977,-0.00508296,-0.00587897,0.00033928,0.00479352,0.00256500,0.00193597
2024-09-26,86.01740009,96.57872208,82.89032685,84.09599484,97.28223967,73.26094890,87.66324871,88.33941858,87.61670919,84.58336239,85.41983554,80.58669258,86.98533358,22.63817313,4.88048798,1.33560239,3.37775803,1.52887710,0.60000000,0.75000000,0.20000000,0.30000000,0.41368045,-0.00308315,0.00004000,-0.00588973,-0.00223008,0.00763048,-0.00073513,0.00589118,0.00254188,0.00039277
2024-09-27,85.80627509,96.40897147,82.83584295,84.09039327,96.94175379,73.21431097,87.47638169,88.35091620,87.51831642,84.20347732,85.32306698,80.46979816,86.59916475,24.19019672,4.74770775,1.34780860,3.42483781,1.50494450,0.60000000,0.75000000,0.20000000,0.30000000,0.34761910,-0.00249746,0.00004000,0.00846463,-0.00109859,-0.00784281,-0.00074070,0.01240056,-0.00655767,-0.00448347
2024-09-30,86.35390651,97.12995213,83.47201466,84.48627761,97.96670866,73.50245840,87.78616469,88.92941993,88.03836079,84.65992428,85.93915260,81.03595373,87.47606832,22.35655170,4.85215454,1.30193491,3.41133233,1.54245595,0.60000000,0.75000000,0.20000000,0.30000000,0.37473756,0.00632190,0.00004000,-0.00798105,0.00312590,0.00376549,-0.00620139,-0.00679715,-0.00106290,0.00183343
2024-10-01,86.12490719,96.90215763,83.31575242,84.33987861,97.85127227,73.36784579,87.49401799,88.73907062,87.62887552,84.37036744,85.36312094,80.83616463,87.49766896,21.70372164,4.78669786,1.34914590,3.29019298,1.46899923,0.60000000,0.75000000,0.20000000,0.30000000,0.42255625,-0.00269539,0.00004000,-0.00522027,-0.00087528,0.00111620,-0.00027346,0.00043811,0.00236557,0.00335872
2024-10-02,86.44461620,96.99137047,83.59700609,84.71977640,97.90339828,73.83881217,87.98477237,88.77793056,88.02005821,84.57664131,85.59675620,81.12916929,87.90066296,24.01416074,4.80957846,1.31027814,3.34596581,1.46716297,0.60000000,0.75000000,0.20000000,0.30000000,0.48130210,0.00366528,0.00004000,0.00749353,-0.00117553,0.00519263,0.00017824,0.00192858,0.00034692,0.00262932
2024-10-03,86.42996708,96.96428207,83.59058585,84.55587114,97.74308461,73.95419188,88.04417435,88.52731989,88.23026482,84.57498069,85.65182615,81.11427500,87.73694295,22.31120465,4.80102301,1.34668471,3.32735630,1.53556761,0.60000000,0.75000000,0.20000000,0.30000000,0.31899715,-0.00020948,0.00004000,0.00224486,-0.00057623,-0.00454136,0.00105994,0.00345544,0.00033148,-0.00235746
2024-10-04,86.08833110,96.53453642,83.11488325,84.31428943,97.48998652,73.67632519,88.01724583,88.24887795,88.01077735,84.38471432,85.42226498,80.81176612,87.31820300,23.82044852,4.65558832,1.39046787,3.18609913,1.58443996,0.60000000,0.75000000,0.20000000,0.30000000,0.54225940,-0.00400058,0.00004000,-0.00687535,0.00276145,0.00520864,0.00113334,0.00007163,0.00170620,-0.00072855
2024-10-07,85.88399465,96.14002003,83.06109028,84.07446660,97.33341334,73.60508919,87.69205530,87.90689769,87.42712065,84.35323129,85.20619198,80.77350708,87.62899507,24.45430979,4.75311593,1.32968969,3.24051637,1.42018410,0.60000000,0.75000000,0.20000000,0.30000000,0.39999424,-0.00241639,0.00004000,0.00026344,-0.00155126,0.00306224,0.00456992,-0.00691879,-0.00263574,-0.00018137
2024-10-08,84.75469519,94.52720259,82.03422278,83.00029513,95.88593493,72.90804371,86.60277278,86.30197554,86.09658627,83.29534761,84.15916275,79.97940478,86.47602648,24.82056252,4.67992632,1.28988836,3.19113954,1.52893452,0.60000000,0.75000000,0.20000000,0.30000000,0.41394034,-0.01327634,0.00004000,-0.00324845,0.00400996,-0.00126738,0.00470551,0.01219662,-0.00527835,-0.00603224
2024-10-09,84.26478867,93.46021285,81.53954232,82.63340314,95.22884634,72.53220018,86.20294523,85.64666283,85.39738599,83.17344834,83.82168060,79.42733184,85.90608458,24.09548291,4.94439423,1.35576719,3.41669549,1.47992133,0.60000000,0.75000000,0.20000000,0.30000000,0.38125532,-0.00583706,0.00004000,-0.00398366,0.00803195,0.00318699,-0.00168982,0.00465588,-0.00549802,0.00214229
2024-10-10,84.93082383,94.11695332,81.86975894,83.39940571,96.01401244,72.87203136,87.14345398,86.49844767,86.10357058,83.79011793,84.44870464,80.28558876,86.73141247,22.28461202,4.88876962,1.29406853,3.35297032,1.52304094,0.60000000,0.75000000,0.20000000,0.30000000,0.36979095,0.00783300,0.00004000,-0.01200823,0.00281447,0.00055508,0.00239429,0.00016771,0.00165119,-0.00325098
2024-10-11,84.70837857,93.95966733,81.66627698,83.19470218,95.76660688,72.79060096,86.57930679,86.04511651,85.82958800,84.09432559,84.23881607,80.21866455,86.34808119,22.05684520,4.64959490,1.35491948,3.38253019,1.43687839,0.60000000,0.75000000,0.20000000,0.30000000,0.33555419,-0.00266257,0.00004000,0.00170058,-0.00233845,-0.00124014,-0.00014382,-0.00994544,-0.00349114,0.00535595
2024-10-14,84.12220173,93.41728535,81.06285803,82.55626351,95.13206591,72.23656431,86.19382109,85.33358788,85.44697208,83.23466705,83.64189499,79.42926900,85.80089938,23.18020643,5.18719758,1.34925625,3.25619902,1.46884974,0.60000000,0.75000000,0.20000000,0.30000000,0.26778922,-0.00698399,0.00004000,-0.00516249,0.00284455,0.00616351,-0.00171663,0.00332867,0.00226561,-0.00441966
2024-10-15,83.89625621,93.32072081,80.64730687,82.15605110,94.57168040,71.98792964,85.85311121,85.04025740,85.04097303,83.01964230,83.14086244,79.03673704,85.62977725,21.78143728,4.85177773,1.33293374,3.15910659,1.47384321,0.60000000,0.75000000,0.20000000,0.30000000,0.46328532,-0.00272953,0.00004000,0.00798628,0.00727623,-0.00038532,0.00296621,0.00255879,-0.00503985,-0.00184527
2024-10-16,84.05145907,93.67501454,80.65412263,82.08718314,95.02163565,71.83161071,85.96441555,84.87875565,85.54561586,82.87531899,83.36792483,79.18078906,85.91087108,22.71157859,4.84577532,1.43476263,3.36060450,1.49558376,0.60000000,0.75000000,0.20000000,0.30000000,0.41359185,0.00180823,0.00004000,0.00816915,-0.00468602,0.00070407,-0.00141606,-0.00347949,0.00596131,-0.00045447
2024-10-17,85.46076429,95.38562511,82.04862980,83.62547676,96.59893436,72.86042335,87.25007146,86.29863625,87.18772192,84.24622586,85.03330838,80.53606734,87.70331400,22.19533639,4.67666306,1.36114381,3.21806596,1.52710511,0.60000000,0.75000000,0.20000000,0.30000000,0.35453702,0.01658815,0.00004000,0.00845699,0.00692864,0.00251989,0.00131578,-0.00265173,-0.00156060,-0.00259788
2024-10-18,87.17490459,97.70583919,83.77699795,85.24933867,98.23972740,74.10159422,88.99282247,87.84541945,88.42722934,86.20046460,86.63321233,82.22740772,89.41860288,23.44381149,4.81568683,1.29567015,3.27182283,1.60017994,0.60000000,0.75000000,0.20000000,0.30000000,0.48006216,0.01981912,0.00004000,0.00383930,0.00335124,0.00321754,0.00218047,-0.00319150,0.00561669,0.00011745
2024-10-21,87.05889016,97.59284497,83.45219021,85.20131324,97.97148440,73.84389034,88.74277708,87.64759958,88.34227024,86.17327365,86.57419768,82.20729127,89.09769155,22.68109806,4.41228074,1.31262377,3.58805659,1.49127409,0.60000000,0.75000000,0.20000000,0.30000000,0.29725729,-0.00137171,0.00004000,0.00029085,-0.00684272,-0.00138511,-0.00109304,0.00395979,0.00147632,-0.00143887
2024-10-22,85.68209670,96.31797188,82.09441090,83.64969595,96.51239819,72.60265436,87.45925957,86.18452230,87.18957504,84.98845604,85.23423306,80.52896459,87.56503844,21.74021393,4.91787187,1.47550458,3.28899864,1.46003151,0.60000000,0.75000000,0.20000000,0.30000000,0.30388392,-0.01598089,0.00004000,-0.00073022,0.00015983,0.00060374,-0.00088939,-0.00339880,-0.00310489,0.00107161
2024-10-23,82.61769471,92.72601225,79.10898038,80.40877986,92.70803938,69.97816529,83.87708874,83.01095739,84.09368836,81.87757066,81.94753842,77.50598657,84.58616771,24.27240223,4.80184936,1.39548511,3.29262535,1.47992029,0.60000000,0.75000000,0.20000000,0.30000000,0.43530055,-0.03646002,0.00004000,-0.00346359,0.00177574,-0.00085127,0.00334312,0.00106027,0.00435900,-0.00415950
2024-10-24,80.33583440,90.25715995,77.18825014,77.85159042,90.20763568,68.11487042,81.42297633,80.84723993,81.80867800,79.65709550,79.38592331,75.43471791,82.26345596,22.49813688,4.86278656,1.30781901,3.23312686,1.40107246,0.60000000,0.75000000,0.20000000,0.30000000,0.30947559,-0.02804810,0.00004000,-0.00684975,-0.00227915,0.00180062,0.00110476,0.00381653,0.00064996,0.00099573
2024-10-25,79.59656619,89.55089785,76.59732383,77.16067254,89.48684026,67.59938897,80.26893107,80.28280860,80.98054594,78.96931429,78.65771203,74.74029478,81.48365387,20.55204833,4.73715691,1.30714044,3.33884488,1.54754520,0.60000000,0.75000000,0.20000000,0.30000000,0.39089181,-0.00928482,0.00004000,0.00221624,0.00205106,-0.00167782,0.00576825,-0.00120934,0.00043356,0.00280673
2024-10-28,81.25256970,91.38924794,78.22823129,78.70301415,91.18756994,68.99031605,81.91994508,81.82872120,82.46423622,80.42274393,80.21973276,76.51295445,83.26082972,22.57188115,4.75717311,1.32208971,3.15387716,1.47814190,0.60000000,0.75000000,0.20000000,0.30000000,0.42896628,0.02055149,0.00004000,0.00163435,0.00461987,-0.00042364,0.00078551,-0.00471205,0.00293713,0.00511872
2024-10-29,81.46811866,91.79313602,78.32715122,78.78341767,91.42649719,69.10568985,82.06605710,81.67391778,82.73211599,80.88104784,80.59601906,76.75752005,83.48015413,23.66964582,4.63869055,1.31396353,3.21605089,1.56663157,0.60000000,0.75000000,0.20000000,0.30000000,0.30668134,0.00260931,0.00004000,0.00341273,0.00667496,0.00501255,0.00147495,0.00382723,-0.00339704,-0.00132965
2024-10-30,81.28423306,91.64165864,78.23643188,78.42240266,91.08276751,69.01779348,82.14283941,81.48442066,82.53500281,80.70998173,80.84431240,76.63668343,83.30691606,23.33948294,4.63229577,1.35241100,3.23326378,1.44791667,0.60000000,0.75000000,0.20000000,0.30000000,0.53401839,-0.00229970,0.00004000,0.00345983,0.00342021,-0.00284085,-0.00256087,0.01307887,-0.00811633,-0.00187802
2024-10-31,81.76872371,92.00596619,78.72978774,78.88721177,91.51296280,69.32961104,82.37216432,81.92443028,83.01882225,81.37000059,81.27678854,77.04010704,83.93950119,24.12996400,4.70797229,1.34919892,3.28533685,1.52660873,0.60000000,0.75000000,0.20000000,0.30000000,0.42933869,0.00590276,0.00004000,-0.00142545,0.00193256,0.00074534,-0.00020948,-0.00275615,-0.00785861,-0.00156393
2024-11-01,79.32028187,89.25970538,76.13457283,76.64651870,89.01439860,67.13309939,79.87664921,79.70345259,80.51784638,78.91248043,79.12489219,74.59233348,81.04273562,23.54096973,4.92587256,1.27545312,3.36811351,1.52685294,0.60000000,0.75000000,0.20000000,0.30000000,0.34404750,-0.03044096,0.00004000,-0.00036475,-0.00324838,-0.00497517,-0.00704347,-0.00111427,0.00118982,-0.00525047
2024-11-04,77.86195449,87.35692312,74.69517714,75.34870769,87.00992528,65.77468682,78.56791818,78.20623905,79.04993410,77.35618840,77.48297834,73.16274986,79.55458288,22.68497610,4.72222754,1.37822752,3.49104409,1.49802298,0.60000000,0.75000000,0.20000000,0.30000000,0.29482751,-0.01859641,0.00004000,0.00721626,-0.00315739,0.00069941,0.00100581,-0.00132649,0.00145765,-0.00059113
2024-11-05,79.09935980,88.90546616,75.84947691,76.55739210,88.60897899,66.80457450,79.88757228,79.47595080,80.17407202,78.43194057,78.83239395,74.34937715,80.90827811,23.74575584,4.68053931,1.43709533,3.12456399,1.52389754,0.60000000,0.75000000,0.20000000,0.30000000,0.34648289,0.01572734,0.00004000,0.00105943,-0.00787334,0.00019330,0.00067753,-0.00327965,-0.00007404,-0.00086711
2024-11-06,77.46177585,87.21487164,74.18250350,74.74533925,87.04500441,65.41571830,78.00148917,77.88866627,78.27446814,76.85296504,77.07522957,72.58500998,79.16528207,24.10890470,4.81669785,1.38322001,3.13536394,1.45040668,0.60000000,0.75000000,0.20000000,0.30000000,0.59162130,-0.02096018,0.00004000,0.00395673,0.00209679,-0.00138763,0.00334830,0.00088340,-0.00411264,0.00301938
2024-11-07,79.51132301,89.40204591,76.25633228,76.81516494,89.39526691,67.02739047,80.30901010,79.62233981,80.04686659,78.74270895,79.13601808,74.54870804,81.30070065,22.02400724,4.91427451,1.37040535,3.28200040,1.47606876,0.60000000,0.75000000,0.20000000,0.30000000,0.38918087,0.02607484,0.00004000,0.00111620,-0.00210647,0.00343779,-0.00242918,0.00037569,0.00020417,-0.00213958
2024-11-08,80.47791085,90.76477647,77.27588530,77.47123340,90.44968491,67.88434277,81.18146905,80.19951043,81.14778090,79.80676987,79.78468726,75.11669363,82.29426981,22.15752003,4.84220939,1.42193059,3.23318471,1.49952679,0.60000000,0.75000000,0.20000000,0.30000000,0.54744238,0.01204331,0.00004000,-0.00957440,-0.00411306,-0.00017636,-0.00211676,-0.00960463,-0.00600617,-0.00369235
2024-11-11,81.07978244,91.26715945,77.85020925,78.05207801,91.27298326,68.28512774,81.69202838,80.65163166,81.88898526,80.38411263,80.32247700,75.67678892,82.99693821,22.08210761,4.85136734,1.34261452,3.14942636,1.52357304,0.60000000,0.75000000,0.20000000,0.30000000,0.50991836,0.00741089,0.00004000,0.00269920,-0.00176137,0.00714986,0.00508059,0.00260116,0.00786172,0.00499639
2024-11-12,80.58420348,90.39587912,77.27919447,77.27113783,90.43898809,67.74026517,81.36955965,80.10075911,81.56276865,79.72057359,79.73616507,75.05619749,82.53831381,21.22531978,4.76090958,1.31222293,3.27637204,1.50970106,0.60000000,0.75000000,0.20000000,0.30000000,0.48566060,-0.00617099,0.00004000,-0.00330669,-0.00759196,0.00479976,-0.00256779,0.00144705,-0.00453180,0.00255051
2024-11-13,80.60463652,90.34967643,77.58581852,77.13769664,90.24351816,67.90194781,81.47160869,80.20539535,81.57523349,79.87304528,79.80740988,75.04849851,82.49705644,24.16183459,4.67354452,1.38516602,3.29879382,1.41654698,0.60000000,0.75000000,0.20000000,0.30000000,0.45688017,0.00021353,0.00004000,-0.00242444,-0.00498499,-0.00199322,-0.00162754,0.00140384,0.00315656,0.00394264
2024-11-14,80.32280434,90.45740386,77.35886648,76.93833027,89.64464948,67.58249642,81.31898347,79.95437017,81.16099333,79.83510074,79.20810470,74.86352802,82.01240267,23.69891202,4.92268527,1.35279804,3.23283908,1.50313367,0.60000000,0.75000000,0.20000000,0.30000000,0.50720148,-0.00354260,0.00004000,0.00605993,0.00939380,-0.00446478,0.00199548,0.00363714,-0.00048366,0.00063258
2024-11-15,79.69046362,89.73823826,76.75289723,76.47449237,89.36926845,67.12777107,80.42831596,79.05750044,80.49487366,79.53914264,78.85831141,74.08806288,81.22983120,25.44054750,4.96641877,1.35410909,3.33826228,1.64163680,0.60000000,0.75000000,0.20000000,0.30000000,0.35618064,-0.00794364,0.00004000,-0.00154638,0.00336713,0.00372252,0.00283170,-0.00456562,-0.00113408,-0.00033482
2024-11-18,78.96751324,88.78093537,76.40451863,75.68537230,88.85167097,66.58145543,79.71958348,78.28068446,79.45043727,78.50451132,78.16287753,73.38449708,80.48596944,22.82025750,4.84380925,1.32338896,3.37504331,1.50872030,0.60000000,0.75000000,0.20000000,0.30000000,0.39639505,-0.00915338,0.00004000,-0.00255507,0.00318337,-0.00823768,-0.00418835,-0.00521780,-0.00285959,-0.00059120
2024-11-19,79.96166599,89.78320939,77.35776597,76.57528025,89.59130010,67.69960350,80.68800614,79.03667244,80.51598158,79.69213691,79.07401528,74.38732421,81.44992937,23.02672565,4.98827408,1.32472794,3.36073571,1.60053905,0.60000000,0.75000000,0.20000000,0.30000000,0.36559224,0.01247080,0.00004000,0.01143243,0.00112512,-0.00109896,-0.00357241,-0.00438536,-0.00140551,0.00323441
2024-11-20,82.11634494,91.96644601,79.36393719,78.76548973,91.84917500,69.59148364,82.59878087,81.17367973,82.98616706,81.83334694,81.26594103,76.39181067,83.74859235,23.60735787,4.95659406,1.29712164,3.49219660,1.43185289,0.60000000,0.75000000,0.20000000,0.30000000,0.40439490,0.02654974,0.00004000,-0.00024089,0.00526509,0.00073733,-0.00017206,-0.01107551,0.00360189,0.00396929
2024-11-21,82.30869230,92.31611078,79.83308625,79.16655917,92.14232737,69.96768875,82.45437404,81.34132142,83.35250171,82.21568824,81.31883621,76.66153189,83.81402374,22.82977313,4.83312612,1.37044559,3.28966422,1.50616845,0.60000000,0.75000000,0.20000000,0.30000000,0.35593899,0.00229964,0.00004000,-0.00071609,0.00286726,0.00496292,0.00112364,0.00609022,0.00339749,-0.00153282
2024-11-22,81.39843654,91.23791132,78.68294293,78.37422473,90.92827768,69.20025590,81.49762570,80.32574083,82.52006707,80.99133708,80.63672613,75.69201801,83.27980171,21.71735022,4.66713653,1.33058286,3.57933549,1.35421301,0.60000000,0.75000000,0.20000000,0.30000000,0.49152731,-0.01116065,0.00004000,-0.00218063,0.00169417,0.00892235,-0.00029733,-0.00008362,-0.00169567,0.00060724
2024-11-25,83.26958014,93.07911413,80.29618643,79.97946563,92.86411272,70.83470486,83.47331082,82.25227172,84.47166018,82.60273608,82.77049656,77.13447132,85.12669058,23.52125815,4.68877052,1.38406394,3.13496139,1.50493112,0.60000000,0.75000000,0.20000000,0.30000000,0.41091663,0.02268723,0.00004000,-0.00560101,0.00339963,-0.00194193,-0.00040556,-0.00707744,-0.01000455,0.00222781
2024-11-26,83.06520184,92.76847709,80.39553536,80.01339960,92.47382059,70.74440482,83.22681892,82.03859603,84.53928268,82.04402911,82.43301915,76.72406021,85.07011719,22.77092004,4.47710181,1.32262324,3.35852934,1.49974589,0.60000000,0.75000000,0.20000000,0.30000000,0.35024191,-0.00249743,0.00004000,-0.00267581,0.00311394,0.00220777,-0.00078413,0.00631537,0.00264431,0.00378397
2024-11-27,85.10798159,95.05459399,82.47659921,81.77032749,95.11931914,72.46735623,85.36206301,84.34063877,86.56633957,84.05433423,84.24448724,79.01361495,86.98368158,21.55250375,4.69735044,1.37369006,3.29928904,1.54046542,0.60000000,0.75000000,0.20000000,0.30000000,0.43017105,0.02425496,0.00004000,0.00388990,0.00615440,-0.00242834,0.00238499,0.00634724,-0.00514738,-0.00298419
2024-11-28,86.78148692,96.97686012,84.14609364,83.77789191,97.10233884,73.93312138,86.86813271,86.11340821,88.06966328,85.89185824,85.79314165,80.44854536,88.47772973,23.03001199,4.94907746,1.36803428,3.47825417,1.52330272,0.60000000,0.75000000,0.20000000,0.30000000,0.42920833,0.01943249,0.00004000,0.01421964,0.00382744,-0.00012286,-0.00276740,0.00127226,-0.00319945,-0.00248542
2024-11-29,86.06762759,96.04142685,83.51609262,83.10310946,96.36396702,73.57345670,86.17199869,85.46564212,87.03038248,85.05248284,85.44406123,79.68054531,87.70084834,21.42621271,4.55857807,1.37255752,3.39429756,1.49023406,0.60000000,0.75000000,0.20000000,0.30000000,0.21222909,-0.00829996,0.00004000,0.00665667,-0.00052384,-0.00690018,-0.00032980,0.00227413,0.00287917,0.00392654
2024-12-02,86.13620156,96.37601140,83.66348770,83.37745582,96.30252665,73.57740970,86.09320556,85.70834911,86.92236163,84.95280682,85.43963643,79.94062260,87.68849502,25.41488890,4.92501951,1.38710936,3.40770250,1.50633883,0.60000000,0.75000000,0.20000000,0.30000000,0.36497201,0.00075643,0.00004000,-0.00429598,-0.00494057,-0.00131479,-0.00238862,0.00512985,-0.00530653,-0.00226993
2024-12-03,87.15982815,97.85929221,84.49495313,84.31606124,97.56388792,74.52492886,87.14793760,86.54136203,87.84180719,86.10196768,86.04466851,81.06024053,88.80006690,22.55324276,4.97893602,1.40627738,3.34218724,1.56118842,0.60000000,0.75000000,0.20000000,0.30000000,0.43994904,0.01177376,0.00004000,0.00007740,-0.00081870,-0.00063610,0.00547895,-0.00827953,0.00520644,-0.00153027
2024-12-04,86.62684192,96.76924095,83.78628332,84.08171232,97.03798228,73.67028026,86.69245228,85.84804050,87.33984784,85.69227526,85.29878894,80.40927466,88.34466499,24.62248293,4.84966349,1.27239341,3.31362163,1.49915141,0.60000000,0.75000000,0.20000000,0.30000000,0.45002038,-0.00617382,0.00004000,-0.00207618,-0.00183241,0.00064662,0.00057435,0.00723115,0.00082796,-0.00215826
2024-12-05,84.96840401,94.96238810,82.05735073,82.52284952,95.01709586,72.43344202,85.23870896,84.42793902,85.89232111,84.18967176,83.42838308,78.79601657,86.33059091,23.41769879,4.86215409,1.40465266,3.35251729,1.51521093,0.60000000,0.75000000,0.20000000,0.30000000,0.34453425,-0.01937025,0.00004000,0.00486942,0.00241455,0.00412789,0.00423915,0.00391073,-0.00107741,-0.00461810
2024-12-06,85.31713263,95.36859009,82.56955236,82.81970452,95.34200943,72.69211935,85.67696934,84.55537756,86.40701500,84.55201267,83.87118568,79.20037324,86.62618135,19.89558314,4.80840719,1.36502848,3.24739461,1.45518671,0.60000000,0.75000000,0.20000000,0.30000000,0.41346454,0.00405582,0.00004000,-0.00464101,0.00296910,0.00247376,-0.00129796,0.01340025,0.00652496,-0.00339569
2024-12-09,85.08655096,94.99845091,82.34870539,82.63891149,95.29966030,72.62777251,85.70184251,84.68021841,86.10015121,84.38010469,83.61387537,79.17840247,86.16909263,23.58208149,4.61982397,1.34525707,3.35933305,1.47640116,0.60000000,0.75000000,0.20000000,0.30000000,0.38315840,-0.00274630,0.00004000,0.02061885,-0.01093473,0.00406762,0.00327123,0.00165809,0.00108193,-0.00137911
2024-12-10,83.89322010,93.86281419,81.05315276,81.43668494,94.32525268,71.65333346,84.34803166,83.65830904,84.95234840,82.87446092,82.51000418,78.11785063,85.27051398,23.63802310,4.76470898,1.35580145,3.43664165,1.53500892,0.60000000,0.75000000,0.20000000,0.30000000,0.40792920,-0.01416418,0.00004000,-0.00722531,0.00083258,0.00292429,-0.00233115,-0.00788491,-0.00100662,-0.00478004
2024-12-11,85.41931004,95.46386935,82.55992204,83.38663609,96.10120362,73.08543444,86.00641601,85.11409497,86.69445400,84.22135601,84.17180064,79.22849252,86.81505941,22.74724024,4.85734411,1.39471769,3.34476194,1.45246198,0.60000000,0.75000000,0.20000000,0.30000000,0.45413084,0.01798739,0.00004000,-0.00174889,0.00790950,0.00335020,0.00531912,0.00241945,0.00193272,0.00064550
2024-12-12,87.32122569,97.78433147,84.61406987,85.27302155,98.24588087,74.50846266,87.93305275,86.97518152,88.58567897,86.21544961,85.78995385,80.85560218,88.85064415,22.03528658,4.64170011,1.28194217,3.36017169,1.54447160,0.60000000,0.75000000,0.20000000,0.30000000,0.40924238,0.02198138,0.00004000,0.00220792,0.00240052,0.00362701,-0.00166452,-0.00115803,-0.00571377,-0.00282570
2024-12-13,86.76869384,97.17564686,84.27610448,84.41940406,97.38464477,73.94723424,87.48670769,86.04090742,88.01775913,85.45983586,85.30802543,80.33336697,88.24115406,21.27522430,4.84469561,1.31932713,3.33510077,1.57281567,0.60000000,0.75000000,0.20000000,0.30000000,0.33690711,-0.00638768,0.00004000,0.00040994,0.00048865,-0.00022160,0.00162117,-0.00276178,-0.00058350,0.00071142
2024-12-16,86.77589724,97.57497104,84.05674018,84.38621727,97.23493139,73.83288627,87.34163521,86.19374497,87.91396471,85.25852409,84.92599824,80.50602952,88.37380673,23.14235101,4.72265849,1.47826807,3.37848774,1.48693908,0.60000000,0.75000000,0.20000000,0.30000000,0.43056821,0.00004301,0.00004000,0.00443255,-0.00045109,0.00147835,0.00047265,-0.00289380,0.00024149,0.00306041
2024-12-17,86.30300858,97.04037047,83.76978870,83.72401305,96.53601823,73.36811574,86.52260290,85.50864600,87.49981014,84.63076004,84.57590893,79.88831250,87.68143434,23.85551702,4.77474793,1.30533475,3.35230536,1.51079317,0.60000000,0.75000000,0.20000000,0.30000000,0.38507571,-0.00550444,0.00004000,-0.00564218,0.00690650,-0.00238912,0.00026446,-0.00328220,0.00165964,0.00306789
2024-12-18,87.99551328,99.01791409,85.50352561,85.38893280,98.52883619,74.81950283,88.27806832,87.41817008,89.48516178,86.47245264,86.55991317,81.44566113,89.33170432,22.80185547,5.11183767,1.26871192,3.28969019,1.47234935,0.60000000,0.75000000,0.20000000,0.30000000,0.38712546,0.01938137,0.00004000,0.00546070,-0.00677709,-0.00028482,-0.00196388,0.01372940,-0.00040196,-0.00516213
2024-12-19,88.64239910,99.61050270,85.99466510,85.99903589,98.75007284,75.40382758,88.88567488,88.18610832,89.91295020,87.06273542,87.30894680,81.98212693,89.84556446,24.85568829,4.92290046,1.28887123,3.25982975,1.54521428,0.60000000,0.75000000,0.20000000,0.30000000,0.36588953,0.00728446,0.00004000,-0.00699172,-0.00978939,0.00118819,-0.00389608,-0.00685741,0.00249654,-0.00121849
2024-12-20,88.71777817,99.54746414,86.08486981,86.26373459,98.71993713,75.43730786,88.70578149,88.61953078,90.11455832,87.45261316,87.33182986,82.27856154,90.15298472,22.46990958,4.79463882,1.38502520,3.18433641,1.55772365,0.60000000,0.75000000,0.20000000,0.30000000,0.40330160,0.00081001,0.00004000,-0.00230467,-0.00583448,-0.00495565,-0.00084029,0.00558990,0.00200734,-0.00016598
2024-12-23,88.89528210,99.67939627,86.00860543,86.37971375,98.88212833,75.59572711,88.82146838,88.64369448,90.45647927,87.51763062,87.44589199,82.34751750,90.35830901,23.19892487,4.63239662,1.35971801,3.28623672,1.47585309,0.60000000,0.75000000,0.20000000,0.30000000,0.40841681,0.00195877,0.00004000,-0.00119874,0.00524651,-0.00170063,0.00367889,-0.00282540,0.00252484,-0.00336460
2024-12-24,92.00869035,103.03916084,88.89220379,89.48376312,102.33925669,78.32151516,92.13691154,91.60143885,93.31188630,90.46613972,90.66377486,85.14425099,93.76062974,23.32330411,4.79862403,1.32339610,3.36022120,1.57309312,0.60000000,0.75000000,0.20000000,0.30000000,0.39749469,0.03438396,0.00004000,0.00870655,0.00571620,-0.00495156,0.00456697,-0.00632121,-0.00697636,0.00296547
2024-12-25,91.64271209,102.68608001,88.32232196,88.93809797,101.88475665,78.07965472,91.91710017,90.77560707,92.79243237,90.14100023,90.05115889,84.95127185,93.09970241,22.74461102,4.83531159,1.31958655,3.16791024,1.50691111,0.60000000,0.75000000,0.20000000,0.30000000,0.34360643,-0.00402558,0.00004000,0.00135224,0.00093136,-0.01074091,-0.00392698,-0.00241318,0.00044054,-0.00002248
2024-12-26,90.97525791,101.82940670,87.87778011,88.30092483,101.21403953,77.62893550,91.43407516,89.89150443,92.52528736,89.66105404,89.14103127,84.46920312,92.16380869,22.25694418,4.91377164,1.38040396,3.21122664,1.42282838,0.60000000,0.75000000,0.20000000,0.30000000,0.25872140,-0.00734987,0.00004000,0.00718388,0.00381166,0.00030170,0.00155173,0.00867728,-0.00357071,0.00072350
2024-12-27,90.01626070,100.76157665,86.91533757,87.29376815,100.07659180,76.96769244,90.46605516,89.10405962,91.50731026,88.72375471,88.32080937,83.67018403,91.20930110,22.23014161,4.97387380,1.31111838,3.32876005,1.51245726,0.60000000,0.75000000,0.20000000,0.30000000,0.28112517,-0.01063725,0.00004000,-0.00022137,-0.00200018,-0.00640499,-0.00229172,-0.00927321,-0.00879342,-0.00158262
2024-12-30,89.71639812,100.20906963,86.61108732,86.98658274,99.71651723,76.56257925,90.23124620,88.74045684,90.81757398,88.27442717,87.95985589,83.26457734,90.63171129,21.23212606,4.54259080,1.36438933,3.25093594,1.53459106,0.60000000,0.75000000,0.20000000,0.30000000,0.35757998,-0.00337677,0.00004000,-0.00319634,0.00089493,0.00039314,0.00041313,0.00684157,-0.00485944,0.00189806
2024-12-31,90.83815433,101.31272660,87.99698404,88.12384342,100.75384483,77.50453423,91.25623921,89.96792343,92.13026168,89.44164312,89.13687893,84.24402028,92.03503875,22.93809077,4.82482187,1.33488213,3.37817042,1.42440617,0.60000000,0.75000000,0.20000000,0.30000000,0.41606895,0.01238584,0.00004000,0.00874727,0.00485937,-0.00366496,0.00051605,0.00477385,-0.00698612,0.00821850
2025-01-01,89.74284734,99.98271053,86.85559711,86.87513426,99.37011019,76.66598601,90.17076401,89.00012871,91.36196761,88.14898244,87.93596951,83.26041191,91.07836832,22.82459483,4.59968579,1.33842519,3.24172839,1.55389218,0.60000000,0.75000000,0.20000000,0.30000000,0.30332288,-0.01217107,0.00004000,-0.00052308,0.00050375,0.00575666,-0.00515901,-0.00327467,-0.00538498,0.00489506
2025-01-02,90.86893285,101.53169565,88.06017960,87.78791063,100.60322391,77.23403943,91.46698300,89.91289915,92.74049026,88.86706298,89.18469083,84.25532017,92.35496423,21.10616147,4.79037637,1.40633512,3.34257786,1.50017251,0.60000000,0.75000000,0.20000000,0.30000000,0.36079934,0.01242984,0.00004000,-0.00735933,-0.00845786,0.00543638,0.00265105,-0.00140245,0.00062903,0.00013351
2025-01-03,91.84877745,102.94765285,88.74952971,88.49166416,101.19335279,78.21304862,92.20485882,90.98377327,93.47496936,89.80072237,90.14141010,85.64383199,93.30141550,24.76581187,4.74314731,1.27082389,3.28289820,1.54875422,0.60000000,0.75000000,0.20000000,0.30000000,0.47001444,0.01068533,0.00004000,0.00605450,0.00008958,0.00110085,0.00047975,0.00128434,0.00189052,0.00154715
2025-01-06,92.97581489,104.03027594,89.66125279,89.34473480,102.28952465,79.19411144,93.48333407,91.95902935,94.74808900,91.03189894,91.17922388,86.61666305,94.50106606,22.91255757,4.91272065,1.32578367,3.32711733,1.38420453,0.60000000,0.75000000,0.20000000,0.30000000,0.37522562,0.01215590,0.00004000,0.00923081,-0.00307945,-0.01244020,0.00224788,-0.00610010,-0.00090262,0.00012799
2025-01-07,96.20933905,108.04966379,92.26306249,92.75326989,106.08655257,82.13318115,96.48287791,95.28877900,98.09670004,94.29239887,94.27333556,89.63305399,97.91529776,22.70080498,4.79938101,1.41651357,3.34189372,1.51477108,0.60000000,0.75000000,0.20000000,0.30000000,0.32066072,0.03414703,0.00004000,-0.00120515,-0.00198368,-0.00161691,-0.00155946,-0.00141539,-0.00383630,-0.00125327
2025-01-08,94.27570944,106.11924021,90.37185348,91.14206879,103.55791251,80.53149213,94.50095553,93.80870901,96.05024385,92.05781981,92.33728212,87.74511747,95.87824712,21.96515607,4.94056519,1.33239472,3.22184266,1.50230953,0.60000000,0.75000000,0.20000000,0.30000000,0.35219596,-0.02034286,0.00004000,0.00100813,0.00262768,-0.00196184,-0.00073714,-0.00399811,0.00227230,0.00518974
2025-01-09,93.43042152,105.07760496,89.52260883,90.23813360,102.82422427,79.72434322,93.69893161,93.00696791,95.23624111,91.22129418,91.52317131,87.30810082,95.10341713,23.61549467,4.71462306,1.36869506,3.29504566,1.50399938,0.60000000,0.75000000,0.20000000,0.30000000,0.41755904,-0.00904656,0.00004000,-0.00535631,0.00029825,0.00005810,-0.00047416,0.00735372,-0.00379818,-0.00179311
2025-01-10,93.44669764,105.17343348,89.59991920,90.31204374,102.68690374,79.90133016,93.77513980,92.97632501,94.99622425,91.44574327,91.84788711,87.16908911,94.97953942,24.39483421,4.77221465,1.36721272,3.26254094,1.52702219,0.60000000,0.75000000,0.20000000,0.30000000,0.32549337,0.00013419,0.00004000,-0.00133713,0.00487763,0.00512892,-0.00149239,0.00432378,0.00815974,0.00002383
2025-01-13,93.76534551,105.57498719,89.81723211,90.54842945,102.85440512,80.37487935,94.07692299,93.19156458,95.34870611,91.92998598,92.10773367,87.29890776,95.08990295,14.00526319,2.71669064,0.97739801,2.14077334,1.07508709,1.00000000,1.20000000,-0.50000000,-0.70000000,-0.99764264,0.00336414,0.00004000,0.00422321,0.00906348,0.00041732,-0.00683229,-0.00571860,0.00440638,0.00350742
2025-01-14,94.62476832,106.39386961,90.87024525,91.31789607,103.58357445,81.14668179,94.98578066,94.20475278,96.15801027,92.58755194,92.93329838,88.04369797,95.96515472,11.22111329,2.99017654,0.86107265,2.24564759,1.11801895,1.00000000,1.20000000,-0.50000000,-0.70000000,-1.11326091,0.00908393,0.00004000,0.00734963,-0.00079150,0.00763332,0.00368344,-0.00470961,-0.00137990,0.00036573
2025-01-15,94.18152808,106.07094929,90.46826075,91.32385904,103.04389959,80.65568140,94.39091455,93.95911664,95.72654927,92.09817009,92.67748101,87.38244946,95.66295572,12.47023903,3.14991624,0.82949704,2.18608552,1.07810820,1.00000000,1.20000000,-0.50000000,-0.70000000,-1.08196738,-0.00473519,0.00004000,-0.00572095,-0.00080060,-0.00597670,0.00033605,-0.00725220,-0.00175342,0.00282661
2025-01-16,94.11120703,105.82720296,90.52394192,91.03533900,103.05802626,80.90935849,94.08171425,94.14428254,95.62386109,91.96779227,92.70529104,87.14426243,95.55981413,13.53224730,2.88558896,0.88060397,2.25232533,1.12995696,1.00000000,1.20000000,-0.50000000,-0.70000000,-1.11785696,-0.00078693,0.00004000,-0.00171026,0.00318628,0.00856826,-0.00185989,0.00020302,0.00953127,-0.00263805
2025-01-17,93.42516104,104.90815455,89.77028586,90.56329120,101.86390155,80.60612852,93.34228849,93.56976550,95.22935141,91.23131419,92.12010377,86.45607472,94.65783493,11.82844597,3.05083270,0.99250796,2.27970438,1.12129408,1.00000000,1.20000000,-0.50000000,-0.70000000,-0.94567027,-0.00735644,0.00004000,0.00293601,-0.01088381,-0.00138952,0.00244971,-0.00965806,-0.00224033,-0.00324036
2025-01-20,94.29786683,105.89059197,90.63951080,91.53026363,102.86750493,81.45679521,94.43069431,94.58605508,96.07407324,92.08198224,93.06830350,87.38860706,95.19560992,12.12009538,3.07844893,0.94009701,2.06876522,1.16967666,1.00000000,1.20000000,-0.50000000,-0.70000000,-0.90821696,0.00925787,0.00004000,0.00063956,-0.00149382,-0.00215396,0.00056335,0.00658908,0.00046472,0.00469991
2025-01-21,93.82162742,105.57192423,90.08419134,91.24559093,102.64478985,80.89944776,93.99979122,94.27146265,95.87448020,91.80580374,92.48190909,87.21786737,95.01617830,13.24768421,3.14983656,0.92080929,2.22941536,1.13784166,1.00000000,1.20000000,-0.50000000,-0.70000000,-0.90663235,-0.00510317,0.00004000,0.00154847,-0.00235162,0.00035505,-0.00091850,0.00945718,-0.00450435,0.00538212
2025-01-22,94.18688900,105.98696616,90.42838422,92.02929568,102.87928428,81.35106668,94.26121312,94.59704477,96.16727833,92.27221106,92.81984031,87.72269848,95.66984517,11.42391275,2.75140479,0.85166100,2.18974760,1.02341477,1.00000000,1.20000000,-0.50000000,-0.70000000,-0.92739349,0.00384559,0.00004000,0.01090549,0.00316550,-0.00407553,-0.00509800,-0.00054076,0.00090524,-0.00302599
2025-01-23,95.34458322,107.50485666,91.66917652,93.17122519,103.73893604,82.18038790,95.55314974,95.97972121,96.91159909,93.27511361,93.81381718,88.78393788,96.93357727,11.97636038,2.85084003,0.92543717,2.27807554,1.10804687,1.00000000,1.20000000,-0.50000000,-0.70000000,-0.91365931,0.01217653,0.00004000,-0.00145076,-0.00284846,-0.00378471,0.00111602,-0.00954002,0.00152345,0.00364963
2025-01-24,95.01873484,107.10390652,91.39670380,92.72831142,103.46998151,81.79314464,95.50070844,95.96544859,96.46673636,93.13219131,93.46023857,88.41607901,96.36209751,12.25526630,3.07681545,0.92475623,2.15784687,1.00946071,1.00000000,1.20000000,-0.50000000,-0.70000000,-0.97691716,-0.00346344,0.00004000,-0.00396997,-0.00167994,-0.00122983,0.00462886,-0.00526370,0.00368985,0.00288945
2025-01-27,94.30725902,106.34395829,90.81260170,92.17382981,102.38150664,81.20784437,94.95975882,95.26135199,95.78233624,92.67902882,92.80752378,87.94931640,95.56108248,11.69472837,3.08209132,0.92075217,2.22545221,1.05244430,1.00000000,1.20000000,-0.50000000,-0.70000000,-0.84246018,-0.00755592,0.00004000,-0.00957111,0.00486009,0.00066499,0.00605917,-0.00016144,-0.00098377,0.00162382
2025-01-28,94.33126297,106.00694139,91.05337413,91.90690416,102.30710013,81.22865064,95.51165924,95.29078218,95.94736962,92.70173050,92.90585589,88.02633533,95.55128324,12.64956000,2.90418576,0.89008447,2.24388820,1.07239927,1.00000000,1.20000000,-0.50000000,-0.70000000,-0.85201083,0.00021450,0.00004000,0.00394101,0.00340314,-0.00034802,-0.00073815,-0.00002451,0.00067745,-0.00359575
2025-01-29,93.43676778,104.97279386,90.13289587,90.94117517,101.45942150,80.51707223,94.77923480,94.29022490,94.84855302,91.86601861,92.10992871,86.98385543,94.53788845,14.68332920,3.09364298,0.88171895,2.13727310,1.04731426,1.00000000,1.20000000,-0.50000000,-0.70000000,-0.97200119,-0.00956773,0.00004000,-0.01239768,0.00040131,-0.00165235,0.00140552,0.00230765,0.00331166,-0.00552473
2025-01-30,92.67757453,104.05558097,89.64874515,90.28920752,100.27334426,80.07970551,93.94895197,93.15265975,94.29195608,91.10477297,91.29679502,86.33869808,93.85689094,14.31008913,3.01189408,0.84285817,2.27549484,1.12016115,1.00000000,1.20000000,-0.50000000,-0.70000000,-1.04783548,-0.00819840,0.00004000,-0.00925571,0.01123024,-0.00124433,0.00059749,-0.00251290,-0.00493910,-0.00210389
2025-01-31,92.87779179,104.13884769,89.99060088,90.59501846,100.47098370,80.41427828,94.08299077,93.62314733,94.43421386,91.45267238,91.67751747,86.53117749,94.00237272,13.48049765,3.18451604,0.94102052,2.24958574,1.14111780,1.00000000,1.20000000,-0.50000000,-0.70000000,-0.87786428,0.00211803,0.00004000,-0.00126153,-0.00842495,-0.00058255,-0.00015035,-0.00344982,-0.00012319,0.00085901
2025-02-03,92.58537416,103.99529891,89.66565774,90.37729684,100.35587772,80.53944890,93.73173931,93.65793083,94.40125419,91.45607459,91.29465632,86.33585326,93.95665136,14.07899669,2.99114978,0.81937205,2.29042953,1.06226964,1.00000000,1.20000000,-0.50000000,-0.70000000,-0.99302101,-0.00319338,0.00004000,-0.00983785,0.01110948,-0.00209773,-0.00065495,0.00113391,-0.00273633,-0.00032668
2025-02-04,91.18812341,102.30491319,88.29458179,88.76810088,98.61001092,79.22422389,92.44327351,92.12086021,92.82576666,90.05137063,89.94231945,85.02910808,92.76399422,13.23930227,3.11427255,0.90984066,2.24016147,1.04601282,1.00000000,1.20000000,-0.50000000,-0.70000000,-1.03478737,-0.01524652,0.00004000,0.00414740,0.00392418,0.00010395,-0.00544312,-0.00704820,-0.00532220,0.00401016
2025-02-05,92.14972059,103.38687285,89.34879055,89.86892434,99.30639199,80.11814870,93.33920814,92.95060301,94.09645687,90.93084283,90.54149369,85.58606541,93.87038848,15.14722838,2.90116704,0.88053298,2.21112327,1.09259163,1.00000000,1.20000000,-0.50000000,-0.70000000,-0.95536578,0.01044999,0.00004000,0.00607997,0.00126882,0.00194989,-0.00297588,-0.00559987,-0.00298073,-0.00165809
2025-02-06,91.67858937,102.65638298,88.99775241,89.42608365,98.73838107,79.56838444,92.86983848,92.39595754,93.69255368,90.67975375,90.02567882,85.37286584,93.50376294,11.87335921,3.13108903,0.92838089,2.17163079,1.12595078,1.00000000,1.20000000,-0.50000000,-0.70000000,-0.98419853,-0.00516579,0.00004000,0.00633065,-0.00595743,-0.00865643,-0.00237464,-0.00244672,0.00552357,0.00068406
2025-02-07,91.69960804,102.63595261,89.11482934,89.35555229,98.48868506,79.55926950,92.51952993,92.52957978,94.08289976,90.93442755,89.93484898,85.46065049,93.83731703,12.44903011,2.86662742,0.90364036,2.19013633,1.03568998,1.00000000,1.20000000,-0.50000000,-0.70000000,-1.01208860,0.00018924,0.00004000,-0.00276594,-0.00188104,-0.00240409,0.00178100,0.00498823,-0.00305728,0.00177295
2025-02-10,92.01556328,102.90460658,89.28075275,89.92878412,98.77900396,80.03196702,93.05257485,92.54701170,94.47043867,91.39242034,90.16526862,85.61338649,94.46992145,12.36549706,2.99292147,0.92594829,2.00787272,1.09291902,1.00000000,1.20000000,-0.50000000,-0.70000000,-0.96281800,0.00339962,0.00004000,0.00172597,-0.00021196,-0.00684624,0.00503728,0.00255793,-0.00126041,-0.00299490
2025-02-11,93.23891012,104.30892497,90.45456822,91.10722596,99.90721180,80.87334496,94.46142544,93.65417249,95.89259803,92.91724538,91.46983593,86.81765547,95.35315446,14.91559577,2.69720340,0.90244930,2.10411295,1.10046345,1.00000000,1.20000000,-0.50000000,-0.70000000,-0.97912178,0.01316740,0.00004000,-0.00442638,-0.00881405,-0.00375896,-0.00551709,-0.01179004,0.00109845,-0.00105866
2025-02-12,93.20315016,104.40715570,90.39989468,90.94303629,99.83623519,81.15184290,94.51950467,93.67207301,96.17354423,93.07993161,91.56611336,86.80782670,94.93538673,10.90761510,2.99464426,0.87729620,2.16623004,1.10447147,1.00000000,1.20000000,-0.50000000,-0.70000000,-1.09671060,-0.00042360,0.00004000,-0.00308536,0.00874921,0.00591666,0.00172370,0.00472495,-0.01190579,0.00425843
2025-02-13,94.01237829,105.34163267,91.06220299,91.65421817,100.89305101,81.98994674,95.50998080,94.25689023,97.15099109,93.74079627,92.61674178,87.29936265,95.45627730,13.25888110,2.83125235,0.89613938,2.11771251,1.10370808,1.00000000,1.20000000,-0.50000000,-0.70000000,-1.00659313,0.00860494,0.00004000,0.00383672,-0.00183192,0.00232205,0.00382811,-0.00562732,-0.00451817,0.00154912
2025-02-14,95.28806569,106.61660008,92.26607132,92.88700230,102.33152218,83.14717898,96.80946259,95.43506737,98.76029852,94.78885121,93.73768170,88.66954249,97.10429768,13.29050968,3.11995551,0.94518964,2.22132826,1.08787600,1.00000000,1.20000000,-0.50000000,-0.70000000,-0.94147502,0.01343812,0.00004000,0.00147403,-0.00481397,0.00251902,-0.00409778,-0.00114564,-0.00098910,-0.00190867
2025-02-17,95.39818785,106.59084983,92.09776647,92.88713961,102.44721054,83.60460300,96.75843631,95.50688647,99.14484644,94.78666606,93.68122623,88.46011235,97.14374147,12.50438515,3.04535325,0.90000337,2.19300942,1.05912908,1.00000000,1.20000000,-0.50000000,-0.70000000,-0.95256324,0.00111501,0.00004000,0.01058047,0.00099672,-0.00614978,-0.00023668,0.01298493,0.00242836,0.00113771
2025-02-18,95.80097672,107.19174496,92.26028339,93.33881497,102.84516467,84.09261152,97.39061431,95.89857615,99.30001945,95.46675007,93.95241651,88.76745212,97.51581415,12.51706199,3.21696659,0.87776753,2.11989100,1.07328161,1.00000000,1.20000000,-0.50000000,-0.70000000,-1.12383130,0.00417330,0.00004000,0.00451650,0.00063436,0.00353286,0.00005659,-0.00765365,-0.00058365,-0.00146352
2025-02-19,95.75336986,106.96250079,91.93475300,93.27617172,102.61150197,84.00702590,97.37367714,96.14459896,99.59700120,95.61053371,93.83465889,88.72381013,97.33692809,12.62170779,2.92462313,0.91470846,2.26193401,1.11255301,1.00000000,1.20000000,-0.50000000,-0.70000000,-0.82921695,-0.00053706,0.00004000,0.00937932,-0.00743319,0.00727831,0.00252815,-0.01134877,-0.00079097,0.00480150
2025-02-20,96.49071824,107.69408927,92.48967061,94.04122844,103.50064949,84.88999622,98.43599361,96.64550312,100.51025315,96.48186293,94.36484595,89.51141937,98.36714421,13.28635908,3.09286387,0.93261688,2.36715949,1.16275854,1.00000000,1.20000000,-0.50000000,-0.70000000,-0.93766658,0.00763100,0.00004000,-0.00686283,0.00029628,0.00540060,-0.00057172,0.00366949,-0.00102495,-0.00235854
2025-02-21,96.77140078,107.92201041,92.82580245,94.15528230,103.76611920,85.03694722,98.66035267,96.80273779,100.95615949,96.75403408,94.54824074,89.37295021,98.25673277,13.42100156,3.31555098,0.90649242,2.28530884,1.10975295,1.00000000,1.20000000,-0.50000000,-0.70000000,-0.89061410,0.00286468,0.00004000,0.00964333,-0.00594975,-0.00816119,0.00147937,0.00661146,0.00541910,0.00005444
2025-02-24,97.50916035,108.92277770,93.38645379,94.74808310,104.67512420,85.91209293,99.65134652,97.53778920,101.49357119,97.74706596,95.15989864,90.06385611,98.94986076,13.10756422,2.84239879,0.90735473,2.27648811,1.16873600,1.00000000,1.20000000,-0.50000000,-0.70000000,-1.11118734,0.00755482,0.00004000,-0.00317571,-0.00353747,-0.00072973,0.00046777,0.00723692,-0.00296439,-0.00364024
2025-02-25,97.37047554,108.35312036,93.39631895,94.70500261,104.36056854,85.77439511,99.54659945,97.67643134,101.62754297,97.58159593,95.04924335,89.87156122,98.84524784,12.26717208,2.89299411,0.87587284,2.26853387,1.21101608,1.00000000,1.20000000,-0.50000000,-0.70000000,-1.03518368,-0.00146329,0.00004000,0.01134199,0.00558811,-0.00208369,-0.00007284,-0.00355162,0.00104214,0.00045108
2025-02-26,97.28645477,107.95172993,93.11721191,94.61369376,104.35351939,85.89356711,99.22473948,97.17925695,101.25150941,97.68298568,94.59562003,89.65155404,98.60714780,11.33311283,3.00866601,0.89161889,2.06698920,1.09893403,1.00000000,1.20000000,-0.50000000,-0.70000000,-1.02967756,-0.00090327,0.00004000,-0.00727196,0.00912266,-0.00396822,-0.00190571,-0.00045677,0.00254351,-0.00059632
2025-02-27,97.57422863,107.90433710,93.29261886,94.95640724,104.76131724,86.01491807,99.68998008,97.50333389,101.64139331,97.95214423,94.93881244,89.98043626,99.04718449,12.22771211,3.01186937,0.84686658,2.05807996,1.09922488,1.00000000,1.20000000,-0.50000000,-0.70000000,-0.99516020,0.00291364,0.00004000,-0.00129684,-0.00212237,0.00866032,0.00004005,0.00524630,-0.00216909,0.00320087
2025-02-28,98.73201681,109.10317081,94.50330037,96.01194560,105.42941166,86.93266369,100.64502391,98.77853114,102.68191344,99.15125107,96.30222149,90.88984579,100.25786082,14.18761334,3.18710600,0.89614720,2.23539746,1.19436568,1.00000000,1.20000000,-0.50000000,-0.70000000,-0.96275417,0.01175587,0.00004000,-0.00636000,0.00458250,0.00216799,0.00294746,-0.00756986,-0.00054755,0.00079357
2025-03-03,99.40814232,110.00607498,95.13502621,96.41969635,106.19702961,87.58680339,101.08542749,99.34498615,103.46440905,99.97873453,97.20046318,91.43419314,101.05034400,11.06168669,2.90132365,0.86350947,2.10634403,1.18345499,1.00000000,1.20000000,-0.50000000,-0.70000000,-0.97347033,0.00678475,0.00004000,-0.00079322,-0.00469805,-0.00474089,0.00090769,0.00255007,0.00330887,0.00070772
2025-03-04,98.71245991,108.96377855,94.52620683,95.99432192,105.60819199,87.05042720,100.57717388,98.52517647,102.78873390,99.12190035,96.70693803,90.65620116,100.30370456,11.88425882,3.06163694,0.88290435,2.16966724,1.15852732,1.00000000,1.20000000,-0.50000000,-0.70000000,-0.94512992,-0.00706285,0.00004000,0.01654142,-0.00122393,-0.00183700,0.00229418,-0.01227800,0.00301721,0.00160580
2025-03-05,100.05980988,110.50279013,95.79532632,97.63475557,107.20607997,88.39863689,101.87306774,100.21310059,104.02791456,100.43699712,97.97322960,91.93375586,101.59020491,12.27919299,2.83102275,0.86449302,2.17519500,1.07533157,1.00000000,1.20000000,-0.50000000,-0.70000000,-0.92563264,0.01351693,0.00004000,-0.00088349,-0.00075531,-0.00104367,-0.00526562,-0.00919788,-0.00220475,-0.00257970
2025-03-06,99.67312689,109.94055602,95.38079228,97.66951251,106.79526238,87.91565255,101.62235212,99.90261066,103.80546820,100.19594010,97.69161100,91.93215152,100.96021364,13.26850360,3.04465944,0.94006315,2.28009228,1.15738625,1.00000000,1.20000000,-0.50000000,-0.70000000,-0.98093141,-0.00391201,0.00004000,0.00323317,0.00400798,-0.00042928,-0.00203871,-0.00671483,0.00319242,0.00033295
2025-03-07,99.41014650,109.66303782,95.38414161,97.44948509,106.52812407,87.72312237,101.57968250,99.69210316,103.33705666,100.27364496,97.31463626,91.69341851,100.86371350,12.94181816,2.85930805,0.89054919,2.35543849,1.08863033,1.00000000,1.20000000,-0.50000000,-0.70000000,-0.87189774,-0.00268191,0.00004000,0.01544912,0.00492060,0.00216361,0.00668182,-0.00825007,-0.00173828,-0.00048747
2025-03-10,100.34270556,110.98764956,96.38024492,98.37692608,107.80317157,88.24106704,102.20382753,100.58206317,104.49970125,101.27072074,98.29166449,92.60632735,101.65353871,12.27107644,3.10572333,0.87534416,2.14144159,1.17394597,1.00000000,1.20000000,-0.50000000,-0.70000000,-1.15718618,0.00929720,0.00004000,-0.00670118,-0.00611394,-0.00805817,-0.00400524,0.00277404,-0.00459859,-0.00225685
2025-03-11,99.80800772,110.21897978,95.91322351,97.90693896,107.12520765,87.80628258,101.78053014,99.75835167,104.20371630,100.94895037,97.84656479,92.20090419,100.88482781,11.44667253,2.98806421,0.86917717,2.20513580,1.00003616,1.00000000,1.20000000,-0.50000000,-0.70000000,-0.82257204,-0.00538296,0.00004000,0.00060834,0.00495822,-0.00064843,-0.00394998,0.00432849,-0.00014193,-0.00301494
2025-03-12,100.15686245,110.83595339,96.25089141,98.36299465,107.58584715,88.22668276,101.97318702,100.17345480,104.63338546,101.65085383,97.64816027,92.38818566,101.12473626,12.23863991,2.84614547,0.85529992,2.29958902,1.06486158,1.00000000,1.20000000,-0.50000000,-0.70000000,-1.07279995,0.00344916,0.00004000,-0.00555011,0.00261531,0.00522378,0.00078784,0.00187075,0.00185781,0.00278788
2025-03-13,100.33206315,110.71941954,96.55235084,98.95027732,108.04917620,88.60093751,101.99327839,100.21924382,104.86212700,101.32948129,97.76006648,92.53748741,101.29505321,13.39844643,2.97180601,0.92106642,2.19573369,1.15046727,1.00000000,1.20000000,-0.50000000,-0.70000000,-1.03876770,0.00170773,0.00004000,0.00005420,-0.00679349,-0.00737520,-0.00071393,-0.00876842,-0.00350346,-0.00301372
2025-03-14,99.60963706,109.97927827,95.86880251,98.69324261,107.50923642,87.90743506,101.13366739,99.58505666,103.95696157,100.59911571,96.90590584,91.84855036,100.25457453,13.38069227,2.90287857,0.94350943,2.17496500,1.12549503,1.00000000,1.20000000,-0.50000000,-0.70000000,-1.02707075,-0.00726640,0.00004000,-0.01232372,0.00922130,-0.00281556,-0.00072678,0.00478164,-0.00442651,-0.00063869
2025-03-17,98.98307897,109.48871439,95.27890798,98.22077625,106.83360283,87.19526490,100.69562863,99.24207798,103.32095666,99.80544819,96.35125837,91.26138130,99.60194446,13.29991225,3.14414763,0.84905145,2.37823375,1.11597363,1.00000000,1.20000000,-0.50000000,-0.70000000,-0.96664545,-0.00635000,0.00004000,0.00158267,-0.01018086,0.00129710,-0.00122131,0.00198522,0.00827580,0.00435511
2025-03-18,99.35689161,109.82865111,95.65451299,98.66444409,106.88805826,87.42290783,101.26890973,99.77973940,103.40735758,100.43994111,96.79058368,91.81529920,100.20439113,12.54465074,2.75587962,0.88633464,2.34663685,1.06743241,1.00000000,1.20000000,-0.50000000,-0.70000000,-0.94520621,0.00372942,0.00004000,-0.01338455,0.00688344,0.00089647,0.00073235,-0.00281189,-0.00306222,-0.00042193
2025-03-19,99.46403359,109.96197342,95.70630615,99.04582531,106.66977478,87.87169044,101.09459000,99.97274509,103.18041535,100.57977474,97.04593721,92.09579756,100.70789576,14.53519308,3.06625977,0.80690064,2.10843219,1.17870778,1.00000000,1.20000000,-0.50000000,-0.70000000,-0.97474763,0.00103777,0.00004000,0.00623549,0.00056036,-0.00161070,-0.00299088,0.00806539,-0.00703815,-0.00197839
2025-03-20,98.50572044,108.70309239,94.62266255,97.79603087,105.54554385,86.95781720,100.06972576,98.63399680,102.42882624,99.94599515,96.46436337,91.35286573,99.60725736,13.99142121,2.95784870,0.96846866,2.29410108,1.02332930,1.00000000,1.20000000,-0.50000000,-0.70000000,-1.08479415,-0.00972149,0.00004000,-0.00967335,-0.00781862,0.00177028,-0.00094031,-0.00123570,0.00367131,-0.00273752
2025-03-21,97.95987815,108.52733977,94.15346333,97.17404359,105.36482382,86.45067510,99.73522332,97.98764642,101.36706578,99.20639862,96.06146991,90.79966953,99.10943455,13.13672578,2.74356676,0.90330519,2.07849085,0.96992090,1.00000000,1.20000000,-0.50000000,-0.70000000,-1.08977727,-0.00559663,0.00004000,0.00282761,-0.00345864,-0.00732978,0.00358837,0.00086172,0.00040640,-0.00358213
2025-03-24,97.10375335,107.78331728,93.22073260,96.10886392,104.34525591,85.85161373,98.88581540,97.12382291,100.59264697,97.99055758,95.21954396,90.00457622,98.33664792,11.31358260,2.76976565,0.91515731,2.25855811,1.14323654,1.00000000,1.20000000,-0.50000000,-0.70000000,-0.88496528,-0.00881796,0.00004000,0.00378215,-0.00835658,-0.00151736,0.00070356,0.00026806,-0.00218040,0.00090273
2025-03-25,97.06850099,107.56360997,93.37515031,96.26326704,104.22790562,85.45864382,99.01712446,97.22228759,100.26998213,98.01776786,95.36709283,89.80185486,98.41881629,14.62804533,3.01903014,0.87902203,2.29901167,1.05138308,1.00000000,1.20000000,-0.50000000,-0.70000000,-0.91508291,-0.00040310,0.00004000,-0.00406950,-0.00569330,0.00214200,-0.00139008,-0.00282984,-0.00232168,0.00400006
2025-03-26,97.52377583,107.95185985,93.67872486,96.60498532,105.08191186,85.67431772,99.50315964,97.59751346,100.99303914,98.39043600,95.88888840,90.23319735,98.67883601,12.44037977,2.99329733,0.89629996,2.41381196,1.13649742,1.00000000,1.20000000,-0.50000000,-0.70000000,-1.04740873,0.00463928,0.00004000,0.00634923,0.00060343,-0.00540050,0.00061463,-0.00223749,0.00015276,-0.00452448
2025-03-27,97.55558700,107.75603820,93.70423726,96.80513134,104.72358877,85.83045442,99.19892270,97.39115868,101.10416581,98.71961363,95.94575329,90.36529074,98.46767711,14.09930438,2.71764262,0.84465908,2.41124529,1.08653589,1.00000000,1.20000000,-0.50000000,-0.70000000,-0.99964933,0.00028614,0.00004000,0.00929821,-0.00539486,0.00122617,0.00221905,-0.00136874,0.00247312,0.00326368
2025-03-28,96.74476216,106.92220148,93.07731065,96.35289451,103.81308352,85.19597931,98.50193324,96.75553792,100.46486760,98.14546220,95.16766445,89.82681857,97.94073953,14.28939392,2.90265761,0.88982042,2.41538925,1.04746239,1.00000000,1.20000000,-0.50000000,-0.70000000,-1.14816285,-0.00838615,0.00004000,-0.00272442,-0.00024300,-0.00084460,-0.00581607,0.00431632,-0.00398873,0.00403248
2025-03-31,96.82912725,106.87582867,93.52633482,96.14283458,103.76087220,85.45115901,98.50000581,96.96688412,100.58514892,98.18056776,94.97665309,90.15641935,98.33987183,12.72943637,3.17836931,0.90668485,2.26384573,1.12305875,1.00000000,1.20000000,-0.50000000,-0.70000000,-1.04068421,0.00083166,0.00004000,0.00362616,-0.00675408,0.00225515,0.00547609,-0.00100943,0.00178891,-0.00124207
2025-04-01,97.21641463,107.08541891,93.93037642,96.53319753,103.92926275,85.75524654,98.71376984,97.35917244,101.23182041,98.17302780,95.12159436,90.34873676,98.85569725,13.03971909,3.02264131,0.97056865,2.39408313,1.13936028,1.00000000,1.20000000,-0.50000000,-0.70000000,-0.93910395,0.00395172,0.00004000,-0.00542697,-0.00869130,-0.00701769,0.00030258,-0.00395392,-0.00479174,-0.00074323
2025-04-02,97.44888043,107.34781100,94.14589604,96.66569277,104.13501917,85.75745237,98.87505229,97.59116039,101.68579637,98.49754698,95.26073856,90.81522744,99.20660245,11.46250416,3.25383019,0.91391065,2.26451797,1.03977377,1.00000000,1.20000000,-0.50000000,-0.70000000,-1.08967686,0.00234837,0.00004000,-0.00206965,-0.00262364,-0.00190390,0.00634635,0.00010940,-0.00552489,-0.00233094
2025-04-03,96.79809003,106.95254922,93.56013437,96.28357847,103.32760742,85.06543616,98.08153247,96.88280190,100.82706169,97.91994016,94.67731898,90.30171665,98.40477784,13.42822591,3.05972017,0.91308828,2.26711722,1.07460856,1.00000000,1.20000000,-0.50000000,-0.70000000,-1.07933454,-0.00674067,0.00004000,-0.00912407,0.00144224,-0.00199729,-0.00116740,-0.00976560,0.00222995,0.00024271
2025-04-04,97.46616554,107.40824227,93.93466941,97.18946482,104.11298539,85.51191638,98.65531232,97.36771071,101.46312220,98.56688704,95.45156362,91.00990314,99.29860633,12.06412519,3.08679601,0.88857362,2.13806156,1.14784026,1.00000000,1.20000000,-0.50000000,-0.70000000,-0.98735523,0.00683803,0.00004000,0.00130148,0.00375759,-0.00188493,0.00278509,-0.01309734,-0.00023927,-0.00154009
2025-04-07,97.06846528,107.29821705,93.37818851,96.77203489,104.00110000,84.82191192,98.43927238,96.73744429,100.90573647,97.53779048,95.24420826,90.53298608,99.14162234,12.13545753,3.15619188,0.96914189,2.41768250,1.20125423,1.00000000,1.20000000,-0.50000000,-0.70000000,-1.02462862,-0.00412874,0.00004000,0.00111726,0.00206779,0.00997685,-0.00128175,-0.00239177,0.00584205,-0.00398088
2025-04-08,96.99383237,107.02188798,93.81680833,97.13786185,103.92294957,85.17821845,98.41904848,96.81370187,100.93297952,97.47443946,94.94988699,90.53533050,98.98833280,13.44879642,3.03855351,0.82509393,2.12204226,1.06383668,1.00000000,1.20000000,-0.50000000,-0.70000000,-0.97015363,-0.00080916,0.00004000,0.00385615,-0.00039808,0.00382366,0.00535703,0.00997017,-0.00056221,0.00089445
2025-04-09,96.98044283,106.94234383,93.53320160,97.23243629,103.90686678,85.29039464,98.33120788,96.71403559,101.33278730,97.67450278,95.07657633,90.81417178,99.02611422,11.99948572,3.15761042,0.81145929,2.23209525,1.07523219,1.00000000,1.20000000,-0.50000000,-0.70000000,-0.97280271,-0.00017805,0.00004000,-0.00268225,-0.00101218,0.00069335,0.00050727,0.00140263,0.00476395,0.00193233
2025-04-10,97.55836790,107.51955817,93.93723100,97.88458890,104.25467263,85.76101462,98.75814228,97.54064786,101.73343964,98.19747152,95.30680693,91.14776269,99.38798848,11.56521011,3.16492965,0.91899382,2.08467343,1.06203315,1.00000000,1.20000000,-0.50000000,-0.70000000,-1.04711464,0.00590151,0.00004000,0.00691001,0.00131504,0.00022103,0.00075828,0.00904719,0.00612249,-0.00461755
2025-04-11,97.00880068,106.91188604,93.67886076,97.53905360,103.52704926,85.45763662,98.41077480,97.10845053,101.26666563,97.53617742,94.97771447,90.31710500,98.87462740,11.41270100,2.82829129,0.96587087,2.19434296,1.09197931,1.00000000,1.20000000,-0.50000000,-0.70000000,-1.07704929,-0.00568914,0.00004000,0.00345109,0.01082625,-0.00022265,0.00327106,-0.00077446,0.00042018,0.00170686
2025-04-14,98.36617992,108.12270808,95.26118179,98.90641982,104.96937688,86.49820508,99.82231641,98.29849990,102.79772167,98.99634221,96.31344889,91.52695605,100.26017526,15.45692321,3.10868915,0.89041923,2.30123259,1.10665701,1.00000000,1.20000000,-0.50000000,-0.70000000,-1.04107368,0.01385534,0.00004000,-0.00013863,-0.00821505,-0.00359578,-0.00260274,-0.00317934,0.00609769,-0.00684834
2025-04-15,98.28294951,108.09654852,95.31452025,98.65382173,105.17234101,86.40017037,99.51650459,98.13284874,102.91352671,98.93259690,96.35906560,91.48456865,100.33609365,13.42944049,3.10882829,0.90614208,2.21540276,1.09068331,1.00000000,1.20000000,-0.50000000,-0.70000000,-1.06098268,-0.00088649,0.00004000,-0.00374992,-0.00182203,0.00049509,0.00399884,-0.00476235,0.00589627,0.00368210
2025-04-16,97.79089906,107.49135111,94.73028128,98.02551138,104.63622111,85.86048166,99.40225468,97.60365398,102.33838229,98.58673060,95.87637266,90.94394038,99.88525598,12.87299169,3.12965942,0.87593178,2.29566565,1.16115899,1.00000000,1.20000000,-0.50000000,-0.70000000,-1.12001305,-0.00505904,0.00004000,0.00054913,0.00184070,0.00072486,0.00123434,0.00158047,0.00243034,-0.00586440
2025-04-17,97.43614379,107.21930070,94.30902777,97.24710628,104.34871066,85.72740508,98.97060578,97.23416184,101.95895604,98.22556323,95.87915136,90.60519189,99.40399248,14.36939353,2.79916555,0.88777078,2.33900879,1.09024837,1.00000000,1.20000000,-0.50000000,-0.70000000,-0.91312365,-0.00367429,0.00004000,-0.00523239,0.00985805,0.00510582,-0.00187227,-0.00923616,0.00418140,-0.00368519
2025-04-18,97.63548421,106.96336553,94.60747442,97.86140184,104.01287472,85.77269121,99.04454193,97.35929160,102.30080178,98.70434017,96.05595286,91.01767064,99.84848516,12.66855870,3.11196121,0.90978714,2.24495220,1.11825748,1.00000000,1.20000000,-0.50000000,-0.70000000,-0.86391255,0.00200377,0.00004000,0.00870480,-0.00194865,0.00225002,-0.00305943,0.00250334,-0.00008076,-0.00018658
2025-04-21,97.94536784,107.41758543,95.14339367,98.53786987,104.47224942,85.78428638,99.50116896,97.84796652,102.65891487,99.47552955,96.61616534,91.17773289,99.65157298,13.26984415,2.95473204,0.84205082,2.27953310,1.13694933,1.00000000,1.20000000,-0.50000000,-0.70000000,-0.91850500,0.00312886,0.00004000,-0.00220824,0.00529650,-0.00003182,0.00091761,0.00850743,0.00221460,0.00127291
2025-04-22,97.12252829,106.47085508,94.46484177,97.16531005,103.78414362,84.81351191,98.75822490,96.99914720,102.09554170,98.72356550,95.58910049,90.53656163,98.46221934,12.55666131,3.01084812,0.93789903,2.08359414,1.12142663,1.00000000,1.20000000,-0.50000000,-0.70000000,-0.94434590,-0.00847649,0.00004000,0.01635672,-0.00363516,-0.00188756,0.00449570,-0.00763438,-0.00031740,-0.00135147
2025-04-23,96.82937692,106.40183328,94.29871719,96.88632297,103.25591570,84.50931438,98.58810896,97.10779860,101.79093262,98.50056059,95.31055986,90.17742236,97.94958963,12.09986353,3.04954503,0.89291135,2.23706514,1.09508522,1.00000000,1.20000000,-0.50000000,-0.70000000,-1.02098862,-0.00306293,0.00004000,0.00200934,-0.00732857,-0.00663709,-0.00596304,0.00025100,-0.00257553,-0.00117767
2025-04-24,97.97379887,107.54658963,95.46805622,97.60783878,104.54460158,85.53049582,99.79401969,98.33990930,103.13460845,99.25949085,96.53916887,91.14605368,99.10393175,12.25020894,2.71454684,0.91189033,2.19868663,1.09309369,1.00000000,1.20000000,-0.50000000,-0.70000000,-0.94479766,0.01170966,0.00004000,0.00265769,-0.00690732,-0.00070408,-0.00404361,-0.00183628,0.00100859,0.00207396
2025-04-25,98.88406441,108.17005784,96.36648141,98.45957047,105.54501388,85.88014784,100.80886767,99.13463006,104.26174873,99.96545782,97.40073289,92.20208399,99.87736966,14.09800016,3.28421978,0.90424490,2.18017258,0.99307612,1.00000000,1.20000000,-0.50000000,-0.70000000,-1.15555968,0.00920801,0.00004000,0.00590955,-0.00723379,0.00138080,0.00332437,0.00027059,-0.00362351,-0.00027675
2025-04-28,97.69133927,106.91356430,94.89020349,97.55406616,103.97571171,84.59893549,99.48476644,98.18071626,103.08173245,98.51571268,96.18853133,91.10357838,98.85274689,13.69872626,3.03422550,0.95960431,2.13054901,1.08471711,1.00000000,1.20000000,-0.50000000,-0.70000000,-0.89751926,-0.01217519,0.00004000,0.00984346,-0.00112607,-0.00924360,-0.00665803,-0.00103993,0.00434666,-0.00067084
2025-04-29,97.51044478,106.65544388,94.67195093,97.33253487,103.73145509,84.45930514,99.16774055,97.91589775,102.67242133,98.48340996,95.67294467,90.87943925,98.67301267,14.09527605,3.16935273,0.88929981,2.23688096,1.00090003,1.00000000,1.20000000,-0.50000000,-0.70000000,-1.01142440,-0.00189341,0.00004000,0.00461006,-0.00822966,0.00011748,0.00130554,0.00077697,-0.00285923,-0.00056426
2025-04-30,97.93840060,107.47522173,94.68225469,97.99153702,104.07847446,84.81940257,99.41038096,98.21727065,102.92156072,98.62430380,96.26020037,90.95009152,99.30314206,13.54944195,2.94527940,0.94736149,2.14035729,1.03759275,1.00000000,1.20000000,-0.50000000,-0.70000000,-1.07881331,0.00433922,0.00004000,-0.00146263,-0.00742296,0.00241521,-0.00286663,-0.00117956,0.00451016,-0.00091611
2025-05-01,98.93731491,108.90544116,95.78095924,98.77725951,105.19324562,85.42074926,100.54640656,99.16852879,104.24086760,99.58070188,97.44994732,91.82367044,100.50304801,12.11312226,2.83761863,0.90292156,2.32353983,1.06437830,1.00000000,1.20000000,-0.50000000,-0.70000000,-1.12525971,0.01010775,0.00004000,0.01311001,0.00980013,0.00537357,-0.00049575,-0.00591442,-0.00310642,-0.00019755
2025-05-02,98.45406109,108.74905579,95.38521188,98.13471682,104.69945144,84.96321987,99.97909081,98.57584575,103.90178300,99.12086750,96.85086163,91.49668020,100.13111434,14.12995607,3.01644335,0.88482335,2.32842063,1.06497323,1.00000000,1.20000000,-0.50000000,-0.70000000,-1.02553171,-0.00493641,0.00004000,0.00470100,-0.00861619,-0.00633097,0.00452268,0.00681387,0.00280372,-0.00457801
2025-05-05,96.84049656,107.19761536,93.87661418,96.85804865,102.94424994,83.64660790,98.31933331,97.25932660,102.17145933,97.16047332,95.25003501,89.93691262,98.94477870,10.31983676,2.99620388,0.99695434,2.22793947,1.04968350,1.00000000,1.20000000,-0.50000000,-0.70000000,-1.07574256,-0.01656479,0.00004000,-0.00131096,0.00775032,0.00615194,-0.00125620,0.00007258,0.00485621,0.00580337
2025-05-06,97.22818986,107.67611783,94.38466807,97.03123173,103.23627290,84.00738057,99.15015537,97.45770079,102.72473702,97.42081810,95.88325974,90.50386672,99.10217952,13.34260356,2.85394234,0.83695891,2.28147731,1.11859345,1.00000000,1.20000000,-0.50000000,-0.70000000,-1.05219275,0.00395543,0.00004000,-0.00780881,-0.01173479,0.00121671,-0.00255490,0.00161593,0.00606494,0.00192774
2025-05-07,96.28233737,106.47419159,93.61969140,96.13271922,102.29057800,83.23193655,98.36092968,96.74352385,101.82654745,96.27860450,94.84854202,89.70595910,98.02790472,12.59092918,2.94977756,0.89405811,2.05132827,1.08459178,1.00000000,1.20000000,-0.50000000,-0.70000000,-1.01960664,-0.00981580,0.00004000,0.00659981,0.00040080,0.00467158,-0.00167004,-0.00598309,0.00596012,0.00290752
2025-05-08,95.23973176,104.96854500,92.69015722,95.41768329,101.05003388,82.29002179,97.26351953,95.94054780,100.70302305,95.23882109,93.62055533,88.58957601,96.87034713,14.34534697,3.07990855,0.84062622,2.24462202,1.10037628,1.00000000,1.20000000,-0.50000000,-0.70000000,-0.95550365,-0.01092768,0.00004000,0.00207291,-0.00545785,0.00303510,-0.00292912,-0.01092859,-0.00037564,-0.00013288
2025-05-09,95.03142134,104.66552640,92.47654702,95.37130934,100.93846422,82.05805384,97.35650192,95.93243504,100.13741372,94.85223109,93.18893850,88.14009598,96.23842244,11.69179526,2.98011300,0.92080548,2.07035009,1.06110153,1.00000000,1.20000000,-0.50000000,-0.70000000,-1.13872826,-0.00222962,0.00004000,-0.00230227,0.00398751,0.00459637,-0.00090154,0.00732273,-0.00093603,-0.00112804
2025-05-12,94.76897199,104.32314512,92.39194089,95.08966917,100.67936687,82.00914786,97.00507559,95.57405927,100.02678907,94.29625895,92.89774351,87.81212006,96.12791769,14.03340071,3.13252197,0.95472469,2.24490029,1.09736434,1.00000000,1.20000000,-0.50000000,-0.70000000,-0.93817045,-0.00280553,0.00004000,-0.00161776,0.00404528,0.00018146,-0.00425813,-0.01468465,0.00269952,-0.00669462
2025-05-13,93.67099083,102.82832310,91.24901703,93.80227729,99.34602547,80.92045272,95.88020424,94.52583678,98.72664907,93.31790534,91.57808284,86.60927434,94.87960130,12.02063821,2.73783205,0.93789812,2.20194895,1.16062290,1.00000000,1.20000000,-0.50000000,-0.70000000,-0.96896862,-0.01169351,0.00004000,-0.00165468,0.00125534,-0.00265275,0.00056465,0.00204672,-0.00124889,-0.00262661
2025-05-14,93.31675655,102.40095134,91.04055568,93.44851388,98.64931984,80.95002481,95.60971992,94.30147040,98.44626116,92.77476060,91.28053726,85.98256294,94.53657759,13.95290886,2.98535507,0.96714552,2.03228009,1.02422232,1.00000000,1.20000000,-0.50000000,-0.70000000,-0.92456017,-0.00382885,0.00004000,-0.00049552,-0.00377769,-0.00159250,0.00209666,0.00640164,0.00662857,0.00124667
2025-05-15,93.92231430,102.98587821,91.85674089,94.20131999,99.16516229,81.32571321,96.40513348,94.91234200,99.25057009,93.46908453,91.73262287,86.45194063,95.42177553,12.28716419,3.13676160,0.89000112,2.16454620,1.04541386,1.00000000,1.20000000,-0.50000000,-0.70000000,-1.14016733,0.00642831,0.00004000,-0.00020756,-0.00718640,0.00498247,0.00023799,0.00464800,-0.00343594,-0.00293721
2025-05-16,93.86970567,103.02357795,91.89172135,93.95441488,98.91717823,81.11506785,96.22431850,94.64068131,99.10526667,93.02514889,91.73785801,86.01169370,95.13354703,11.33077222,3.05636043,0.87500260,2.18321122,1.05342444,1.00000000,1.20000000,-0.50000000,-0.70000000,-0.90143936,-0.00060029,0.00004000,-0.00095144,-0.00657070,0.00097937,-0.00554851,0.00587125,0.00448756,0.00349135
2025-05-19,93.32950944,102.27262100,91.50798957,93.30897286,98.41396572,80.80224770,95.48838600,93.92937915,98.58093541,92.57166302,91.06820724,85.70397634,94.48063110,11.69594306,3.20409600,0.87497581,2.25398145,1.13197814,1.00000000,1.20000000,-0.50000000,-0.70000000,-1.08952782,-0.00581137,0.00004000,0.00402914,-0.00433788,-0.00263938,-0.00426836,0.00487591,-0.00440820,-0.00340775
2025-05-20,93.59659914,102.88323272,91.81721117,93.61457233,98.27770277,81.06209005,95.91871853,94.24984474,98.90346330,92.66601917,91.40854083,86.01813333,95.00122386,12.68636196,2.99730258,0.86093945,2.21703484,1.09535873,1.00000000,1.20000000,-0.50000000,-0.70000000,-1.06570138,0.00281771,0.00004000,-0.00747371,0.00342581,-0.00337092,0.00049793,-0.00429586,-0.00451830,0.00659353
2025-05-21,93.21436939,103.05612195,91.47353821,93.28384053,98.09369134,80.48997129,95.60461683,93.78394990,98.32772453,92.00334265,90.92045963,85.62841028,94.49641875,14.52767009,3.11357788,0.86585436,2.06790731,1.06374193,1.00000000,1.20000000,-0.50000000,-0.70000000,-1.07842075,-0.00413216,0.00004000,0.00220258,0.00203605,0.00240579,-0.00412316,0.00236853,-0.00358702,0.00010119
2025-05-22,93.49143204,103.51310284,91.68116489,93.24144873,99.00324462,80.72469742,95.86450945,93.98160359,98.65739248,92.47636796,91.28570659,85.98313932,94.99338165,11.04834828,2.73265602,0.92637871,2.16297524,1.12203463,1.00000000,1.20000000,-0.50000000,-0.70000000,-0.95191671,0.00292791,0.00004000,0.00720743,-0.00587344,0.00057152,-0.00094432,0.01538106,0.00612112,0.00404123
2025-05-23,92.90788561,102.81805815,91.56875989,92.85678398,98.49234946,80.35124538,95.11443650,93.45993549,98.28607816,91.93763431,90.45192724,85.55450175,94.20342863,13.83577371,3.00247045,0.93644632,2.31383747,1.09819878,1.00000000,1.20000000,-0.50000000,-0.70000000,-1.25161225,-0.00630127,0.00004000,-0.00022615,0.00061143,0.01023670,-0.00396488,0.00091182,0.00393206,-0.00359254
2025-05-26,92.57283012,102.24060308,91.16081164,92.42461828,98.03458648,79.80762264,94.69674496,93.33093342,98.04199648,91.51894457,90.27205341,85.24918012,93.58536629,11.81726346,3.05143604,0.98769598,2.02591506,1.06047647,1.00000000,1.20000000,-0.50000000,-0.70000000,-0.99944261,-0.00365284,0.00004000,-0.00516362,0.01068920,-0.00568204,-0.00433868,0.00708711,-0.00565305,0.00239116
2025-05-27,92.84545237,102.25891118,91.52937954,92.57830354,98.54346349,80.25895435,95.06747974,93.52298094,98.29588830,91.92436491,90.44355627,85.45511197,93.66601844,13.20895070,3.11371122,0.99153420,2.16117506,1.08490438,1.00000000,1.20000000,-0.50000000,-0.70000000,-1.05943203,0.00290062,0.00004000,0.00822996,0.00035741,-0.00479132,-0.00175913,-0.00133491,-0.00146633,0.00071814
2025-05-28,92.18857894,101.47851582,90.78774532,91.69380543,97.93737488,79.68353211,94.61241758,92.96360940,97.55291069,91.04261306,89.81248843,84.74728680,92.82736693,13.25335826,2.75652647,0.93944748,2.27018637,1.09043503,1.00000000,1.20000000,-0.50000000,-0.70000000,-0.91767558,-0.00714006,0.00004000,0.00595850,0.00609442,-0.00228344,0.00197968,0.01178305,0.00129156,-0.00039912
2025-05-29,92.43745761,101.75906211,91.00169215,91.78010508,98.20122369,79.99056013,94.89039200,93.49108113,97.71421975,91.30346545,90.31673133,84.88680507,93.09156088,13.49591470,3.03360205,0.91843248,2.10469278,0.98408558,1.00000000,1.20000000,-0.50000000,-0.70000000,-0.98431650,0.00265603,0.00004000,0.00451051,-0.00281418,0.00560563,0.00196796,0.00495227,0.00873272,0.00088758
2025-05-30,92.06873219,101.48520139,90.83070105,91.59581233,97.79898837,79.28538663,94.47257559,93.18337584,97.59078608,90.88394406,89.97192753,84.86827623,92.57030083,14.37386906,3.07106309,0.84095314,2.26312613,0.99961806,1.00000000,1.20000000,-0.50000000,-0.70000000,-1.13103667,-0.00403689,0.00004000,-0.01015376,0.00507616,0.00051432,0.00038246,0.00190295,0.00262759,-0.00205314
2025-06-02,91.53355414,101.02801622,90.16683477,91.27537539,97.34867996,78.50877713,93.48814479,92.56947706,96.89973489,90.06646789,89.24063416,84.71330736,91.86702700,13.78956096,2.97647396,0.85664624,2.06930556,1.20039494,1.00000000,1.20000000,-0.50000000,-0.70000000,-0.99036952,-0.00586977,0.00004000,0.00973224,-0.00154446,-0.00362243,0.00031062,-0.00115794,0.00319714,0.00252455
2025-06-03,91.11557951,100.51587111,90.05291993,90.92525841,96.71386081,78.28597224,93.17511060,92.28641868,96.10078331,89.64952109,89.02481249,84.13210659,91.43124402,12.39899124,2.87242903,0.90854791,2.23163609,1.15271693,1.00000000,1.20000000,-0.50000000,-0.70000000,-1.08101780,-0.00461681,0.00004000,0.00551872,-0.00280987,-0.00367880,-0.00190349,-0.00329464,0.00138313,0.00319711
2025-06-04,91.24329397,100.41723941,90.17976061,91.18550428,97.01994690,78.29394778,93.12810852,92.31223735,96.17336636,89.86264029,89.09462495,84.08124039,91.52849701,12.58202239,2.70206174,0.83765209,2.30780682,1.15881539,1.00000000,1.20000000,-0.50000000,-0.70000000,-0.95664066,0.00136069,0.00004000,-0.00959511,-0.01146523,0.00129124,-0.00391203,0.00086330,0.00103557,0.00050760
2025-06-05,90.72264944,99.73709462,89.62668966,90.73002123,96.34615040,77.98008140,92.69441164,91.88747986,95.34021283,89.43325551,88.78847438,83.84596585,90.79178815,14.03775019,2.95879344,0.81946134,2.26253685,1.18539959,1.00000000,1.20000000,-0.50000000,-0.70000000,-0.86920395,-0.00576245,0.00004000,-0.00348949,-0.00163856,-0.00372781,-0.00086579,-0.00706426,0.00279523,-0.00200246
2025-06-06,90.47532538,99.00569769,89.29002594,90.54582546,96.29314910,77.92606469,92.29082038,91.55126159,95.13575738,89.27524308,88.70373506,83.64226439,90.43653432,13.70330424,2.99309915,0.91088625,2.22357615,1.20255271,1.00000000,1.20000000,-0.50000000,-0.70000000,-1.05339897,-0.00276988,0.00004000,-0.00838204,-0.00456410,-0.00169540,-0.00132182,-0.00021051,-0.00430541,-0.00117533
2025-06-09,90.52723679,98.93879787,89.37416452,90.30214149,96.52469738,78.15471799,92.14585885,91.23304658,95.08929858,89.27994736,88.69143004,83.98017599,90.55207069,13.15533587,2.71149345,0.83531283,2.15472504,1.21476940,1.00000000,1.20000000,-0.50000000,-0.70000000,-0.99279281,0.00053360,0.00004000,0.00808956,0.00964091,-0.00145729,-0.00257602,-0.00325496,0.00182965,0.00007493
2025-06-10,90.79881450,99.20934883,89.88274836,90.47381133,97.03793560,78.30132286,92.60851532,91.83399694,95.25943185,89.34572818,89.03339607,84.35216309,91.31566111,12.51582662,3.13225369,0.98123270,2.15816537,1.13028233,1.00000000,1.20000000,-0.50000000,-0.70000000,-1.13104602,0.00295546,0.00004000,0.00505440,-0.00908996,0.00108926,0.00327505,-0.00308207,0.00697972,-0.00124434
2025-06-11,91.55030744,99.96855631,90.88951104,91.26562194,98.00622487,78.86931471,93.19887045,92.39715272,95.96055851,90.15797068,90.01097441,85.27635049,92.10317554,12.30730992,3.09861798,0.87803273,2.04615005,1.03677386,1.00000000,1.20000000,-0.50000000,-0.70000000,-0.92736666,0.00820240,0.00004000,0.00885983,-0.01138567,0.00366868,-0.00109734,0.00265914,-0.00140182,0.00106060
2025-06-12,91.59579162,100.25262748,90.74726486,91.17043808,98.03318056,79.09022945,93.50730743,92.54572158,95.83433736,90.10068973,89.84981123,85.44443635,91.88882295,13.31568830,2.89886691,0.82359904,2.14491794,1.08381516,1.00000000,1.20000000,-0.50000000,-0.70000000,-1.09024386,0.00045670,0.00004000,0.00066670,0.00496088,0.00418225,-0.00410258,-0.00031255,-0.00665993,0.00075363
2025-06-13,91.42031538,100.18726481,90.35294371,90.75020237,97.78822391,78.92362481,93.53602702,92.51319943,95.58080054,90.09408954,89.49219430,85.49635123,91.68983462,11.78030628,2.89920496,0.94042839,2.31665209,1.13492351,1.00000000,1.20000000,-0.50000000,-0.70000000,-1.05865039,-0.00195760,0.00004000,0.00055097,-0.00131929,0.00661244,0.00683482,-0.00018295,-0.00303180,0.00180687
2025-06-16,90.94744173,99.70179594,89.77908739,90.08451917,97.12360995,78.61672653,93.13678850,92.17349156,95.26059788,89.67885563,89.24787913,85.08759086,91.05059713,13.42252847,3.04480173,0.91900520,2.18155031,1.11530114,1.00000000,1.20000000,-0.50000000,-0.70000000,-1.01900017,-0.00522595,0.00004000,-0.00496109,0.00466292,0.00151227,0.00360356,0.00261315,0.00109202,-0.00050013
2025-06-17,90.30645451,99.43221865,88.93106976,89.48761616,96.47241358,78.08779745,92.53480256,91.58780996,94.22470728,89.12407898,88.33747921,84.75077878,90.16602006,12.58265038,3.13308262,0.85483632,2.12079109,1.17388310,1.00000000,1.20000000,-0.50000000,-0.70000000,-1.01581868,-0.00711284,0.00004000,-0.00159618,-0.00060495,0.00532943,0.00344829,-0.00622959,0.00511332,-0.00094576
2025-06-18,89.86767359,99.23027723,88.45168938,89.06945788,95.97102399,77.43488376,91.97541950,91.22550122,93.40653839,88.65137772,87.87720427,84.36445266,89.98091255,11.94503574,3.07130536,0.87194907,2.05847310,1.11550686,1.00000000,1.20000000,-0.50000000,-0.70000000,-1.09824333,-0.00491064,0.00004000,-0.00315793,0.00279815,0.00236969,-0.00435679,0.01248250,0.00211980,0.00050296
2025-06-19,89.71161517,99.23849013,88.44480200,88.73300571,95.65946799,77.17887205,91.87985454,90.74181711,93.06781167,88.52796097,87.60144283,84.28604862,89.65880104,13.92579558,2.87175055,0.89836473,2.16495162,1.04463804,1.00000000,1.20000000,-0.50000000,-0.70000000,-1.13862615,-0.00177805,0.00004000,-0.00013891,-0.00037554,-0.00017179,0.00247523,-0.00478787,0.00119279,0.00196375
2025-06-20,90.03387824,99.36975220,88.93823565,89.09759548,96.36361133,77.58829850,92.40288082,91.34178251,93.73111154,88.80664813,88.08395716,84.74401988,89.95628395,12.25116139,2.68800433,0.91467738,2.39187559,1.07238104,1.00000000,1.20000000,-0.50000000,-0.70000000,-1.07789101,0.00354577,0.00004000,-0.00741743,-0.00774585,-0.00279974,0.00101545,0.01165285,-0.00367485,0.00304925
2025-06-23,89.84379505,99.11061872,88.83017624,89.02988605,96.53459540,77.14281531,92.42136556,90.61786588,93.57352867,88.60040747,87.92669855,84.45569785,89.77996616,13.76550285,2.96240496,0.95412620,2.27110063,1.06182842,1.00000000,1.20000000,-0.50000000,-0.70000000,-1.01748792,-0.00215347,0.00004000,0.00212784,-0.00745104,0.00353675,-0.00342748,-0.00405302,-0.00062142,-0.00419241
2025-06-24,89.31070611,98.43675730,88.41652414,88.74684855,96.02984070,76.73571806,91.98743402,90.09593972,92.89569893,88.04845352,87.37166749,84.00479108,89.03951059,13.81367864,3.07280430,0.92731951,2.21261575,1.14606336,1.00000000,1.20000000,-0.50000000,-0.70000000,-0.93708454,-0.00599118,0.00004000,-0.01202491,0.00525289,-0.00306399,-0.00143078,0.00743509,0.00652354,-0.00055139
2025-06-25,90.05372915,98.86217766,89.28754604,89.50565360,96.71308028,77.46219605,92.86105322,91.16573143,93.22253042,88.76828040,88.28350051,84.50011103,90.25504258,11.83641398,3.12041827,0.94105968,2.26297265,1.17194072,1.00000000,1.20000000,-0.50000000,-0.70000000,-0.91297600,0.00824511,0.00004000,-0.00445792,0.00183319,-0.00281244,0.00151114,-0.00067315,-0.00054928,0.00211276
2025-06-26,89.20600551,98.27866144,88.42953078,88.92792014,95.57052542,76.66588410,91.78235610,90.22080524,92.46798726,88.08901222,87.35354788,83.88401085,89.34497968,13.74154871,2.53756869,0.83424441,2.18359597,1.09781604,1.00000000,1.20000000,-0.50000000,-0.70000000,-0.97800074,-0.00949812,0.00004000,0.00201495,0.00440906,0.00019187,-0.00163825,-0.00404777,0.00818487,0.00213774
2025-06-27,90.32396539,99.75043020,89.40778615,89.93429493,97.02812899,77.47725172,92.99178809,91.49429521,93.46410690,89.16720758,88.24378951,84.71422619,90.62974296,11.74803968,2.86826092,0.97678490,2.09075320,1.06031890,1.00000000,1.20000000,-0.50000000,-0.70000000,-0.89461541,0.01241446,0.00004000,0.00368253,-0.01217902,0.00378479,0.00327310,0.00173597,-0.00285784,0.00479150
2025-06-30,90.27160025,99.72103709,89.17073202,89.74196362,96.87143492,77.51463787,92.77044504,91.42561645,93.34335707,89.04742650,88.37693989,84.92799158,90.28675738,11.54438828,3.17067293,0.79671131,2.19356189,1.17960946,1.00000000,1.20000000,-0.50000000,-0.70000000,-0.93036159,-0.00061992,0.00004000,-0.00278770,-0.00142940,-0.00249243,-0.00345166,0.00728011,-0.00719255,0.00007363
2025-07-01,90.49129597,99.73809306,89.21719948,89.82850198,97.34958187,77.65498081,93.12965885,91.73157108,93.83718371,89.24489115,88.66037834,85.14567378,90.22644136,11.84716699,3.11682075,0.84961647,2.24165081,1.10057535,1.00000000,1.20000000,-0.50000000,-0.70000000,-1.01444533,0.00239076,0.00004000,-0.00526532,-0.00929906,-0.00317841,0.00024207,-0.00120338,-0.00536553,-0.00117538
2025-07-02,89.36316088,98.38315954,87.96389946,88.71413068,96.17396365,76.72460162,92.14965499,90.92293609,92.70997282,88.02105240,87.56773574,84.19642016,89.08135958,13.06493442,2.84089097,0.86158355,2.20148026,1.03541394,1.00000000,1.20000000,-0.50000000,-0.70000000,-1.00360634,-0.01258514,0.00004000,0.00457389,0.00095170,0.00936638,-0.00711336,-0.00284125,-0.00339300,0.00000232
2025-07-03,88.61404744,97.19644287,87.66267827,87.97786067,95.13267209,76.10364582,91.35448969,90.02976890,91.85368885,87.48892359,86.86669870,83.61906319,88.35362951,12.71095366,3.38134955,0.95487099,2.13510804,1.15921506,1.00000000,1.20000000,-0.50000000,-0.70000000,-1.06464169,-0.00845813,0.00004000,-0.00029770,0.00571392,0.00475103,0.00109285,0.00093534,-0.00632871,0.00404967
2025-07-04,88.68103912,97.37433311,87.69698752,88.07359979,95.19597174,76.15030154,91.54962569,90.37278647,91.89946906,87.52116293,86.82386163,83.55404158,88.55527284,13.67525804,3.06322329,0.83991879,2.25880748,1.14467075,1.00000000,1.20000000,-0.50000000,-0.70000000,-1.09672984,0.00071571,0.00004000,-0.00879467,-0.00092343,0.00073270,-0.00011392,0.01265193,0.01129054,0.00367035
2025-07-07,89.15687514,97.86589978,87.98419258,88.68901410,95.57701733,76.75732084,91.36321031,90.87739774,92.32974974,88.03582808,87.42918725,83.92940705,88.96969658,12.07698437,3.21563819,0.92100385,2.05578522,1.10725525,1.00000000,1.20000000,-0.50000000,-0.70000000,-0.98234491,0.00531136,0.00004000,0.00851459,0.00294472,-0.00183750,-0.00059134,-0.00251500,0.00131308,-0.00670845
2025-07-08,89.23083576,98.02049127,88.04595561,88.48404713,95.45623144,76.87460405,91.10430016,90.83879158,92.26491756,87.83054111,87.44512607,84.12419603,88.74716292,13.54173136,3.03395954,0.84759444,2.01982830,1.08640995,1.00000000,1.20000000,-0.50000000,-0.70000000,-0.88552035,0.00078921,0.00004000,-0.00726889,-0.00014402,0.00386740,-0.00306486,0.00537100,0.00024935,-0.00107310
2025-07-09,89.06271612,97.58815936,87.88431246,88.14552088,95.25054319,76.66259300,91.05319041,90.55982888,91.85615786,87.68918055,87.18621153,83.78420327,88.54023299,12.72594974,3.12939936,0.82059151,2.21794628,1.23710363,1.00000000,1.20000000,-0.50000000,-0.70000000,-0.96212449,-0.00192588,0.00004000,0.00126001,0.00033406,-0.00583503,0.00430474,0.00186072,0.00303712,0.00741644
2025-07-10,89.53572913,97.72154489,88.29293199,88.61331456,96.14092322,77.22683341,91.31160138,90.85357302,92.34136323,88.09165305,87.49129568,84.13742934,89.28254571,10.40239855,2.93070367,0.90722897,2.16185438,1.11036487,1.00000000,1.20000000,-0.50000000,-0.70000000,-1.11206953,0.00525696,0.00004000,0.00449175,0.00588789,-0.00097047,0.00197901,0.00026215,-0.00327710,-0.00033775
2025-07-11,89.01377219,97.19429449,87.67881132,88.31659871,95.71628766,76.58447062,91.05117182,90.25802402,91.62283388,87.81016387,86.97372900,83.38833726,88.98597497,11.37348519,3.01548751,0.96395624,2.37191596,1.03621911,1.00000000,1.20000000,-0.50000000,-0.70000000,-0.92115164,-0.00588665,0.00004000,-0.00098700,-0.00375827,0.00516407,0.00183344,0.00202361,-0.00664114,0.00137848
2025-07-14,88.68125426,97.07651827,87.17584956,87.95478975,95.56480602,76.20088791,90.76439911,89.72541725,91.42294536,87.86938433,86.87216382,83.17862616,88.51352791,11.76671614,3.09948940,0.92357922,2.23654176,1.19839917,1.00000000,1.20000000,-0.50000000,-0.70000000,-0.84729982,-0.00378257,0.00004000,-0.00205659,0.00512951,0.00625764,0.00051271,-0.01052922,-0.00147849,0.00175982
2025-07-15,90.00032368,98.50772815,88.27078569,89.29000902,97.06765767,77.43524528,92.10489336,91.03344740,92.64493208,89.25845435,88.04351786,84.00864377,90.17081737,12.50189184,3.34314722,0.87997174,2.25676860,1.17800846,1.00000000,1.20000000,-0.50000000,-0.70000000,-1.04986639,0.01472474,0.00004000,0.00836430,0.00044902,-0.00410640,-0.00381770,-0.00256698,-0.00171551,0.00492631
2025-07-16,90.35844128,98.62692619,88.43348538,89.87208623,97.52094296,77.78978831,92.76917683,91.36170067,92.91650872,89.76592649,88.54090865,84.39212785,90.43514487,13.35397813,2.85200956,0.90256622,2.26289804,1.06920650,1.00000000,1.20000000,-0.50000000,-0.70000000,-1.05046751,0.00393117,0.00004000,0.00725603,-0.00047888,-0.00507864,-0.00083750,-0.00342896,-0.00048328,0.00174414
2025-07-17,90.99979361,99.62188104,88.95800140,90.54679621,98.35188298,78.14829061,93.19581348,92.12978063,93.33236804,90.16378287,89.29514581,84.86890368,91.14245647,13.92185730,3.03355828,0.91652441,2.26337889,1.13502491,1.00000000,1.20000000,-0.50000000,-0.70000000,-1.03525858,0.00703280,0.00004000,0.00890454,-0.00284477,-0.00146035,-0.00097520,-0.00239338,-0.00324969,-0.00262888
2025-07-18,90.70077982,99.13179488,88.60717443,90.43139454,97.86044262,77.55434080,93.07897597,91.79384848,92.53058393,89.74288611,88.99208767,84.48102472,90.64551825,13.21654528,3.00304628,0.92842484,2.17554236,1.15645492,1.00000000,1.20000000,-0.50000000,-0.70000000,-1.11086957,-0.00333128,0.00004000,0.00138000,-0.00476734,-0.00120086,-0.00219022,0.00027287,-0.00395249,0.00356266
2025-07-21,90.60802195,99.31542893,88.58093938,90.33755180,97.72141761,77.54535355,92.56340585,91.42582906,92.51938314,89.52388967,89.23787126,84.36497066,90.62086370,13.20268816,3.28635918,0.84199766,2.15740891,1.22387004,1.00000000,1.20000000,-0.50000000,-0.70000000,-0.97822487,-0.00106320,0.00004000,-0.00560094,-0.00101472,0.00276981,-0.00380739,0.00104529,-0.00155168,0.00182422
2025-07-22,89.47772431,98.44119814,87.61783022,89.18333991,96.80321666,76.60409410,91.58145336,90.53834846,91.08475040,88.25249178,87.89398254,83.24459526,89.23403531,13.96908883,3.00068464,0.88331021,2.23763454,1.05702391,1.00000000,1.20000000,-0.50000000,-0.70000000,-0.99041957,-0.01259305,0.00004000,0.00244727,-0.01069647,-0.00253735,0.00242194,0.00254806,0.00819570,0.00015303
2025-07-23,89.89532893,98.82835069,87.75251324,89.35768314,97.43289419,76.91088729,91.81929379,91.18633744,91.27958770,88.53045541,88.10860708,83.57402026,89.38375977,13.82456610,3.16522511,0.91128992,2.22533132,1.09178240,1.00000000,1.20000000,-0.50000000,-0.70000000,-1.13769764,0.00461628,0.00004000,0.00648299,-0.00664257,-0.00486713,0.00028616,-0.00164937,0.00269635,0.00501320
2025-07-24,89.18128791,97.94028230,87.08171085,88.52775985,96.43336162,76.12186551,90.84120357,90.42448908,90.32757794,87.95774694,87.53831800,82.65085888,88.59126622,12.16716270,2.89679492,0.87798154,2.09925556,1.06757127,1.00000000,1.20000000,-0.50000000,-0.70000000,-1.08519129,-0.00801474,0.00004000,0.00495591,-0.01073250,-0.00288052,-0.00272349,-0.00084089,-0.00276709,0.00004633
2025-07-25,88.83722989,97.97609452,86.74757918,87.98688639,96.25025794,76.01402895,90.65991869,90.26461735,89.97329071,87.69164014,87.21553425,82.35267170,88.31554239,12.26566678,3.12405048,0.85623037,2.04769018,1.19071971,1.00000000,1.20000000,-0.50000000,-0.70000000,-1.03983851,-0.00390542,0.00004000,-0.00320515,0.00071394,0.00282744,-0.00378454,-0.00560731,-0.00270186,0.00169064
2025-07-28,88.72595867,98.00470340,86.42019279,87.96900567,95.76036023,76.09408339,90.13089981,90.26303404,90.10727382,87.77257266,87.19076783,82.69996695,88.18291415,12.34588925,3.03300838,0.92832866,2.17693598,1.03590660,1.00000000,1.20000000,-0.50000000,-0.70000000,-0.91390476,-0.00129331,0.00004000,0.00662539,-0.00120656,-0.00163426,0.00245834,-0.00344940,0.00361143,0.00399190
2025-07-29,89.28410859,98.76311247,86.69245802,88.85161515,96.10694900,76.60941264,90.61714162,91.07292313,90.68107114,88.39656407,87.67892569,83.13550549,88.85558328,13.57965408,3.00444157,0.92440692,2.14114930,1.03074349,1.00000000,1.20000000,-0.50000000,-0.70000000,-1.02376003,0.00623101,0.00004000,-0.00041357,-0.00636776,0.00060746,-0.00238868,0.00410345,0.00018443,-0.00327462
2025-07-30,88.88326769,97.98124757,86.25104735,88.30209075,95.59053306,76.31636479,90.01581487,90.44350284,90.07442223,87.82407142,87.39653662,83.02342199,88.30771259,11.82840616,2.81844249,0.86939122,2.14650529,1.06921423,1.00000000,1.20000000,-0.50000000,-0.70000000,-1.04309757,-0.00453961,0.00004000,-0.00329276,-0.00165518,0.00226278,-0.00033459,0.00005732,0.00259572,0.00210553
2025-07-31,90.08154227,99.11767244,87.45563695,89.36388103,96.94923572,77.36730635,91.48420074,91.56213762,90.96495393,88.84303988,88.75138926,84.11663464,89.31253200,13.07178845,2.93309805,0.88972639,1.99023212,1.10147375,1.00000000,1.20000000,-0.50000000,-0.70000000,-0.87848455,0.01335138,0.00004000,-0.00882397,0.00598715,-0.00395867,0.00130370,-0.00532932,0.00214139,-0.00172618
2025-08-01,89.75324704,98.69924408,86.97355233,89.17651240,96.56727468,77.02533613,91.25079492,91.12715798,90.52800003,88.70958733,88.22713228,83.93928113,88.84172957,14.00150498,3.20636868,0.94103050,2.12294750,1.06749874,1.00000000,1.20000000,-0.50000000,-0.70000000,-0.97306454,-0.00369108,0.00004000,-0.00155503,-0.00620738,0.00086196,0.00016833,0.00062139,0.00156747,0.00452570
2025-08-04,88.78627575,97.67194741,85.96436895,88.51355501,95.49746470,76.00282340,90.16388601,90.74588695,89.51294515,88.00267758,87.38664888,82.91346179,87.49780600,12.38544565,3.13209398,0.92680106,2.29715589,1.10566069,1.00000000,1.20000000,-0.50000000,-0.70000000,-0.99179809,-0.01087212,0.00004000,-0.00426306,-0.00176902,0.00085218,0.00391369,0.01292663,0.00862906,-0.00290570
2025-08-05,87.89805089,96.91839072,85.34745523,87.71241413,94.50055770,75.42223404,89.37286395,89.85755028,88.36238212,87.26922601,86.51255110,81.99294085,86.87658029,14.16399469,3.17880806,0.93054208,2.04279183,1.11394044,1.00000000,1.20000000,-0.50000000,-0.70000000,-1.04625014,-0.01009446,0.00004000,0.00273671,0.01453729,-0.00430277,0.00249279,-0.00087148,-0.00285124,0.00418171
2025-08-06,89.30837974,98.54711830,86.96553374,89.36190031,96.13964354,76.58677544,90.56751927,91.38910302,89.99514384,88.72848395,87.81847682,83.17095145,88.21285401,13.22740433,2.99095488,0.86966927,1.97736595,1.05763329,1.00000000,1.20000000,-0.50000000,-0.70000000,-1.00814853,0.01587769,0.00004000,0.00380269,0.00451887,0.00038035,0.00446642,-0.00267100,-0.00546580,0.00154747
2025-08-07,88.83556322,97.69045731,86.63530743,88.96964679,95.79680278,76.16475455,90.12831654,90.78322751,89.39195663,88.21689396,87.31814802,82.65546617,87.49642485,12.06246001,2.88821408,0.90921249,2.15159414,1.03899437,1.00000000,1.20000000,-0.50000000,-0.70000000,-1.10232614,-0.00534827,0.00004000,-0.00123151,-0.00557322,0.00157571,0.00020176,0.01092822,0.00141021,-0.00541741
2025-08-08,88.74347321,97.70822410,86.73547598,88.87734870,95.83008467,75.73079805,90.12205631,90.76341589,89.26261456,88.00005293,87.25570909,82.22795822,87.21288474,11.90262947,2.82986804,0.87971210,2.20136900,1.06521706,1.00000000,1.20000000,-0.50000000,-0.70000000,-0.91423210,-0.00107717,0.00004000,0.01122537,-0.00166336,0.00006021,0.00281521,-0.00800524,0.00106114,0.00222775
2025-08-11,87.45119539,96.49871171,85.20166357,87.51151727,94.12514572,74.64699099,88.77947884,89.72557910,88.16590686,86.74752439,86.15002022,80.66467098,85.84473333,13.19378792,2.96280875,0.90578498,2.17105189,1.12906579,1.00000000,1.20000000,-0.50000000,-0.70000000,-1.06200161,-0.01470901,0.00004000,0.00553619,-0.00512339,-0.00006328,-0.00039901,0.00122668,-0.00132944,0.00068749
2025-08-12,88.61585139,97.98392655,86.17183229,88.99111658,95.21536688,75.66010740,90.15028762,90.99179826,89.17918850,88.03292678,87.45913775,81.92113082,87.09112842,12.72881536,2.97726800,0.93039760,2.16815619,1.15059435,1.00000000,1.20000000,-0.50000000,-0.70000000,-1.05318349,0.01318988,0.00004000,-0.00326154,0.00094694,0.00149779,-0.00623443,0.00147828,0.00539051,0.00464621
2025-08-13,87.53257795,96.69269604,85.18307478,88.01423613,94.27399496,74.61576112,88.61829740,89.96353203,88.02297640,87.19219782,86.25582327,80.77726878,86.26381744,13.15329962,2.84827183,0.97029961,2.04888614,1.08067012,1.00000000,1.20000000,-0.50000000,-0.70000000,-1.04270015,-0.01233971,0.00004000,-0.00136574,-0.00389146,0.00787657,-0.00227392,-0.00125559,0.00023074,-0.00041743
2025-08-14,87.49753647,96.71804081,85.01601276,88.31523530,94.33418020,74.56788639,88.18958112,90.23834926,88.04907664,87.23149807,86.13543450,80.76624067,86.22781884,11.94682045,2.77805715,0.89412016,2.10351865,1.05395083,1.00000000,1.20000000,-0.50000000,-0.70000000,-0.82809617,-0.00044041,0.00004000,0.00281308,0.00007825,0.00037192,0.00043200,0.00289775,0.00008060,0.00213188
2025-08-15,87.46873571,96.78574926,84.91973377,88.49766171,93.94944666,74.54575289,88.09065389,90.34618479,87.85773415,87.14818347,86.31952204,80.67042410,86.22052633,13.29252438,3.17233620,0.91813657,2.27086337,1.14289550,1.00000000,1.20000000,-0.50000000,-0.70000000,-0.90561370,-0.00036921,0.00004000,-0.00378271,-0.00263755,0.00513193,-0.00121851,-0.01285972,0.00179954,0.00396956
2025-08-18,87.47790951,96.67983218,85.20873374,88.49827770,93.85381724,74.38589856,88.18516362,90.76067026,87.70078444,87.04189435,86.11979298,80.88452034,86.07113858,13.40085704,3.09627826,0.86155883,2.26764405,1.14427347,1.00000000,1.20000000,-0.50000000,-0.70000000,-0.89063597,0.00006488,0.00004000,0.00301022,-0.00160926,-0.00365049,0.00090803,-0.00266132,-0.00195869,0.00421628
2025-08-19,87.16304608,95.99431105,85.23265879,88.01718107,93.70351863,74.10456484,88.13299942,90.63550131,87.61130787,86.37312577,85.68090986,80.52335264,85.71733163,13.72885832,2.95855566,0.86240824,2.36642008,1.06332527,1.00000000,1.20000000,-0.50000000,-0.70000000,-1.05864476,-0.00364584,0.00004000,-0.00373305,-0.00493789,-0.00032749,-0.00623800,0.01467010,0.00370212,0.00266617
2025-08-20,86.30499048,94.89321183,84.57762993,87.17489994,92.86920081,73.34536507,87.40913429,89.58781100,86.99779361,85.32337812,84.80851134,79.62047543,84.73323230,13.02063033,2.88766348,0.86009343,2.10975129,1.02752300,1.00000000,1.20000000,-0.50000000,-0.70000000,-1.08625668,-0.00993303,0.00004000,0.01178007,0.00141859,0.00439874,-0.00530866,-0.00066383,0.00047836,0.00529924
2025-08-21,86.76656536,95.46830104,85.18516798,87.69994541,93.48791401,73.94299378,88.03808746,89.91848048,87.20278329,85.73857465,85.19156459,80.40345507,85.38331985,13.56696164,2.87699576,0.82757251,2.14517606,1.07260079,1.00000000,1.20000000,-0.50000000,-0.70000000,-0.98912752,0.00529393,0.00004000,-0.01227168,0.00518066,-0.00125731,-0.00208631,-0.00441054,-0.00649574,-0.00089776
2025-08-22,87.19397211,95.56771628,85.52353886,88.10030974,93.88751383,74.12927879,88.88012062,90.19435643,87.65245003,86.33541365,85.41858453,80.93955592,85.62223532,12.96756592,3.06254937,0.91993985,2.27965856,1.09445312,1.00000000,1.20000000,-0.50000000,-0.70000000,-0.89560795,0.00487385,0.00004000,0.01358225,-0.00503469,-0.00322559,-0.00550471,-0.00362601,-0.00012933,-0.00167006
2025-08-25,87.07879043,95.45664381,85.52950607,88.01439884,93.81699824,73.96205812,88.97636611,90.24760011,87.66020704,86.22668470,85.46310475,80.99569129,85.53281787,11.86496718,3.11284976,0.92150199,2.22899242,1.12129992,1.00000000,1.20000000,-0.50000000,-0.70000000,-1.04735528,-0.00136186,0.00004000,-0.00481940,-0.00262346,0.00022149,0.00112201,-0.00787166,-0.00120241,0.00495631
2025-08-26,86.86021117,95.56178283,85.36912715,87.64322321,93.57972911,73.79469260,88.84817606,90.10036016,87.46804174,86.04652216,85.56303644,80.86926522,85.15514395,12.87532636,3.24494560,0.86846976,2.24329890,1.16901660,1.00000000,1.20000000,-0.50000000,-0.70000000,-0.93572138,-0.00255329,0.00004000,-0.01248371,0.00373669,-0.00370909,-0.00029457,0.00487503,0.00028054,0.00243978
2025-08-27,87.07370574,95.88178713,85.83204190,87.89490002,93.42381510,74.09451404,89.06446404,90.59249035,87.48457448,86.57394993,85.58877811,80.92847241,85.14003205,12.72942220,3.10716243,0.89729321,2.02803361,1.05666786,1.00000000,1.20000000,-0.50000000,-0.70000000,-1.21244567,0.00241489,0.00004000,-0.00557430,0.00695746,-0.00442333,-0.00346798,0.00520256,-0.00028822,0.00477669
2025-08-28,87.01985226,95.59911330,85.75115893,87.85179248,93.36280986,74.05580097,89.13644524,90.42307809,87.20326052,86.33356527,85.44575152,80.86958107,85.09922627,12.29818077,2.93956116,0.92160743,2.38311637,1.24482636,1.00000000,1.20000000,-0.50000000,-0.70000000,-1.05699436,-0.00065867,0.00004000,-0.00079583,-0.00326146,0.00171295,-0.00312190,0.00490303,-0.00322262,0.00084001
2025-08-29,87.92428154,97.02589220,86.70221759,88.82553536,94.09707296,74.93053253,90.42933307,91.35339618,88.29241548,87.34311806,86.10820353,81.73417228,85.60319468,11.34393521,2.96937640,0.86660633,2.26176814,1.07317085,1.00000000,1.20000000,-0.50000000,-0.70000000,-1.05067651,0.01029973,0.00004000,0.00493014,-0.00095250,0.00541795,0.00609622,0.00604075,-0.00057553,-0.00323442
2025-09-01,88.65868390,98.19146929,87.24113782,89.12932142,94.55998635,75.99883062,91.20606012,92.31292071,89.17845257,88.19277763,86.91558287,82.72969577,86.06080848,12.96705206,3.00865521,0.93021286,2.05029733,1.07630730,1.00000000,1.20000000,-0.50000000,-0.70000000,-0.98426071,0.00827798,0.00004000,-0.00048961,0.00022331,0.00236585,0.00083669,-0.00563243,-0.00279094,0.00374706
2025-09-02,89.57419391,99.46336489,88.06175335,89.84136758,95.60581120,76.69623494,92.14472497,92.87036115,90.00336058,89.07285899,87.72824092,83.36926963,87.13209185,12.76223441,2.92521939,0.89969224,2.15718265,1.08886343,1.00000000,1.20000000,-0.50000000,-0.70000000,-1.01348902,0.01023328,0.00004000,-0.00308705,-0.00531621,0.00140827,-0.00220638,-0.00576225,0.00598309,-0.00089719
2025-09-03,89.14846189,99.01915968,87.50934683,89.65220334,95.36735632,76.51143575,91.70227264,92.18927516,89.54193243,88.41893724,87.20057561,82.99133819,86.54596289,12.85264363,3.15574076,0.92077440,2.15382949,1.15668919,1.00000000,1.20000000,-0.50000000,-0.70000000,-0.92526318,-0.00480417,0.00004000,0.00419348,0.00201536,0.00233364,-0.00034355,0.00399504,0.00077895,-0.00293929
2025-09-04,88.51456322,98.02222445,86.97642083,89.10984897,94.82563658,75.95853118,91.30687610,91.36092455,88.78111964,87.76646114,86.66020142,82.56590184,85.99342700,10.92008006,3.22219186,0.89010813,2.11914080,1.08365545,1.00000000,1.20000000,-0.50000000,-0.70000000,-0.97051738,-0.00717600,0.00004000,0.00094190,0.00002192,0.00331161,-0.00484688,0.00560938,0.00461558,0.00365474
2025-09-05,87.75566591,97.26975217,86.52731947,88.39942715,94.07927237,75.41684178,90.30509730,91.02134268,87.55769815,87.03612580,85.75590936,82.00862415,85.29439032,14.65055534,3.21418780,0.87256215,2.35498211,1.03380477,1.00000000,1.20000000,-0.50000000,-0.70000000,-0.95040391,-0.00865067,0.00004000,-0.00749588,-0.00365111,-0.00431057,-0.00735828,-0.00234282,-0.00424552,-0.00331396
2025-09-08,87.52807580,97.11247950,86.38912017,88.15150938,93.79796187,75.33873257,89.80822608,90.73204263,87.47558536,86.99504202,85.54567282,81.98762416,84.88548668,15.14750029,2.84146707,0.89800102,2.09511043,1.05454663,1.00000000,1.20000000,-0.50000000,-0.70000000,-1.00278936,-0.00263682,0.00004000,0.00091848,-0.00055665,0.00408966,-0.00039215,-0.00218660,-0.00163475,-0.00189302
2025-09-09,86.94559583,96.38038957,85.81880949,87.56770313,93.28027160,74.90645323,89.02095441,90.15650107,87.00800724,86.18172941,84.79707801,81.05820160,84.11343772,13.72062417,3.03829733,0.92397510,1.99790625,1.06199572,1.00000000,1.20000000,-0.50000000,-0.70000000,-1.04189272,-0.00671702,0.00004000,-0.00778696,0.00130079,-0.00001150,0.00210139,0.00432285,0.00369491,0.00012583
2025-09-10,86.89665610,96.11405096,85.60215955,87.49671567,93.28076014,74.98170866,89.22132509,89.97147218,86.88576772,85.93832536,84.98504870,81.14663095,84.20551487,10.96724002,2.91125433,0.89752891,2.02133781,1.03488137,1.00000000,1.20000000,-0.50000000,-0.70000000,-0.99679923,-0.00060304,0.00004000,0.01789517,-0.00328011,-0.00068926,0.00388454,-0.00001215,0.00343429,-0.00141189
2025-09-11,86.08774545,95.19289508,84.88198962,86.58494172,92.15554411,74.25429219,88.20291212,88.97598705,86.08714092,85.53085953,84.39536494,80.49098704,83.55697808,12.18671339,3.15316556,0.91427904,2.30837889,1.09504858,1.00000000,1.20000000,-0.50000000,-0.70000000,-0.93564289,-0.00939248,0.00004000,-0.00400495,-0.00256165,-0.00252955,-0.00138308,0.00152636,0.00672121,-0.00080875
2025-09-12,86.17724675,95.50388872,85.11602211,86.55765686,92.28250481,74.45459205,88.47288994,89.14961731,86.10257797,85.75933867,84.43550031,80.76139318,83.99327912,13.30509451,3.08177299,0.93319664,2.31158093,1.10031340,1.00000000,1.20000000,-0.50000000,-0.70000000,-0.87477316,0.00099911,0.00004000,0.00832740,0.00121174,-0.00154972,-0.00618880,0.00241531,-0.00362112,0.00022431
2025-09-15,86.75796412,96.17172871,85.83897826,87.39558247,92.97363721,75.04414762,88.64811433,89.74459989,87.09114461,86.42696870,84.74460376,81.01825789,84.40234139,12.14626652,2.85192288,0.92637438,1.97415092,1.10494578,1.00000000,1.20000000,-0.50000000,-0.70000000,-0.93859392,0.00667604,0.00004000,0.00092994,-0.00599938,0.00034821,-0.00307181,0.00515689,-0.00545876,0.00033166
2025-09-16,87.50274529,96.86171464,86.75008751,88.11436953,93.52781196,75.53365384,89.34661525,90.98080922,87.75817003,87.07457072,85.46838083,81.75638288,85.38926011,12.17577312,2.86218148,0.88473721,2.16422960,1.07321219,1.00000000,1.20000000,-0.50000000,-0.70000000,-1.07310394,0.00850795,0.00004000,-0.00092193,0.00631920,-0.00163104,-0.00438509,0.00217611,-0.00338985,0.00285449
2025-09-17,88.01017678,97.71484035,87.15984032,88.70685140,94.26695344,76.02288510,90.01562939,91.32373353,88.09681258,87.26313184,86.04578746,82.30183576,85.91968728,12.91794202,2.88923205,0.90638399,2.23147235,1.13638545,1.00000000,1.20000000,-0.50000000,-0.70000000,-0.89432393,0.00574229,0.00004000,0.00551239,-0.01077289,0.00331630,-0.00243521,0.00204566,-0.00015320,0.00259012
2025-09-18,88.33778658,97.78442281,87.29298936,89.10649780,94.97996462,76.53367538,90.06642260,91.45582135,88.43867328,87.70008211,86.32947115,82.73717344,86.27423556,13.14037487,3.01412744,0.86094762,2.18583691,1.08574650,1.00000000,1.20000000,-0.50000000,-0.70000000,-0.87067862,0.00367550,0.00004000,-0.00398072,-0.00487345,-0.00052775,-0.00251193,0.00671950,0.00453107,0.00169681
2025-09-19,88.67441358,98.44711877,87.66078491,89.64020164,95.27546372,76.94687628,90.34143736,91.57016069,88.83255966,88.07019483,86.49395351,82.77764674,86.80630139,12.34218321,2.96881615,0.90472445,2.38283561,1.10174003,1.00000000,1.20000000,-0.50000000,-0.70000000,-1.15050519,0.00376344,0.00004000,0.00293410,0.00057536,0.00710792,-0.00149673,0.00694805,0.00253198,0.00027815
2025-09-22,89.06335565,98.87523626,88.07514367,89.75587903,95.66921325,77.49528262,90.78264559,91.81357613,89.21287809,88.15443837,86.95643276,83.25278518,87.21393645,14.13183940,3.05369711,0.95234170,2.29226133,1.16115689,1.00000000,1.20000000,-0.50000000,-0.70000000,-0.92559268,0.00433659,0.00004000,0.00376429,-0.00190876,-0.01267655,0.00142635,-0.00339386,-0.00319996,-0.00022413
2025-09-23,90.79688970,101.18559293,89.82429176,91.47740611,97.61385775,79.00354593,92.16056950,93.34389574,90.90048498,89.73122482,88.56434721,84.80405886,89.06464981,13.27995771,2.95551590,0.86334264,2.19687185,1.07869015,1.00000000,1.20000000,-0.50000000,-0.70000000,-1.04014851,0.01923705,0.00004000,-0.00179149,0.00628500,-0.00032128,0.00405179,0.00683076,-0.00919621,-0.00043528
2025-09-24,90.11597126,100.37406819,88.96734565,90.94705656,97.05419916,78.59017972,91.24679839,92.37144148,90.17713968,88.70756207,88.07905820,84.13203469,88.16240109,13.46019789,3.06759676,0.92771931,2.00281609,1.05435555,1.00000000,1.20000000,-0.50000000,-0.70000000,-1.00279812,-0.00756762,0.00004000,0.01700710,0.00163958,0.00504629,0.00227819,0.00068249,-0.00168764,-0.00059188
2025-09-25,90.26439234,100.17457848,89.22418955,90.86832890,96.84354707,78.52556492,91.06384733,92.41624251,90.39332321,88.98851391,88.14888959,84.19020300,88.00878842,13.65946328,3.06353052,0.87649642,1.98654997,1.17176093,1.00000000,1.20000000,-0.50000000,-0.70000000,-1.04800899,0.00160565,0.00004000,-0.00542202,-0.00200267,0.00507453,-0.00044480,0.01090411,-0.00129251,0.00353846
2025-09-26,90.72755917,100.44835234,89.69879296,91.19921961,97.41006895,78.71433171,91.31479891,92.99111023,90.79419586,89.60822464,88.70857606,84.56930989,88.61959823,13.84687233,2.88243285,0.87757184,2.25922474,1.08328234,1.00000000,1.20000000,-0.50000000,-0.70000000,-1.02834247,0.00507810,0.00004000,0.01234466,-0.00153670,-0.00092848,0.00145590,-0.00843473,0.00227708,-0.00341941
2025-09-29,91.40058972,101.02419482,90.40529152,92.07899494,98.00795648,79.36386360,92.03383377,93.63666924,91.62122868,89.98025858,89.36608061,85.12562403,89.14310183,11.81846820,3.16138030,0.90709017,2.19036304,1.01074249,1.00000000,1.20000000,-0.50000000,-0.70000000,-0.97561303,0.00735077,0.00004000,-0.00515131,0.00725521,0.00011764,-0.00044899,0.00298287,0.00322577,0.00477613
2025-09-30,91.27123983,100.72279820,90.26994045,91.53052590,97.91110552,79.57062812,91.97081776,93.64053901,91.46407030,89.91845701,89.34443701,85.09800259,88.96063286,14.74946068,2.87303205,0.88513047,2.28889926,1.09682734,1.00000000,1.20000000,-0.50000000,-0.70000000,-0.93621526,-0.00145620,0.00004000,-0.00884991,-0.00657043,0.00533755,0.00213149,0.00540172,-0.00432120,0.00215279
2025-10-01,92.45262797,101.95265628,91.79399043,92.71558997,98.98679329,80.45721988,92.87564623,94.27743287,92.48749182,91.27839965,90.36770872,86.27175661,90.16678867,12.46264738,2.86582598,0.93292298,2.01513528,1.15034947,1.00000000,1.20000000,-0.50000000,-0.70000000,-1.13633542,0.01282065,0.00004000,0.00890162,0.00788433,-0.00155256,-0.00453804,0.00080322,0.00027777,0.00009801
2025-10-02,92.73850073,102.30757991,92.29413034,93.00770254,99.47093185,80.55327009,93.00983279,94.36541459,92.89731255,91.66023726,90.55706422,86.59891288,90.37644350,13.79685914,3.11095870,0.94091635,2.00003739,1.14692537,1.00000000,1.20000000,-0.50000000,-0.70000000,-1.00586605,0.00304733,0.00004000,0.00366125,-0.00193565,0.00007251,0.00446914,-0.01021740,-0.00261658,0.00161373
2025-10-03,91.56340402,101.34222990,90.90525465,91.52697391,98.31544094,79.47607557,92.01443172,93.11063256,92.09214375,90.53768645,89.34795067,85.21617532,89.03601775,12.61770125,3.15156228,0.84840084,2.34221025,1.00074097,1.00000000,1.20000000,-0.50000000,-0.70000000,-1.04872747,-0.01279204,0.00004000,0.00172237,-0.00092024,0.00030758,0.00207951,0.00288231,0.00061957,-0.00405760
2025-10-06,91.62849154,101.62316787,91.07291357,91.74501946,98.49467688,79.17507406,92.32080422,93.45428985,91.71572851,90.45929194,89.36556270,85.32218873,89.14475885,13.16021378,3.00685335,0.83010816,2.28902444,1.05467024,1.00000000,1.20000000,-0.50000000,-0.70000000,-0.99129738,0.00067059,0.00004000,0.00105749,-0.00265330,0.00366045,0.00020194,0.00387943,0.00563322,0.00002996
2025-10-07,91.10202946,101.26034219,90.53587887,91.10542924,98.02335810,78.78208404,91.58184603,93.04936616,91.31496921,89.67390719,88.83584283,84.98554064,88.60100486,14.50609034,3.32072060,0.99594968,2.29692281,1.17710371,1.00000000,1.20000000,-0.50000000,-0.70000000,-0.96496301,-0.00580218,0.00004000,-0.00535397,-0.00637668,0.00158098,0.00445853,0.00130655,-0.00303072,0.00328940
2025-10-08,91.26375219,101.52521772,90.51552719,91.53261357,98.25254516,79.00521493,92.05653952,93.51744954,91.58024872,90.02340202,88.90985083,85.30812305,88.66038319,13.29029216,3.30181421,0.86683413,2.24322498,1.06873662,1.00000000,1.20000000,-0.50000000,-0.70000000,-1.08752584,0.00173361,0.00004000,-0.00257557,-0.00058591,0.01259806,-0.00167821,-0.00051231,0.00376870,0.00200271
2025-10-09,91.47095705,102.18670702,90.49562796,91.64858150,98.57050141,79.36498830,92.35183179,93.83861258,91.78809667,90.36847230,89.00813987,85.61468910,88.70100762,13.15234198,2.99325447,0.84894628,2.16834240,1.00869902,1.00000000,1.20000000,-0.50000000,-0.70000000,-0.88489789,0.00222782,0.00004000,0.00034434,0.00090136,0.00267860,-0.00100806,0.00756137,0.00070674,0.00083336
2025-10-10,92.18055597,102.55868079,90.94930477,92.66371269,99.32887699,79.98245715,93.01439992,94.78842341,92.37899464,90.93493905,89.77851167,86.28716913,89.43974324,11.69389894,3.10767445,0.96818310,2.06448573,1.14345531,1.00000000,1.20000000,-0.50000000,-0.70000000,-1.13443624,0.00768771,0.00004000,-0.01131452,-0.00416153,0.00549394,-0.00427807,0.00263511,0.00505317,0.00681629
2025-10-13,92.55509432,103.38214929,91.48586359,93.11688816,99.48016582,80.46682521,93.34557212,95.17636626,92.92027165,91.12864003,90.18825023,86.45701659,89.83284808,11.15514059,2.90622941,0.91651079,2.11295577,1.07751799,1.00000000,1.20000000,-0.50000000,-0.70000000,-0.96500305,0.00401486,0.00004000,0.00075231,0.00369707,-0.00602344,0.00162317,0.00535507,-0.00316577,0.00102237
2025-10-14,92.71125624,103.98919759,91.61329687,93.11851347,99.46780973,80.63028691,93.40483753,95.21317673,93.16522397,91.28749116,90.53195114,86.51081230,89.76954926,14.31744982,3.02136178,0.89947342,2.34109819,1.11275037,1.00000000,1.20000000,-0.50000000,-0.70000000,-1.05259646,0.00164581,0.00004000,-0.00304264,-0.01173827,0.00360646,0.00205023,-0.00503176,0.00399491,-0.00016552
2025-10-15,92.64558348,104.02421031,91.42462834,92.93474391,99.55089217,80.51456784,93.38657165,95.34226316,93.39453667,91.18427483,90.42432305,86.64868243,89.71704400,14.50787166,3.17420868,0.86391495,2.19001896,1.12710168,1.00000000,1.20000000,-0.50000000,-0.70000000,-0.93411955,-0.00074861,0.00004000,0.00397334,-0.00554935,-0.00206569,0.00355701,0.00422419,0.00130813,-0.00239402
2025-10-16,91.92099311,102.85316973,90.74206375,92.39352566,98.67208671,79.90864219,92.58676626,94.70822066,92.68284343,90.52039549,89.93466632,85.70370487,89.19444924,12.91152989,2.73949059,0.94586097,2.15183776,1.13567532,1.00000000,1.20000000,-0.50000000,-0.70000000,-1.01622550,-0.00789185,0.00004000,0.00553351,0.00100080,-0.00447815,-0.00129775,0.00571173,-0.00207486,-0.00245580
2025-10-17,91.13818699,101.59264533,89.99057284,92.00165408,97.81039812,79.31242554,91.51853423,93.50481673,92.10995593,89.74840228,89.14060577,84.87596079,88.19479096,13.08590607,2.97038124,0.93123806,2.11628682,1.03355536,1.00000000,1.20000000,-0.50000000,-0.70000000,-1.06692750,-0.00859254,0.00004000,-0.00708068,-0.00273826,-0.00661848,0.00323538,-0.00153211,-0.00188104,-0.00137836
2025-10-20,90.62296840,101.24699394,89.68229207,91.17477162,97.07419106,78.78215597,91.16031589,92.92969947,91.36179126,89.27560792,88.14122208,84.38321068,87.83959471,14.12576752,2.65897767,0.86486419,1.96761643,1.15422636,1.00000000,1.20000000,-0.50000000,-0.70000000,-1.02104924,-0.00570920,0.00004000,0.00070490,-0.00467728,0.00405089,0.00060186,-0.00217000,0.00116739,-0.00018761
2025-10-21,91.39605980,102.26216255,90.43334155,91.74509297,98.08502033,79.37879634,91.82501671,93.69695973,92.08555727,89.89843273,88.77643535,85.01108218,88.87448157,13.44948618,2.88051242,0.92935568,2.13893493,1.12254530,1.00000000,1.20000000,-0.50000000,-0.70000000,-1.05842049,0.00845467,0.00004000,0.00851476,0.00668831,0.00454430,-0.00134486,-0.00005321,0.00349052,0.00242007
2025-10-22,91.90566625,102.69968246,90.89227242,92.13683061,98.75463064,79.28485221,92.27009332,93.99024840,92.77941333,90.60759404,89.20370991,85.59304040,89.61818077,14.34847898,3.05557018,0.93258576,2.11605758,1.02085559,1.00000000,1.20000000,-0.50000000,-0.70000000,-0.85662798,0.00552032,0.00004000,0.01097641,0.00433878,0.00441139,-0.00451621,-0.01097267,0.00423979,0.00058696
2025-10-23,91.85105389,102.44031740,90.79031280,92.25303434,98.64255950,79.28232192,91.98338755,93.89251600,92.59099636,90.75537203,89.12720682,85.65089442,89.66367996,12.17640630,2.93444511,0.83254537,2.17600738,1.09885153,1.00000000,1.20000000,-0.50000000,-0.70000000,-1.09998838,-0.00063440,0.00004000,-0.00224316,0.00654686,0.00241774,-0.00060768,-0.00247012,-0.00153329,-0.00218785
2025-10-24,92.01307733,102.70354664,90.74698850,92.79727818,98.88068066,79.38587473,92.06861924,94.37753581,92.66182055,90.78537839,89.03800681,85.61906568,89.68900034,12.90329651,2.79056302,0.85373577,2.26921034,1.10226512,1.00000000,1.20000000,-0.50000000,-0.70000000,-1.03830252,0.00172243,0.00004000,0.00148459,-0.00939821,0.00424425,0.00431426,-0.00308026,-0.00540100,0.00124070
2025-10-27,93.58655678,104.53448631,92.39033020,94.37892383,100.23886014,80.86082346,93.63635338,96.04865896,94.57454943,92.45865958,90.77127036,87.14935327,91.37711985,12.05343217,2.87212909,0.95251007,2.21635906,1.09115061,1.00000000,1.20000000,-0.50000000,-0.70000000,-0.85548248,0.01691604,0.00004000,0.00878193,-0.00158972,0.01124999,0.00073559,0.00899996,-0.00066194,-0.00248318
2025-10-28,93.95859653,104.51068960,92.61929077,94.59538118,100.64441729,81.48651662,94.24498914,96.15027202,95.31379438,92.90379940,91.36719577,87.70267311,91.94570126,12.79404457,3.27051906,0.83930004,2.44137861,1.10419022,1.00000000,1.20000000,-0.50000000,-0.70000000,-1.06526641,0.00392747,0.00004000,-0.00900859,0.00602603,-0.00558387,0.00174400,0.00784653,0.00551733,-0.00526425
2025-10-29,94.07845725,104.60057372,93.07104137,94.82596503,100.80533632,81.69678440,94.53101879,96.20617711,95.42385616,92.75506276,91.32865232,88.15768082,92.07620818,11.91030658,3.02008610,0.89468127,2.19515507,1.05304285,1.00000000,1.20000000,-0.50000000,-0.70000000,-0.89475341,0.00123486,0.00004000,0.00273297,0.00122380,-0.00241544,-0.00185478,0.00171153,0.00194761,0.00293860
2025-10-30,94.32219467,105.19349516,93.30088083,95.08332578,100.91982450,81.88471707,95.18159432,96.10202770,95.50798350,92.88388146,91.72049137,88.37890975,92.29337848,13.87253977,2.98962227,0.90380535,2.25533014,1.19050562,1.00000000,1.20000000,-0.50000000,-0.70000000,-1.08023478,0.00254744,0.00004000,-0.00012808,-0.00065179,-0.00467221,-0.00340781,0.00302980,-0.00431927,-0.00243943
2025-10-31,93.97330544,104.82435353,92.71894589,94.44672023,100.43325825,81.72726290,94.67999751,95.76541545,95.36476837,92.48919115,91.16693094,88.15961506,91.69376191,14.39167418,2.79261854,0.81212010,2.18026408,1.00319408,1.00000000,1.20000000,-0.50000000,-0.70000000,-1.17352015,-0.00374577,0.00004000,0.00091644,-0.00336863,-0.00345149,0.00198124,-0.00173590,0.00058565,0.00337927
2025-11-03,93.84556170,104.43810909,92.39784688,94.51523948,100.04129063,81.73026206,94.75659229,95.61054408,94.94517344,92.68792937,91.32246371,87.65675099,91.44757896,32.79833045,6.58279303,1.80828923,4.39175093,1.85377021,0.20000000,0.30000000,0.90000000,1.30000000,1.75981507,-0.00140029,0.00004000,0.00227384,-0.00188630,0.00188903,0.00128144,0.00811395,-0.00072065,0.00381197
2025-11-04,94.39963599,104.85893644,93.04702960,94.69119934,100.40966540,82.19665051,95.40293445,96.11326063,95.47496065,92.90266403,91.74895182,88.24644587,92.02051057,32.60004216,6.59629340,1.77464143,4.47943587,1.95684964,0.20000000,0.30000000,0.90000000,1.30000000,1.78081583,0.00584675,0.00004000,-0.00382637,0.00584026,0.00556775,0.00174873,0.00024647,0.00409176,0.00500559
2025-11-05,93.93093035,104.28830680,92.30043662,94.35508870,99.99774796,81.96807769,94.72665564,95.52023165,95.16586843,92.65850752,91.56674705,87.81476068,92.00066515,33.44041639,6.64484231,1.72773056,4.60470054,1.92179273,0.20000000,0.30000000,0.90000000,1.30000000,1.97195721,-0.00501749,0.00004000,0.00187990,-0.00238191,0.00205968,-0.00251144,-0.00298295,-0.00234183,-0.00031426
2025-11-06,95.49672745,105.98170417,93.89144688,95.88797590,101.47247020,83.07739304,96.55065360,97.18754192,96.78601751,93.94819133,93.30307590,89.19625148,93.43709045,32.76141041,6.52035623,1.76364554,4.41351624,1.92801552,0.20000000,0.30000000,0.90000000,1.30000000,1.90367490,0.01649225,0.00004000,0.00206399,-0.00372924,-0.00350387,-0.00124102,0.00742033,-0.00023833,0.00054408
2025-11-07,98.43808224,109.28532752,96.62246214,98.95963546,104.62121047,85.73069915,99.61559580,100.34230231,99.79184457,96.74414217,96.06955444,91.98550428,96.36947779,33.80360087,6.79255703,1.80534710,4.56386638,1.93372962,0.20000000,0.30000000,0.90000000,1.30000000,1.89164717,0.03029576,0.00004000,0.00041194,0.00086768,-0.00107450,-0.00276283,0.00413779,0.00168995,-0.00388675
2025-11-10,96.65009422,107.25052764,94.49597517,97.53117348,102.41776441,84.11414450,97.63282257,98.67642648,98.24495938,95.28510148,94.49121274,90.23946212,94.49887967,32.40309912,6.77252168,1.73604501,4.31302173,1.96045663,0.20000000,0.30000000,0.90000000,1.30000000,1.81352437,-0.01837056,0.00004000,0.00799280,0.00105516,-0.00474662,0.00359812,0.00918031,-0.00242313,0.00306574
2025-11-11,96.23652374,106.76348313,93.98849791,96.90719346,102.06364232,83.55739546,97.13763110,98.43772920,97.69059243,94.97093193,93.74825014,89.88464741,93.83599544,32.14678142,6.54039911,1.88931080,4.48139457,1.90313383,0.20000000,0.30000000,0.90000000,1.30000000,1.74474105,-0.00432823,0.00004000,0.00705317,0.00876098,0.00133879,0.00279691,0.00342155,-0.00131104,0.00213598
2025-11-12,96.70398592,107.26917812,94.44366722,97.00198083,102.50063794,84.13966502,97.55902738,98.82347125,98.07284238,95.38376773,94.23702074,90.31441653,94.18135005,32.73232395,7.00126200,1.78783991,4.37839843,1.83476186,0.20000000,0.30000000,0.90000000,1.30000000,1.94562385,0.00480567,0.00004000,-0.00766940,-0.00090029,-0.00041389,0.00072371,0.00284488,-0.00094624,-0.00040402
2025-11-13,96.95298660,107.52018222,94.65003487,97.42841997,102.86639758,84.14632759,97.83235636,99.05419709,98.19461268,95.47256655,94.23400327,90.71794262,94.34347247,33.02203475,6.57574136,1.80211786,4.28771441,1.90957911,0.20000000,0.30000000,0.90000000,1.30000000,1.89653443,0.00253157,0.00004000,-0.00096003,0.00523396,0.00014917,-0.00350685,0.01421898,-0.00827717,0.00241656
2025-11-14,97.75204731,108.53113354,95.38332182,98.04566120,103.80385329,84.89288066,98.60422246,99.70488506,98.76358364,95.88376968,95.13466984,91.60479359,95.35184514,33.93734352,6.81803853,1.82424633,4.42426548,1.87307253,0.20000000,0.30000000,0.90000000,1.30000000,1.74167546,0.00816796,0.00004000,-0.00143537,0.00812248,0.00540922,-0.00032151,0.00808946,0.00235238,-0.00343679
2025-11-17,96.09880424,106.80767003,93.91270425,96.38112475,101.91673662,83.44262683,96.69227151,97.96633940,97.46204935,94.34953436,93.41431063,90.03655070,93.75097436,33.35054775,6.80954113,1.84959908,4.25639862,1.86613703,0.20000000,0.30000000,0.90000000,1.30000000,1.76297899,-0.01709727,0.00004000,-0.00038187,0.00135966,0.00266567,0.00153118,-0.00378733,-0.00422044,0.00369505
2025-11-18,97.48643595,108.16711535,95.20420519,97.53803076,103.28858415,84.69285603,98.13282465,99.37998202,98.83372688,95.71586472,94.87039754,91.28461393,95.43684737,33.66379683,6.28672610,1.82685676,4.27049417,1.94757105,0.20000000,0.30000000,0.90000000,1.30000000,1.78415156,0.01429638,0.00004000,0.00447120,0.00438724,-0.00659264,-0.00292034,-0.00731613,-0.00304649,0.00293289
2025-11-19,96.32082784,107.05619293,94.01730842,96.24744475,102.40943571,83.90304990,97.30673691,98.43716935,97.68190176,94.54245623,93.46027402,89.76712372,94.15736612,32.76647126,6.54355543,1.84422294,4.29575360,1.86336918,0.20000000,0.30000000,0.90000000,1.30000000,1.73229260,-0.01206867,0.00004000,-0.00070831,0.00255376,0.00240066,0.00012432,-0.00811339,0.00305422,-0.00130160
2025-11-20,96.53367344,107.38661365,94.14957101,96.29729890,102.82595940,84.38501167,97.43116510,98.80296801,97.75859486,94.60178097,93.92341899,90.16702213,94.35139072,32.37462979,6.67585733,1.81401951,4.42039542,1.84041066,0.20000000,0.30000000,0.90000000,1.30000000,1.83761273,0.00216732,0.00004000,0.00351267,0.00022147,-0.00414207,-0.00219967,-0.00151028,0.00087980,0.00002406
2025-11-21,92.77507013,103.45265423,90.51200630,92.28346715,98.93845733,81.11495342,93.42060408,94.85891565,93.78667233,91.23159826,90.31886319,86.60534918,90.63869361,33.95688601,6.82005110,1.77951048,4.47113331,1.89696171,0.20000000,0.30000000,0.90000000,1.30000000,1.69343533,-0.03975393,0.00004000,-0.00255055,0.00947950,-0.00238323,0.00508229,0.00440029,0.00237109,0.00096842
2025-11-24,90.80178149,101.30853869,88.55344635,90.01648903,96.61670718,79.47157623,91.52299844,92.89357042,92.04540422,89.18454413,88.44709660,84.59134729,88.46957361,34.15037563,6.80359999,1.77110536,4.32745459,1.89583083,0.20000000,0.30000000,0.90000000,1.30000000,1.74757528,-0.02153906,0.00004000,-0.00436060,0.00602543,0.00841958,0.00390780,-0.00006604,-0.00996388,-0.00132115
2025-11-25,93.50875150,104.21355307,90.94245184,92.66314321,99.24171178,82.27495816,93.94856704,95.69688538,94.48409614,91.62920969,91.06577767,86.94826290,91.18940855,33.38031077,6.60948813,1.76416986,4.26789854,1.94230472,0.20000000,0.30000000,0.90000000,1.30000000,1.79820815,0.02933613,0.00004000,0.00446064,0.00427364,0.00177802,0.00249308,0.00415203,0.00222624,0.00197792
2025-11-26,93.49629915,104.21691760,90.63777000,92.36585905,99.27407421,82.33560563,93.67526776,95.98684182,94.22760858,91.76840330,91.00000611,87.12969623,91.51632205,33.69724947,6.73107634,1.75258910,4.31277559,1.93381882,0.20000000,0.30000000,0.90000000,1.30000000,1.84219770,-0.00017318,0.00004000,0.00267982,-0.00275472,0.00293526,0.00050094,-0.00490091,-0.00141078,0.00340456
2025-11-27,93.35874169,104.02993754,90.54159149,92.05068577,99.05751185,82.44542813,93.90042092,95.36567939,94.02391274,91.47772706,91.01134220,86.65178885,91.28841840,33.20015300,6.71795225,1.78508034,4.27619163,1.98387434,0.20000000,0.30000000,0.90000000,1.30000000,1.81422369,-0.00151234,0.00004000,-0.00245396,0.00498669,0.00462978,0.00380877,0.00187499,0.00136602,-0.00257014
2025-11-28,95.49878635,106.58146188,92.58228780,94.23734269,101.29290184,84.39917320,95.96435181,97.97025376,96.10219189,93.57375003,93.20660748,88.75343780,93.74996613,32.32107100,6.79669028,1.88296611,4.29813199,1.86139680,0.20000000,0.30000000,0.90000000,1.30000000,1.79433111,0.02262403,0.00004000,-0.00029289,-0.00242535,0.00232855,-0.00228268,-0.00204291,0.00168261,0.00124827
2025-12-01,91.95078634,102.58047893,89.24179204,90.95784324,97.54496348,81.35570974,92.42873989,94.51230877,92.68540754,89.83263841,89.93845687,85.76398716,90.30410215,33.01669434,6.55846718,1.84435956,4.44204183,1.93712573,0.20000000,0.30000000,0.90000000,1.30000000,1.69586070,-0.03790004,0.00004000,0.00315745,-0.00180224,0.00257548,-0.00041558,0.00219046,0.00473070,0.00198183
2025-12-02,90.92463170,101.39026344,88.69378760,89.78906085,96.35196989,80.46489950,91.57290071,93.54145656,91.55339901,88.82328365,88.88457339,84.98900605,89.26186398,34.02128593,6.74417135,1.77449005,4.21683610,1.92363225,0.20000000,0.30000000,0.90000000,1.30000000,1.90014211,-0.01126256,0.00004000,0.00284904,-0.00392090,-0.00099159,-0.00093210,-0.00228261,-0.00456530,0.00471805
2025-12-03,90.95628628,101.32336953,88.83283257,89.80500231,96.52258699,80.41208256,91.46758120,93.42875600,91.58168514,89.05533842,88.80075512,85.09827480,89.31125592,30.18773800,6.43058628,1.81388198,4.48902572,1.87502701,0.20000000,0.30000000,0.90000000,1.30000000,1.88069550,0.00030808,0.00004000,-0.00554507,0.00143352,-0.00333688,0.00122726,0.00432711,-0.00468082,0.00035498
2025-12-04,91.68928747,102.43443197,89.52815841,90.17344947,97.58425002,81.31020898,92.01990632,94.27588843,92.70257131,89.64498128,89.47308412,85.84371205,89.70278946,32.96099582,6.58985099,1.82705042,4.33227982,1.93088801,0.20000000,0.30000000,0.90000000,1.30000000,1.76947603,0.00798653,0.00004000,0.00210458,-0.00184596,0.00659378,-0.00382743,-0.00194680,0.00279254,-0.00175505
2025-12-05,88.88741841,99.50710298,86.93753056,87.66368349,94.60023177,78.68263290,89.05397231,91.49628557,89.48881289,87.10024391,87.06650662,83.28996509,86.89272169,33.15516185,6.70917693,1.78526628,4.36058799,1.90999175,0.20000000,0.30000000,0.90000000,1.30000000,1.82476791,-0.03107494,0.00004000,0.00311161,0.00801576,-0.00148265,0.00189824,0.00185210,-0.00296136,-0.00123045
2025-12-08,87.78968367,98.77542524,85.76161934,86.79147316,93.44708156,77.68513463,87.86198930,90.64782885,88.45549559,85.89925112,86.00044747,82.18597926,85.79554965,31.87390969,6.53555969,1.78970082,4.24439575,1.94859531,0.20000000,0.30000000,0.90000000,1.30000000,1.80058472,-0.01246661,0.00004000,0.00587394,0.00037366,0.00034343,0.00177444,0.00291875,0.00285032,0.00311573
2025-12-09,89.58032925,100.82433353,87.36934466,88.64655097,95.53291532,79.13468036,89.41624023,92.43744844,90.15294259,87.75633236,87.80043862,84.06055005,87.19870760,35.00472510,6.70330197,1.75894734,4.40754513,1.90498506,0.20000000,0.30000000,0.90000000,1.30000000,1.71929469,0.02015176,0.00004000,0.00509290,0.01134210,0.00197103,0.00209053,-0.00293963,-0.00361576,-0.00052007
2025-12-10,85.86789565,96.89843888,83.52419076,84.93022519,91.71090209,75.97317300,85.37986731,88.65541854,86.33422524,84.01793712,84.35006250,80.57401019,83.41494329,33.12775512,6.36867658,1.74060157,4.31128987,1.85844842,0.20000000,0.30000000,0.90000000,1.30000000,1.86861815,-0.04236574,0.00004000,-0.00225212,0.00472027,-0.00488255,0.00094103,-0.00224936,-0.00153059,-0.00612184
2025-12-11,86.09976937,96.94183564,83.61810179,85.10441911,92.09999301,76.37044964,85.63795174,88.91131930,86.72695918,84.26015588,84.90326670,80.66870335,83.88500387,33.72209325,6.65959264,1.76409881,4.39248509,1.83012375,0.20000000,0.30000000,0.90000000,1.30000000,1.85193285,0.00265671,0.00004000,-0.00240486,0.00120851,-0.00184386,-0.00027173,-0.00618937,0.00519942,0.00141565
2025-12-12,85.63366749,96.30207467,83.14629593,84.77641360,91.46321349,76.03225511,85.22589792,88.34374282,86.23620824,83.80399134,84.27858150,80.20288627,83.40140217,32.61344435,6.69961656,1.79218849,4.54046647,1.90073836,0.20000000,0.30000000,0.90000000,1.30000000,1.71815272,-0.00546822,0.00004000,0.00109632,-0.00025425,0.00106847,0.00135818,0.00947695,0.00279238,0.00052697
2025-12-15,86.78570946,97.61367620,84.09334608,85.78668186,92.87918036,77.16322408,86.53962562,89.47975869,87.41066155,85.00083078,85.36964470,81.46631544,84.66266283,32.55489018,6.28887561,1.76337824,4.42484027,1.93367047,0.20000000,0.30000000,0.90000000,1.30000000,1.98235231,0.01332345,0.00004000,-0.00628244,-0.00131142,-0.00642551,-0.00151479,0.00188366,-0.00181448,-0.00202979
2025-12-16,84.34567631,95.05309404,81.52270389,83.15227914,90.25807289,75.35893194,84.13945656,87.32711946,84.80197348,82.98047243,83.06369233,79.27772987,82.43262700,34.61059943,6.60681824,1.81026683,4.20081454,1.86201757,0.20000000,0.30000000,0.90000000,1.30000000,1.75474475,-0.02855842,0.00004000,-0.00040102,-0.00584347,0.00137227,-0.00044009,0.00130478,-0.00840259,-0.00327978
2025-12-17,83.82130940,94.33384753,80.97749160,82.45550006,89.58781901,74.83284932,83.68241939,86.87846298,84.29980080,82.58370268,82.33820051,79.03094996,82.13218043,32.30776189,6.63897834,1.77621962,4.43985238,1.93682785,0.20000000,0.30000000,0.90000000,1.30000000,1.75721887,-0.00627628,0.00004000,0.00727344,0.00525048,-0.00032198,-0.00180549,-0.00229575,0.00520510,-0.00240025
2025-12-18,84.65475640,94.87407528,81.94310281,82.98657519,90.52361985,75.61124846,84.30409873,87.65463062,85.17410907,83.12192301,83.08927599,79.83552667,82.84297293,32.09306736,6.50322857,1.83702765,4.39492888,1.94564467,0.20000000,0.30000000,0.90000000,1.30000000,1.85346796,0.00985403,0.00004000,0.00114499,-0.00300764,0.00312730,-0.00289840,-0.00163967,0.00116535,0.00351217
2025-12-19,86.39879188,96.62011188,83.79070041,84.73348001,92.32122198,76.91205691,86.42988507,89.37186616,87.01083613,84.68951218,84.73920928,81.49368965,84.45492902,32.45358723,6.76536919,1.73290904,4.51260239,1.89434349,0.20000000,0.30000000,0.90000000,1.30000000,1.67336418,0.02035240,0.00004000,0.00135328,-0.00082060,-0.00382960,-0.00198430,-0.00018341,-0.00293004,0.00169979
2025-12-22,87.42947015,97.81885855,84.77356276,85.63064782,93.59899967,77.61608970,87.31647876,90.23933279,87.89011985,85.64531304,85.84975856,82.50578580,85.32540669,33.69077365,6.66171947,1.83354277,4.47654908,1.89665001,0.20000000,0.30000000,0.90000000,1.30000000,1.76733711,0.01181872,0.00004000,-0.00439444,-0.00614106,0.00139556,0.00123864,0.00027067,-0.00007619,0.00475583
2025-12-23,83.14434992,93.16860631,80.60224304,81.52585215,89.04530696,73.67510497,83.32244889,85.86213486,83.57598177,81.41756362,81.68741326,78.58867396,81.02548148,31.04942220,6.72148952,1.80920519,4.46434096,1.91599387,0.20000000,0.30000000,0.90000000,1.30000000,1.83683097,-0.05029416,0.00004000,0.00608196,0.00841037,0.00383242,0.00369434,-0.00611731,0.00451507,-0.00228537
2025-12-24,85.16283114,95.05592040,82.60856043,83.62108755,91.33462477,75.44128256,85.29250668,87.93610949,85.58284856,83.40635906,83.54660476,80.38120751,82.69256848,32.95689845,6.46720789,1.83888512,4.34829456,1.90740346,0.20000000,0.30000000,0.90000000,1.30000000,1.90429084,0.02394683,0.00004000,-0.00068228,0.00517697,-0.00392538,0.00048396,-0.00191397,-0.00321523,0.00379302
2025-12-25,82.58437221,92.11219150,80.17250416,81.25802092,88.58252154,73.22950297,82.69882249,85.08457360,82.96283322,80.97778774,81.03597488,77.75236775,80.28039976,34.32450065,6.75511768,1.78528956,4.44289535,1.87621435,0.20000000,0.30000000,0.90000000,1.30000000,1.89052836,-0.03078462,0.00004000,0.00154361,-0.00896293,0.01000919,0.00117583,-0.00298877,-0.00598037,-0.00165796
2025-12-26,81.56422052,91.05642326,79.25602340,80.42360298,87.27039645,72.39941624,81.65851996,83.89458109,82.00828655,79.75271909,79.80985454,76.72313449,79.48257864,32.57856297,6.63715802,1.79340453,4.32102951,1.92641970,0.20000000,0.30000000,0.90000000,1.30000000,1.86496244,-0.01246977,0.00004000,0.00221652,-0.00117224,0.00402061,0.00021391,-0.01067395,0.00366834,0.00053562
2025-12-29,81.42450682,90.71676998,79.07362287,80.28141174,87.25063764,72.40415683,81.47876381,83.69149287,81.90367027,79.61747225,79.56938699,76.70387241,79.40496950,32.14601924,6.68776772,1.87351261,4.33282551,1.90382792,0.20000000,0.30000000,0.90000000,1.30000000,1.59296162,-0.00175440,0.00004000,0.00579941,0.00602750,-0.00410248,0.00241161,0.00856641,0.00575242,-0.00237612
2025-12-30,75.73804347,84.49691926,73.47548953,74.53217310,81.16985289,67.34787190,75.94430837,77.96116842,75.91403292,73.97341401,73.80043655,71.34376833,73.74899389,31.22041525,6.48279265,1.84836477,4.45784817,1.95826281,0.20000000,0.30000000,0.90000000,1.30000000,1.85212092,-0.07243570,0.00004000,0.00309524,0.00698233,-0.00115867,-0.00375420,0.00544338,-0.00239689,-0.00559835
2025-12-31,78.67342612,87.99732460,76.25258104,77.45010159,84.49682027,69.95431356,78.77382274,80.87717825,78.99648248,76.82887305,76.45062951,73.94522030,76.54008688,30.73088933,6.66305215,1.83047897,4.42461752,1.91688608,0.20000000,0.30000000,0.90000000,1.30000000,1.87348300,0.03798485,0.00004000,0.00984635,-0.00028680,0.00317053,0.00501140,-0.00298610,0.00349899,0.00060125
2026-01-01,80.91289558,90.45753135,78.33343606,79.69693527,86.72897840,72.02839976,80.91893364,83.52842398,81.12222361,79.22898260,78.30738987,76.14833768,78.62938395,34.67042855,6.31734468,1.74468486,4.56260764,1.84915305,0.20000000,0.30000000,0.90000000,1.30000000,1.72387993,0.02802777,0.00004000,0.00385127,-0.01231946,0.01036396,-0.00285062,0.00793464,-0.00042270,-0.00075965
2026-01-02,80.57024821,89.86088937,77.92933528,79.43968471,86.20845843,71.79243311,80.63915882,83.25866767,80.75292147,78.69673083,78.22342147,75.62486488,78.23810529,32.22518401,6.50558044,1.76897392,4.48191598,1.83997867,0.20000000,0.30000000,0.90000000,1.30000000,1.69710440,-0.00428376,0.00004000,0.00888594,-0.00233912,0.00004150,-0.00205755,0.00532840,0.00540716,0.00299135
2026-01-05,84.14911363,93.74714243,81.44873478,82.88140499,90.06393986,75.02379540,84.29743481,86.84306770,84.27530874,82.32096740,81.70142785,78.84592969,81.77742307,31.49480676,6.38036901,1.76628803,4.42477011,1.93101837,0.20000000,0.30000000,0.90000000,1.30000000,1.93772099,0.04342093,0.00004000,-0.00288591,0.00342147,-0.00058573,0.00054921,-0.00424222,0.00787588,-0.00030696
2026-01-06,85.65596110,95.66252828,82.86086267,84.50050953,91.54657393,76.33508945,85.58497291,88.19450713,85.45142575,83.78141546,83.21240188,80.26079476,83.26810628,33.36874660,6.60283555,1.78130321,4.39141778,1.93527034,0.20000000,0.30000000,0.90000000,1.30000000,1.73011017,0.01770843,0.00004000,-0.00418091,0.01667713,-0.00181705,-0.00191313,-0.00259566,0.00165363,-0.00288231
2026-01-07,86.80791321,96.78876280,83.98781980,85.58445686,92.64114090,77.48500758,86.79668870,89.15278673,86.62494260,84.98298248,84.40341011,81.38130976,84.29962419,31.96892140,6.65583078,1.80000946,4.47768766,1.95965764,0.20000000,0.30000000,0.90000000,1.30000000,1.80456543,0.01331896,0.00004000,0.00897509,0.00641691,-0.00499640,-0.00188496,-0.00240673,0.00189130,0.00040811
2026-01-08,86.85980012,96.74175756,84.32672899,85.65914258,92.80847419,77.50368899,86.95945530,89.13222833,86.51270689,84.70020134,84.26562876,81.37590142,84.17757772,33.67429776,6.67275250,1.86061954,4.37019452,1.93385880,0.20000000,0.30000000,0.90000000,1.30000000,1.82526047,0.00055754,0.00004000,-0.00575900,-0.00047783,-0.00197921,-0.00349074,0.00249785,-0.00298893,0.00624274
2026-01-09,89.08167417,98.74301966,86.68261298,87.61742812,95.23366204,79.27692670,88.78214013,91.54096624,88.71521749,87.31478557,86.22275208,83.48154288,86.41506348,32.96444843,6.48404292,1.79724987,4.31708975,1.87965334,0.20000000,0.30000000,0.90000000,1.30000000,1.73663238,0.02521831,0.00004000,-0.01126370,-0.00014596,-0.00957842,-0.00543910,0.00195066,-0.00210459,-0.00005335
2026-01-12,87.65264108,97.00165481,84.92749818,86.38949212,94.06304404,77.97069236,87.52694542,90.29079752,87.51332125,86.08186018,84.88911591,82.06413343,85.11219631,30.90360607,6.59263267,1.82945763,4.47007022,1.82513207,0.20000000,0.30000000,0.90000000,1.30000000,1.87228271,-0.01621189,0.00004000,-0.00654473,-0.01211086,-0.00066961,-0.00091489,0.00532088,0.00185912,-0.00080159
2026-01-13,86.64384160,95.81862438,84.04022220,85.38677057,92.91452669,76.82965523,86.50700988,89.20726273,86.58184590,84.75784915,83.86699301,80.92791181,84.18542468,31.21784163,6.34984940,1.81831808,4.32895448,1.87092349,0.20000000,0.30000000,0.90000000,1.30000000,1.78738107,-0.01161580,0.00004000,-0.00118222,-0.00277043,0.00320157,0.00278993,-0.00000115,-0.00651037,-0.00206266
2026-01-14,83.14704689,92.24713423,80.76664170,82.13152028,89.40915792,73.32463502,83.35218634,85.66349838,83.19435577,81.16321946,80.57930093,77.73959367,80.74639331,33.23296033,6.66034357,1.83620859,4.04641477,1.88749985,0.20000000,0.30000000,0.90000000,1.30000000,1.81747032,-0.04123525,0.00004000,-0.01216534,0.00169220,-0.00526627,-0.00100585,-0.00626727,-0.00079219,0.00117137
2026-01-15,81.41717980,90.17945760,79.08410560,80.51840060,87.31859475,71.83223828,81.39740102,83.90403422,81.57280841,79.42742293,78.87868589,75.99445597,78.89922819,33.49346746,6.34237132,1.78293660,4.31234304,1.84837603,0.20000000,0.30000000,0.90000000,1.30000000,1.73781999,-0.02106438,0.00004000,0.00387340,0.00454291,-0.00361689,0.00035772,0.00010031,0.00299373,0.00077430
2026-01-16,80.31961497,89.13014242,78.04190002,79.35868927,86.09312081,70.54193160,80.06463607,82.95783647,80.35937000,78.72424075,78.01688898,74.90088907,77.88463308,33.18031086,6.67625604,1.87378098,4.25619241,1.90472765,0.20000000,0.30000000,0.90000000,1.30000000,1.73773891,-0.01361244,0.00004000,-0.00220691,0.00236839,0.00360947,-0.00338798,-0.00598064,-0.00300318,-0.00481466
2026-01-19,78.43009955,86.97749031,76.44076595,77.67317419,84.08203871,68.93344903,78.04596545,81.31556369,78.36097934,76.60865733,76.23764623,73.17556892,75.96355607,34.03784579,6.66508932,1.80347279,4.36681409,1.92233446,0.20000000,0.30000000,0.90000000,1.30000000,1.74015887,-0.02384609,0.00004000,-0.00038616,0.00258452,-0.00755837,0.00000159,0.00209905,-0.00063577,0.00174562
2026-01-20,78.06038998,86.43173934,76.15121460,77.31224552,83.92659421,68.71398219,77.70601530,80.97181777,77.96865813,76.14262835,75.80084022,72.91897048,75.58969573,34.05844908,6.53156816,1.84790927,4.25985984,1.89175750,0.20000000,0.30000000,0.90000000,1.30000000,1.76548755,-0.00476502,0.00004000,-0.00149922,0.00691324,-0.00271413,-0.00361709,-0.01120993,0.00555780,0.00159799
2026-01-21,76.34160471,84.78558274,74.80884172,75.47946742,82.12571077,66.97801405,75.73699970,79.56480033,76.51523311,74.61648102,74.19942711,71.11736508,73.74573112,34.20823741,6.77180953,1.71089407,4.31687263,1.90941867,0.20000000,0.30000000,0.90000000,1.30000000,1.81250421,-0.02230469,0.00004000,0.00231921,0.00036424,0.00238768,0.00089106,-0.00093795,0.00440035,0.00499131
2026-01-22,73.96129174,82.13019109,72.40300143,72.97225136,79.54683268,64.91506355,73.35892348,76.82322956,74.12075394,72.18003093,72.08352168,68.84769082,71.53414068,32.22277974,6.65055865,1.81689576,4.22419156,1.89541151,0.20000000,0.30000000,0.90000000,1.30000000,1.85903672,-0.03171620,0.00004000,0.00049901,-0.00283524,-0.00803065,0.00309804,-0.00501828,0.00403336,0.00149942
2026-01-23,74.17961191,82.31252840,72.42452828,73.01046936,79.78444908,65.21229209,73.46564600,77.26792202,74.53095970,72.39425858,72.27693993,69.17939651,71.70564806,31.69198728,6.62453821,1.76452295,4.30712089,1.83464259,0.20000000,0.30000000,0.90000000,1.30000000,1.78436700,0.00290747,0.00004000,0.00049272,0.00781124,0.00293833,0.00091176,-0.00129543,0.00640689,0.00108719
2026-01-26,73.90361909,81.73361128,72.15387870,72.57851472,79.71556742,64.82134605,73.24446314,76.81108126,74.19321768,71.84846594,71.91909240,68.77903254,71.57384571,32.30357871,6.57656861,1.82169953,4.37768900,1.83889932,0.20000000,0.30000000,0.90000000,1.30000000,1.93168564,-0.00376754,0.00004000,-0.00535130,0.00348373,-0.00003351,-0.00137110,-0.00668975,0.00181421,0.00727655
2026-01-27,75.03325039,83.08174929,73.46178528,73.51824898,80.69564813,65.86325702,74.41555575,78.18791630,75.27565270,72.98881281,73.06500170,69.69244304,72.48424269,31.80550603,6.50368179,1.88530615,4.53904845,1.96550245,0.20000000,0.30000000,0.90000000,1.30000000,1.93058533,0.01512955,0.00004000,-0.00488928,0.00650509,0.00342605,0.00063001,-0.00371936,0.00175101,0.00661208
2026-01-28,74.25185975,82.27702653,72.51639979,72.69123236,80.06887110,65.08999170,73.28108444,77.72203435,74.76105303,72.26224088,72.38353527,69.08333472,71.89497338,33.80579598,6.72572018,1.78607095,4.40528478,1.91028641,0.20000000,0.30000000,0.90000000,1.30000000,1.79633562,-0.01050853,0.00004000,0.00218995,-0.00084425,0.00370439,0.00073474,-0.01108786,-0.00374465,0.00319359
2026-01-29,74.13552879,82.25719736,72.30826992,72.56981189,80.03765270,65.01132714,73.27157775,77.55477205,74.67018118,72.19154929,72.15623972,69.26947078,71.65352276,33.99899094,6.54229627,1.78164563,4.50306075,1.90053423,0.20000000,0.30000000,0.90000000,1.30000000,1.78564332,-0.00160794,0.00004000,-0.00835627,0.00273391,0.00320921,0.00260510,-0.00330509,0.00415754,0.00280023
2026-01-30,76.92111409,85.44774771,75.09029060,75.35932471,83.00153076,67.62182773,76.22690567,80.49153332,77.29199137,74.96560902,74.94795339,72.17259961,74.63073294,33.68835959,6.36785267,1.78660211,4.39517501,1.92670987,0.20000000,0.30000000,0.90000000,1.30000000,1.54522502,0.03684552,0.00004000,-0.00889708,-0.00482601,-0.00393611,-0.00324975,0.00745731,0.00056873,0.00138039
2026-02-02,76.76678390,85.21135720,74.83665595,75.19728820,82.64151591,67.43393107,76.23349205,80.35866994,77.13186785,74.90104227,74.59562002,71.94930243,74.29961212,31.94324834,6.69220849,1.74336761,4.55974123,1.90460210,0.20000000,0.30000000,0.90000000,1.30000000,1.80191830,-0.00204836,0.00004000,-0.00032908,-0.00451862,-0.00866269,0.00151492,-0.00613485,0.00342503,-0.00140163
2026-02-03,79.20760663,88.21633325,77.49775538,77.89659037,85.12563269,69.81574543,78.86114505,82.90988522,79.46946288,77.25548007,76.94193797,74.12432170,76.78218521,34.04021752,6.67157944,1.77779619,4.29037175,1.88396348,0.20000000,0.30000000,0.90000000,1.30000000,1.75764913,0.03126029,0.00004000,-0.00417550,0.00597826,-0.00562240,0.00086505,-0.00591055,0.00097426,0.00213754
2026-02-04,78.67618303,87.76533120,76.96724368,77.39950991,84.59598674,69.21391360,78.45988237,82.13085890,79.23674214,77.11659538,76.23241962,73.61231781,76.27074656,32.58606265,6.58572324,1.75759593,4.62685424,1.98609924,0.20000000,0.30000000,0.90000000,1.30000000,1.70356913,-0.00677186,0.00004000,-0.00840550,-0.01081599,0.00028277,0.00200138,-0.00078627,0.00462832,-0.00466584
2026-02-05,81.45306657,90.80298270,79.60725386,80.13450838,87.60613294,71.66922786,80.82314379,84.68539849,81.95021714,79.90618389,79.29519564,76.27824287,79.16254925,32.47322882,6.25660674,1.75692331,4.53889935,1.94530916,0.20000000,0.30000000,0.90000000,1.30000000,1.66199448,0.03464650,0.00004000,-0.00498544,-0.00607514,0.00121097,-0.00023202,0.00294041,-0.00556971,0.00300045
2026-02-06,80.98848309,90.21809854,78.97552382,79.53893883,87.14686241,71.23837111,80.44324929,83.92708623,81.43134948,79.76268435,78.48048750,75.58106052,78.38391164,33.44942912,6.62644267,1.78330374,4.35458222,1.94909119,0.20000000,0.30000000,0.90000000,1.30000000,1.74572502,-0.00576002,0.00004000,0.01544101,0.00423903,-0.00516744,0.00106476,0.00310420,-0.00538570,-0.00285051
2026-02-09,78.75075758,87.53619705,77.08601652,77.16665226,84.72758530,69.16024328,78.04633324,81.32198891,79.45265720,77.30967419,76.40965083,73.31904302,75.93691581,33.22212406,6.58529142,1.80125448,4.46042177,1.96679691,0.20000000,0.30000000,0.90000000,1.30000000,1.81929589,-0.02805906,0.00004000,-0.00692519,-0.00531311,-0.00318004,0.00026466,-0.00216779,0.01096899,0.00336813
2026-02-10,76.37346923,84.92665608,74.93966013,74.75188702,81.94658357,67.11963921,75.46697823,78.96747657,77.01828032,74.67465725,74.33866767,71.23231540,73.72654895,33.61970945,6.88611022,1.78108679,4.28796525,1.89169308,0.20000000,0.30000000,0.90000000,1.30000000,1.81324927,-0.03069252,0.00004000,0.00402306,-0.00262234,0.00964764,-0.00086333,-0.00053330,0.00535659,-0.00074437
2026-02-11,76.83104502,85.30063733,75.34443893,75.07854968,82.18860779,67.46406913,75.88368569,79.46862353,77.35652829,75.28938065,74.85773496,71.65262332,74.23097212,32.83742065,6.69612931,1.81272315,4.24680902,1.86234804,0.20000000,0.30000000,0.90000000,1.30000000,1.89255586,0.00593342,0.00004000,-0.00933099,-0.00043016,0.00115923,-0.00263596,0.00140160,0.00125272,-0.00127620
2026-02-12,80.16581531,88.70188238,78.69785026,78.30862579,85.36059256,70.44804682,79.07534373,82.72163598,80.81693987,78.59761688,78.09453185,74.84100824,77.29935429,34.44753818,6.41374193,1.79422645,4.38843830,1.84820486,0.20000000,0.30000000,0.90000000,1.30000000,1.78901928,0.04244839,0.00004000,0.00117521,0.00271631,-0.00141101,0.00049141,0.00465181,0.00847866,0.00219928
2026-02-13,83.02692700,91.70227576,81.57344843,81.07349544,88.46465318,72.94525397,81.97958265,85.88692432,83.33960498,81.75304044,80.82289726,77.51144800,80.10735327,31.69950304,6.68365887,1.78283579,4.27946002,1.94049590,0.20000000,0.30000000,0.90000000,1.30000000,1.71382701,0.03502780,0.00004000,-0.00127228,0.00896810,0.00077769,-0.00217351,-0.00346585,-0.00686824,-0.00360290
2026-02-16,82.51720890,90.97300559,81.09383173,80.66353210,87.80788490,72.51554925,81.40521180,84.95173767,82.88090092,81.16578038,80.32959323,77.01927447,79.53052239,31.71539572,6.49062556,1.83063877,4.27365540,1.84394616,0.20000000,0.30000000,0.90000000,1.30000000,1.90454827,-0.00619811,0.00004000,-0.00674744,-0.00060513,0.00767502,0.00220007,0.00457293,-0.00141356,-0.00253794
2026-02-17,80.58048543,89.01433380,79.22951151,79.07959688,85.39172240,70.85300306,79.69136880,82.89189758,80.85191705,79.14008092,78.21877128,75.12529173,77.63203213,32.19788271,6.58243767,1.76528819,4.51730452,1.86584745,0.20000000,0.30000000,0.90000000,1.30000000,1.91681638,-0.02379036,0.00004000,-0.00039754,-0.00729933,-0.00730366,-0.00246221,0.00135679,-0.00132666,0.00365748
2026-02-18,80.42118749,88.80665567,79.22934834,78.61920276,85.35663858,70.93671199,79.78484548,82.90976796,80.83107014,79.17440649,78.01659792,74.92051197,77.46414480,34.34243540,6.16530726,1.77867703,4.40833302,1.88954652,0.20000000,0.30000000,0.90000000,1.30000000,1.75215508,-0.00201884,0.00004000,0.00455637,-0.00125481,-0.00366561,0.00102596,0.00173334,0.00022345,0.00544829
2026-02-19,83.33133313,92.07001270,81.91048280,81.53042299,88.27590348,73.69287926,82.77461709,85.84159561,83.89088229,82.03140684,80.48805174,77.59979149,80.42542778,33.28808701,6.26889615,1.85047436,4.48448343,1.95872631,0.20000000,0.30000000,0.90000000,1.30000000,1.86059030,0.03550696,0.00004000,0.01839486,0.01189316,0.00187918,0.00030133,-0.00807005,0.00411490,0.00041413
2026-02-20,83.66032965,92.60462782,81.95434889,82.00063683,88.71891072,74.02848581,83.26570258,86.13341712,84.04866054,82.26993706,80.77483064,78.09296599,80.74653857,33.97963573,6.78252677,1.83022316,4.58781467,1.98182595,0.20000000,0.30000000,0.90000000,1.30000000,1.82677343,0.00390028,0.00004000,0.01037679,-0.00135144,-0.00045889,0.00028254,-0.00268955,-0.00115741,0.00220394
2026-02-23,82.28279400,91.00191936,80.50420952,80.65093111,87.37475875,73.02863797,82.24709282,84.89492476,82.24347699,80.83163108,79.23594507,76.76838487,79.26926714,33.44189062,6.40078100,1.79047132,4.35012220,1.85895935,0.20000000,0.30000000,0.90000000,1.30000000,1.66123169,-0.01664288,0.00004000,0.00436332,0.00839164,-0.00772703,-0.00420443,0.00063557,-0.00198484,-0.00023475
2026-02-24,80.41571558,88.91977829,78.70395526,78.75256159,85.33044588,71.22088286,80.15854876,82.90314200,80.48427549,79.11867531,77.42646576,75.11274056,77.54394171,33.21185333,6.80425226,1.79738828,4.16846123,1.89778881,0.20000000,0.30000000,0.90000000,1.30000000,1.80062816,-0.02299240,0.00004000,-0.00181493,-0.00133454,-0.00506784,0.00336166,-0.00706407,0.00486284,-0.00285363
2026-02-25,82.50959656,90.92793237,80.68328145,80.69099644,87.42337598,73.14842833,82.08353046,85.00223183,82.34076671,81.14207788,79.33726587,76.96844465,79.42846131,33.26165505,6.42947707,1.80737265,4.40703534,1.90099684,0.20000000,0.30000000,0.90000000,1.30000000,1.86472202,0.02566498,0.00004000,0.01511222,0.01153356,0.00524528,-0.00107768,-0.00129952,0.00232880,-0.00638679
2026-02-26,84.18599545,92.43841158,82.08023190,82.62588847,89.48077936,74.79464889,83.69427970,86.32289736,84.03636774,82.90687806,80.90396700,78.70377051,81.20080942,32.87631536,6.46824697,1.86034933,4.44974327,1.91655553,0.20000000,0.30000000,0.90000000,1.30000000,1.83009835,0.02007397,0.00004000,0.00223259,-0.00169515,0.00028568,-0.00211832,-0.00560486,0.00037381,0.00073509
2026-02-27,82.09463740,90.40323876,79.87541190,80.44093280,87.35995687,72.89818842,81.51856957,84.09180049,81.91147248,80.99907841,79.19362586,76.77058920,79.18984924,31.59440291,6.75570226,1.84414698,4.28409853,1.89119777,0.20000000,0.30000000,0.90000000,1.30000000,1.78513609,-0.02519589,0.00004000,0.00508976,-0.00618373,-0.00284946,-0.00055186,-0.00173191,0.00190227,0.00076787
2026-03-02,82.98365667,91.60673675,80.78921447,81.02419117,88.19815775,73.75757360,82.55155343,84.93080858,82.58368200,81.56414746,80.02236637,77.33903232,79.80341243,32.83441632,6.46833364,1.80795018,4.49146229,1.85769145,0.20000000,0.30000000,0.90000000,1.30000000,1.93233059,0.01073098,0.00004000,-0.00720102,-0.00083127,0.00213379,0.00219680,-0.00270700,0.00148801,-0.00038491
2026-03-03,81.40988509,89.71007471,79.16226688,79.64348107,86.43392040,72.26863828,81.00499669,83.39895431,81.29716511,80.18192247,78.55770422,76.07928864,78.24697144,32.27263990,6.65515995,1.80494964,4.49022944,1.83555356,0.20000000,0.30000000,0.90000000,1.30000000,1.66231564,-0.01918698,0.00004000,0.00719308,-0.00339451,-0.00125823,-0.00044389,-0.00486503,0.00138372,-0.00232494
2026-03-04,79.50540909,87.35504232,77.49090839,77.78401366,84.58860000,70.64566994,78.99922951,81.35538947,79.54337943,78.11728741,76.88762583,74.31128287,76.42300038,31.98021460,6.73161199,1.78546929,4.26653512,1.89642995,0.20000000,0.30000000,0.90000000,1.30000000,1.86065406,-0.02371165,0.00004000,0.00965308,-0.00263564,-0.00340764,0.00570392,-0.01037907,0.00291311,0.00147785
2026-03-05,78.73030496,86.33308969,76.81915483,76.81154428,83.86144765,70.12100600,78.28245296,80.95421551,78.87492957,77.29404464,75.98748518,73.48233411,75.77178448,31.68958445,6.68728505,1.78095184,4.53737211,1.87796497,0.20000000,0.30000000,0.90000000,1.30000000,1.87166724,-0.00983691,0.00004000,0.00467813,-0.00538919,0.00169295,0.00354777,0.00395973,-0.00480488,0.00134752
2026-03-06,80.36877493,87.94901633,78.59154509,78.59943725,85.46198490,71.65945931,79.78929042,82.71006745,80.56881573,79.28678900,77.58529676,75.07797183,77.43558316,33.32626500,6.57354323,1.75081423,4.35789924,1.82190436,0.20000000,0.30000000,0.90000000,1.30000000,1.75345109,0.02055758,0.00004000,0.00251734,0.00553992,-0.00492912,-0.00115812,0.00047684,-0.00493068,0.00246401
2026-03-09,77.58448189,84.93271855,75.91268739,75.80005649,82.53712732,69.37224785,76.88461115,79.95298472,77.85642567,76.27318235,75.17830783,72.44517813,74.58775984,33.23983629,6.66694464,1.81097894,4.43508648,1.91222667,0.20000000,0.30000000,0.90000000,1.30000000,1.98379699,-0.03529830,0.00004000,0.00471746,0.00120970,0.00252216,-0.00167656,-0.00752841,0.00455398,-0.00247437
2026-03-10,77.18121607,84.70142300,75.53287368,75.31275840,82.17334198,69.00087765,76.62872467,79.53255104,77.35510137,75.80183382,75.00367106,72.22021729,74.30330573,33.59918580,6.63835252,1.76778556,4.38811910,1.93786971,0.20000000,0.30000000,0.90000000,1.30000000,1.74795724,-0.00525132,0.00004000,-0.00643929,0.00204448,-0.00154317,0.00938137,-0.00972745,0.00737318,-0.00298110
2026-03-11,78.05345640,85.65075736,76.31336303,76.27505648,83.06303383,69.62225896,77.27175936,80.31245744,78.07493754,76.68282200,75.96733637,73.03348282,75.16434788,32.82729078,6.61745692,1.73156346,4.42329448,1.86042721,0.20000000,0.30000000,0.90000000,1.30000000,1.76394842,0.01119782,0.00004000,-0.00355127,-0.00253093,0.00037053,-0.00104926,0.00102771,-0.00080197,-0.00127607
2026-03-12,77.72503957,85.33143392,75.98125249,76.10035001,82.61233092,68.98586970,76.87573030,79.90202245,77.88436989,76.27744887,75.59017176,72.43019304,75.04146117,34.72593102,6.49014977,1.77509021,4.56257592,1.94205162,0.20000000,0.30000000,0.90000000,1.30000000,1.72385238,-0.00425647,0.00004000,0.00356368,-0.00597222,0.00174186,-0.00147070,0.00912973,0.00290102,0.00044559
2026-03-13,81.84947468,90.12029533,80.09704748,80.22148720,86.82580435,72.97404099,81.17148613,83.91872584,82.35392556,80.44897972,79.28003650,76.31479625,78.97163512,34.47737601,6.48447761,1.80044047,4.43459655,1.86599371,0.20000000,0.30000000,0.90000000,1.30000000,1.68863082,0.05166442,0.00004000,0.00001467,-0.00064808,0.00108741,-0.00179288,0.01033683,-0.00287033,-0.00133296
2026-03-16,81.36265015,89.69909795,79.64813460,79.83435895,86.24752309,72.77791424,80.90027939,83.70870185,81.63283683,79.94990269,79.01130182,75.64276571,78.25304123,33.53287706,6.53862408,1.83579666,4.27462462,1.96213396,0.20000000,0.30000000,0.90000000,1.30000000,1.60643117,-0.00600556,0.00004000,-0.00092771,-0.00662165,-0.00031857,-0.00438324,0.01870430,-0.00331318,0.00276063
2026-03-17,79.21056349,87.42948914,77.69775551,77.80774142,83.56487230,70.81350985,78.75867661,81.48093118,79.63281742,77.99424781,77.09304694,73.61162962,76.11625644,33.86526631,6.77427562,1.83027131,4.36565182,1.87904117,0.20000000,0.30000000,0.90000000,1.30000000,1.81588806,-0.02684666,0.00004000,0.00658589,0.00215967,-0.00435744,0.00304619,0.00410444,-0.00852291,0.00097999
2026-03-18,80.75967528,89.06811518,79.04458534,79.30983109,85.37924113,72.26170215,80.34280957,82.96634686,81.26370376,79.42611144,78.82036345,74.93639435,77.44684435,33.16060005,6.43526670,1.80450319,4.25830493,1.85840671,0.20000000,0.30000000,0.90000000,1.30000000,1.89278239,0.01932811,0.00004000,0.00206559,-0.00291524,0.00209843,0.00063648,0.00917869,-0.00593578,-0.00008978
2026-03-19,80.66699070,88.51264015,79.03055749,79.17834906,85.44730647,72.43652315,80.16219720,82.83405555,81.22544096,79.44992789,78.72309116,74.99223781,77.21238900,33.33283698,6.25733977,1.79513222,4.19826520,2.06241428,0.20000000,0.30000000,0.90000000,1.30000000,1.88695570,-0.00118832,0.00004000,0.00044327,-0.01264185,-0.00438404,0.00163282,0.00842453,-0.00080841,-0.00318865
2026-03-20,84.21723935,92.29087957,82.61331759,82.56548617,89.15126685,75.73105657,83.57981236,86.10302124,84.76794218,83.25422733,82.03763815,78.04283366,80.77017729,32.16101778,6.53301948,1.77905859,4.29708870,1.99234067,0.20000000,0.30000000,0.90000000,1.30000000,1.87630886,0.04303019,0.00004000,0.00193360,0.00298577,0.00616778,0.00234582,0.00082397,-0.00276245,0.00214819
2026-03-23,85.47037408,93.77022579,83.97546246,83.76515748,90.30007959,77.12960857,84.98254257,87.22287730,85.98629721,84.39186303,83.37314625,79.14180856,81.80945301,33.49335205,6.44075100,1.77961705,4.32315347,1.91399255,0.20000000,0.30000000,0.90000000,1.30000000,1.70951909,0.01473017,0.00004000,-0.00016448,-0.00825231,0.00011904,-0.00013902,0.00296739,0.00740464,-0.00041626
2026-03-24,83.57419661,91.48214523,82.33797897,82.19501511,88.42403771,75.42775346,83.11760401,85.52473519,84.15001121,82.62020258,82.01802084,77.42725382,80.17693359,33.44831511,6.69153679,1.76849940,4.37213775,1.86434403,0.20000000,0.30000000,0.90000000,1.30000000,1.90866610,-0.02247499,0.00004000,0.00056675,-0.00068530,0.00045747,0.00221295,-0.00871147,-0.00518282,-0.00463872
2026-03-25,85.22748571,93.40723437,84.00769139,83.70566341,90.31869578,76.72569481,84.73854399,87.13046478,85.49656973,84.16787003,83.69905182,79.08829607,81.70772058,32.15547736,6.73434563,1.77863813,4.45206719,1.87044713,0.20000000,0.30000000,0.90000000,1.30000000,1.88426409,0.01954916,0.00004000,0.00519677,-0.00336709,0.00402612,0.00039203,0.00097624,0.00007486,0.00488073
2026-03-26,85.69823451,94.09378408,84.18047069,84.02560942,90.99022400,77.13620290,85.00650689,87.60828654,86.00773215,84.17208943,84.39571496,79.48346703,82.01253114,32.17090603,6.39183285,1.74118299,4.48522654,1.84119955,0.20000000,0.30000000,0.90000000,1.30000000,1.67159122,0.00546824,0.00004000,-0.00165768,-0.00746331,0.00429055,-0.00323536,0.00284871,0.00343685,0.00076867
2026-03-27,85.23492306,93.53953479,83.73977871,83.54727303,90.07216646,77.15640895,84.49041107,87.17553647,85.23151240,83.47480881,83.56522792,79.28788018,81.89205374,34.46205673,6.68642237,1.77918288,4.50703979,2.00610048,0.20000000,0.30000000,0.90000000,1.30000000,1.74099049,-0.00546098,0.00004000,-0.00020285,-0.00790441,-0.00176439,0.00095806,0.00451309,-0.00386427,-0.00288682
2026-03-30,83.89556840,91.94118511,82.63646492,82.01467241,88.45667974,76.19564958,83.24101549,85.58494541,83.83640467,82.36694314,82.12495701,77.97437430,80.71195510,32.49404298,6.66623813,1.72768215,4.44459293,1.83526639,0.20000000,0.30000000,0.90000000,1.30000000,1.81252968,-0.01587845,0.00004000,0.00107187,-0.00592854,-0.00036935,-0.00091769,-0.01026392,-0.00054208,0.00408904
2026-03-31,83.87830624,91.85145167,82.55247646,81.77325835,88.54887711,76.32891347,83.25191217,85.38869480,83.72880408,82.14940312,82.24355788,77.70314656,80.45730794,32.86463043,6.28418480,1.74582548,4.55639988,1.96996758,0.20000000,0.30000000,0.90000000,1.30000000,1.95084641,-0.00024578,0.00004000,-0.00125751,0.00194551,0.00053260,-0.00214140,-0.00036045,0.00640796,-0.00007850
2026-04-01,80.77639673,88.52722069,79.52573921,78.84775341,85.09815585,73.45341537,80.12759925,82.40102042,80.59124787,79.29724832,79.00845886,74.91224872,77.56393038,34.65411832,6.64812564,1.80177753,4.39656798,1.89062288,0.20000000,0.30000000,0.90000000,1.30000000,1.85100215,-0.03772221,0.00004000,-0.00227603,0.00347203,0.00373246,0.00120557,0.00261356,0.00570413,-0.00107043
2026-04-02,75.54248726,82.77025541,74.08715944,73.81969142,79.61255817,68.45657286,75.13101585,77.11374147,75.21675084,74.30618647,73.87062074,70.02570060,72.45252626,32.67431281,6.68742218,1.86446186,4.55383768,1.92278007,0.20000000,0.30000000,0.90000000,1.30000000,1.83979010,-0.06702956,0.00004000,0.00373047,0.01104190,-0.00349677,0.00531409,0.00174654,0.00236420,0.00481686
2026-04-03,74.64653458,81.74677502,73.28784631,72.79478952,78.56078564,67.48363653,74.05225789,76.27893289,74.26482216,73.38024465,72.86932615,68.81597948,71.24188467,32.46790709,6.67683567,1.80229144,4.45791561,1.86133117,0.20000000,0.30000000,0.90000000,1.30000000,1.75246659,-0.01197114,0.00004000,-0.01187586,-0.00249849,-0.00777734,0.00303813,0.00012613,-0.00165310,-0.00024427
2026-04-06,73.37839947,80.43902567,72.14958352,71.49745729,77.37108281,66.19023180,72.81237538,75.02387151,73.07419100,72.03986909,71.70972321,67.81830924,69.90915903,32.70205212,6.63949100,1.77647472,4.38653356,1.94262859,0.20000000,0.30000000,0.90000000,1.30000000,1.69204120,-0.01717449,0.00004000,-0.00907814,0.00199680,0.00423255,-0.00491284,-0.00251097,-0.00621231,-0.00091307
2026-04-07,70.31212239,77.13205347,69.02087207,68.41102946,73.96581805,63.46022318,69.63262091,71.87616319,69.78317731,68.93776580,68.65596522,64.82715161,67.15052905,34.06010059,6.67665718,1.82309725,4.26456955,1.85665367,0.20000000,0.30000000,0.90000000,1.30000000,1.75228786,-0.04272539,0.00004000,-0.00825287,-0.00174247,0.00230785,-0.00237641,0.00302228,-0.00195351,-0.00307254
2026-04-08,69.59380998,76.51214824,68.21126300,67.51830666,73.16780072,62.81548443,68.92201531,71.09358047,69.05998299,68.30626616,67.86926713,64.17956752,66.32747940,32.43246890,6.49184302,1.80580919,4.46779749,1.83500838,0.20000000,0.30000000,0.90000000,1.30000000,1.72113613,-0.01030860,0.00004000,-0.00151405,0.00535803,-0.00217206,0.00039201,0.00977986,0.00449347,-0.00140670
2026-04-09,73.04933528,80.54313688,71.55869287,70.74666759,76.91189659,65.79982840,72.22302373,74.66241260,72.57328645,71.65903586,71.16023666,66.99657768,69.86520392,34.95377259,6.93393780,1.76495159,4.35950057,1.91823014,0.20000000,0.30000000,0.90000000,1.30000000,1.72576718,0.04841941,0.00004000,0.00466123,-0.00783986,-0.00135072,0.00046597,-0.00936074,0.00014564,-0.00307113
2026-04-10,70.28710743,77.39082673,68.80301628,68.20132328,73.85956702,63.15679202,69.36257941,71.53635765,70.04114535,69.01743137,68.23175633,64.49844185,67.30396959,34.45282375,6.41883363,1.81081129,4.57115618,1.92132735,0.20000000,0.30000000,0.90000000,1.30000000,1.77331734,-0.03858665,0.00004000,0.00229894,0.00055003,0.00149602,-0.00108794,0.00943038,-0.00527496,-0.00125750
2026-04-13,73.05758811,80.53797093,71.51009967,70.84772020,76.79085125,65.70368022,71.97536851,74.38293778,73.11794881,71.84811398,70.95990609,67.22711113,69.91089775,33.64772367,6.50827134,1.82655642,4.30134254,1.87675959,0.20000000,0.30000000,0.90000000,1.30000000,1.81439237,0.03861962,0.00004000,-0.00892899,0.00836801,-0.00972101,0.00103894,0.00255207,-0.00043691,-0.00038352
2026-04-14,71.86096597,79.13582801,70.12744855,69.40047172,75.36621555,64.71160367,70.45067169,72.98420405,72.06223344,70.61021947,69.82777657,66.15349210,68.82338272,34.18921036,6.52000485,1.76213466,4.59552588,1.99421765,0.20000000,0.30000000,0.90000000,1.30000000,2.00634314,-0.01655478,0.00004000,0.00730986,0.00143340,0.00840344,0.00251822,-0.00056152,0.00109376,0.00290583
2026-04-15,73.22941538,80.61374967,71.11746791,70.63151940,76.80335553,65.93561814,71.61760292,74.15824314,73.63057158,71.83670808,71.09095207,67.32997655,70.38896268,31.82734491,6.77902016,1.79271327,4.57929086,1.84979255,0.20000000,0.30000000,0.90000000,1.30000000,1.82792401,0.01882397,0.00004000,0.00144822,-0.00122577,0.00146335,0.00416797,-0.00009859,0.00406982,-0.00277262
2026-04-16,72.32670317,79.50716804,70.10987095,69.70228857,76.19651507,64.95909228,70.61269189,73.26876173,72.77989242,70.83854236,70.00789775,66.47049215,69.55149077,33.39067831,6.39797924,1.76348871,4.45708134,1.94182023,0.20000000,0.30000000,0.90000000,1.30000000,1.91806935,-0.01244379,0.00004000,-0.00234981,-0.00258977,-0.00578442,0.00325772,0.00864593,0.00000003,0.00003512
2026-04-17,72.73331455,79.97844607,70.54624916,70.11137962,76.75240094,65.42633061,70.87172994,73.29589665,73.18065210,71.45198428,70.26337046,66.78790515,69.81497678,30.45362084,6.80859328,1.79665976,4.40694336,1.96908222,0.20000000,0.30000000,0.90000000,1.30000000,1.92688667,0.00556613,0.00004000,-0.00653763,0.00206353,-0.00840592,0.00100203,-0.00252549,-0.00399491,0.00115586
2026-04-20,71.53035923,78.68495540,69.37965725,68.93990876,75.70042221,64.34504242,69.55515554,71.97193687,71.67882837,70.18902149,69.34072161,65.42348017,68.70513989,33.82006214,6.75872506,1.83407556,4.45579839,1.94944317,0.20000000,0.30000000,0.90000000,1.30000000,1.75905024,-0.01671756,0.00004000,0.01042945,-0.00464010,-0.00405500,0.00481432,0.00186378,-0.00503521,0.00160696
2026-04-21,73.86315291,81.38578195,71.53694517,71.36326662,78.10416497,66.51101022,71.95212223,74.35053810,74.13033901,72.41472420,71.75439601,67.41783133,70.85258345,32.61912336,6.87943877,1.77042511,4.34981721,1.80161938,0.20000000,0.30000000,0.90000000,1.30000000,1.77794855,0.03205213,0.00004000,-0.00391243,0.00212415,0.00717219,0.00391874,0.00137210,-0.00236054,-0.00202298
2026-04-22,70.89042981,78.25900717,68.83076635,68.29549624,75.02364377,63.79419206,68.94096728,71.45576013,71.15482421,69.43651139,68.86285750,64.56961397,67.95304975,32.65694537,6.48709369,1.79477012,4.37811835,1.91425299,0.20000000,0.30000000,0.90000000,1.30000000,1.83552524,-0.04111865,0.00004000,-0.00927923,0.00425826,-0.00477581,0.00548740,-0.00406167,-0.00087725,0.00702836
2026-04-23,71.61410828,78.90083066,69.40872867,68.75273853,75.96936782,64.41717778,69.63561867,72.04665289,71.69939634,70.31910399,69.69426457,65.35518368,68.72669607,33.29139542,6.59771583,1.81285008,4.31036697,1.92854060,0.20000000,0.30000000,0.90000000,1.30000000,1.82600600,0.01011665,0.00004000,-0.01396149,0.00301024,0.00005628,-0.00534863,0.00179219,-0.00199707,0.00059522
2026-04-24,69.26019813,76.38135471,66.99898931,66.67445798,73.30127345,62.35284437,67.51542256,69.76578090,69.32320632,67.96619362,67.45054382,63.09227754,66.30441169,33.54024021,6.64373838,1.77600305,4.25125817,1.85017199,0.20000000,0.30000000,0.90000000,1.30000000,1.84331540,-0.03346170,0.00004000,0.00070443,-0.00218873,0.00349693,0.00246066,-0.01041875,-0.00500729,-0.00530213
2026-04-27,69.44318053,76.77009900,67.35566518,66.77674284,73.60611634,62.59588076,67.77609975,69.99633153,69.39586606,68.01114330,67.54075297,63.39167662,66.40313426,33.67008804,6.51787299,1.75546764,4.15146526,1.88572212,0.20000000,0.30000000,0.90000000,1.30000000,1.87210934,0.00259847,0.00004000,0.00642504,0.00793939,0.00502498,-0.00355196,0.00104762,0.00410329,0.00574491
2026-04-28,71.07591236,78.58156352,69.05179049,68.25888952,75.37004771,63.91473632,69.35923465,71.69676137,70.99954995,69.54679548,69.14042834,65.05260752,68.03002320,36.12340204,6.99208595,1.73075256,4.26470357,1.85910778,0.20000000,0.30000000,0.90000000,1.30000000,1.88121819,0.02319962,0.00004000,0.00506260,0.00078153,-0.00128686,0.00476548,-0.00007658,0.00312586,0.00447427
2026-04-29,69.18248968,76.41322571,67.03313799,66.57936301,73.35097393,62.30411248,67.43310372,69.84229475,69.06487394,67.61513554,67.27341264,63.30076920,66.36201349,32.01273469,6.33324561,1.70625340,4.40147700,1.94762691,0.20000000,0.30000000,0.90000000,1.30000000,1.76362015,-0.02704070,0.00004000,0.00745761,0.00266570,-0.00025707,0.00136281,0.00018787,0.00364385,-0.00143679
2026-04-30,68.65753389,75.98590734,66.51569966,66.25809277,72.86862363,61.99258136,66.94591821,69.55055021,68.32742962,67.15173879,66.70542550,62.76483567,65.77086149,33.10579775,6.77192276,1.82544641,4.39850614,1.91736033,0.20000000,0.30000000,0.90000000,1.30000000,1.82610300,-0.00765692,0.00004000,0.00283778,-0.00007169,0.00552185,-0.00401406,0.00008813,0.00252100,-0.00209080
2026-05-01,67.83631122,75.18117381,65.75463045,65.45448822,71.88167818,61.24865066,66.28279725,68.76113343,67.44470305,66.22892915,65.91139373,61.91896249,65.07511730,33.50458415,6.66855725,1.74934766,4.29026652,1.84768054,0.20000000,0.30000000,0.90000000,1.30000000,1.86847712,-0.01207325,0.00004000,0.01487349,-0.00480324,-0.00062587,0.00246196,-0.00835960,-0.00293236,-0.00073697
2026-05-04,68.98140612,76.54102770,66.70868366,66.31737269,73.24600706,62.30809296,67.41753950,69.89610143,68.68190626,67.43243051,66.81645554,63.03919277,66.39382745,32.94161791,6.87882737,1.84592886,4.41686938,1.91811373,0.20000000,0.30000000,0.90000000,1.30000000,1.76982884,0.01669938,0.00004000,-0.00817375,0.00391026,-0.00512509,-0.00389286,0.00366189,0.00012785,-0.00138490
2026-05-05,71.41971250,79.33463432,68.95683223,68.69519813,75.63753697,64.48591887,69.80978261,72.38418291,71.11019797,69.54908631,69.17874517,65.32429067,68.79754695,32.06487621,6.81748152,1.76046109,4.62394816,1.79998745,0.20000000,0.30000000,0.90000000,1.30000000,1.77515269,0.03469692,0.00004000,-0.00143581,0.00048937,0.00838682,0.00031973,-0.00209172,-0.00148900,-0.00162358
2026-05-06,70.90382547,78.89138726,68.61977936,68.14293967,74.93654595,64.16521255,69.75132560,72.04786360,70.63491971,69.16172265,68.50607232,64.84765928,68.20234887,34.04978414,6.43864554,1.79392701,4.46916566,1.82914950,0.20000000,0.30000000,0.90000000,1.30000000,1.90014247,-0.00728953,0.00004000,0.00167641,-0.00624099,-0.00300406,-0.00237744,0.00675681,-0.00178526,0.00656085
2026-05-07,70.30292322,78.18994928,68.21257206,67.52928272,74.68039230,63.49070173,69.14640202,71.26409492,70.23972785,68.37697836,68.00139631,64.34868911,67.66065156,33.20895323,6.55574359,1.74441687,4.43931378,1.83220360,0.20000000,0.30000000,0.90000000,1.30000000,1.73465705,-0.00855101,0.00004000,-0.00168977,-0.00298448,-0.00203449,-0.00277082,0.00076183,-0.00103175,-0.00136986
2026-05-08,71.37012131,79.09386008,69.26803586,68.45515812,75.87171529,64.33770189,70.31344629,72.53099692,71.25004344,69.38964797,69.15029810,65.32985280,68.71565011,33.43368047,6.36757937,1.76828126,4.54531753,1.88118801,0.20000000,0.30000000,0.90000000,1.30000000,1.79817428,0.01502593,0.00004000,-0.00124992,-0.00113838,0.00090872,0.00102405,0.00239687,-0.00193721,0.00046576
2026-05-11,69.53294834,76.94393863,67.56729298,66.60072451,73.90709634,62.47842720,68.56212183,70.71172611,69.55040394,67.84488594,67.19966518,63.62083330,66.88324734,34.17863794,6.64360141,1.76557807,4.18867462,1.97557799,0.20000000,0.30000000,0.90000000,1.30000000,1.89221781,-0.02611860,0.00004000,-0.01747032,-0.00504777,-0.00326077,0.00206942,0.00494537,0.00237716,-0.00027053
2026-05-12,70.09893358,77.44286457,67.99901272,67.16134367,74.78623767,63.10006735,69.30178415,71.70214224,70.31438845,68.57637612,67.74165315,64.19316465,67.52002830,36.68858527,6.72320290,1.75140087,4.45402618,1.83869556,0.20000000,0.30000000,0.90000000,1.30000000,1.70571572,0.00806686,0.00004000,-0.00139141,0.00811367,0.01015125,-0.00128307,0.00583757,-0.00162568,0.00046754
2026-05-13,70.42377468,78.02311119,68.25396289,67.56670013,75.00120878,63.47233310,69.66229353,72.06248005,70.81162372,68.89520515,67.93654022,64.66609401,67.79202385,32.01358350,6.62719629,1.77671118,4.43006780,1.88615312,0.20000000,0.30000000,0.90000000,1.30000000,1.84373118,0.00458333,0.00004000,0.00097064,0.00495780,-0.00089559,-0.00277729,-0.00343607,-0.00783476,-0.00234242
2026-05-14,69.72121726,77.15557966,67.67493663,66.92543375,74.21137027,63.04005984,69.05133976,71.28637563,70.07514922,67.95540225,67.20996019,64.17067675,66.95981478,32.21375282,6.65347938,1.83560725,4.47917508,1.93655583,0.20000000,0.30000000,0.90000000,1.30000000,1.68145838,-0.01006623,0.00004000,-0.00389271,-0.00558449,0.00495864,0.00156643,0.00546969,-0.00301508,-0.00276496
2026-05-15,70.94490378,78.52412997,69.04796439,68.09518352,75.30022716,64.11853689,70.37208332,72.28945418,71.28823476,68.87488272,68.53950510,65.18733126,68.28831996,31.44444483,6.44234700,1.75890623,4.50108179,1.85926946,0.20000000,0.30000000,0.90000000,1.30000000,1.82438980,0.01735889,0.00004000,0.00765850,0.00343478,-0.00271971,-0.00124443,0.00864234,-0.00052406,-0.00024570
2026-05-18,72.46741295,80.09662226,70.78383095,69.56536487,76.77940424,65.25698557,71.53484342,73.94641008,73.06826967,70.43047514,70.32465705,66.64479514,69.85199113,31.60687180,6.56056902,1.80705801,4.37435958,1.86341865,0.20000000,0.30000000,0.90000000,1.30000000,1.80287070,0.02119341,0.00004000,0.00044335,-0.00392998,-0.00191346,-0.00494522,0.00679327,0.00206665,-0.00110410
2026-05-19,73.02118924,80.74198215,71.10829006,69.91047611,77.50260577,65.56305911,72.04539965,74.68880456,73.53245784,70.77754919,70.98538354,67.24841175,70.53094813,31.82909967,6.70478143,1.73148446,4.39345862,1.88868874,0.20000000,0.30000000,0.90000000,1.30000000,1.71520726,0.00757268,0.00004000,0.00761809,0.00046963,0.00641986,-0.00496637,0.00355915,-0.00307642,0.00238808
2026-05-20,74.40698179,82.40865365,72.59045993,71.15062031,79.06716415,66.71964111,73.20913086,76.25264986,75.11118981,71.99475770,72.25204726,68.37629939,71.74549046,32.65440739,6.85089099,1.72568304,4.48098213,1.81385784,0.20000000,0.30000000,0.90000000,1.30000000,1.84466510,0.01876012,0.00004000,0.00475114,-0.00037594,0.00440257,-0.00004076,0.00403500,0.00331661,0.00668374
2026-05-21,78.08396654,86.60614211,76.09799071,74.83022288,82.78556903,69.82237878,76.64535872,80.04786715,78.53929420,75.57105633,75.74822189,71.70112457,75.43257958,32.88350613,6.70511349,1.79842032,4.43765204,1.83017466,0.20000000,0.30000000,0.90000000,1.30000000,1.73359108,0.04819496,0.00004000,-0.00613958,0.01002222,0.00113990,-0.00020121,-0.00342731,-0.00382894,-0.00072718
2026-05-22,77.47405940,86.22409842,75.57455386,74.03814667,82.40828877,69.25473605,76.05800347,79.21470920,78.10935174,74.95919459,75.32353049,71.20259186,75.08654031,31.77500563,6.99630048,1.80985019,4.26612412,1.98222402,0.20000000,0.30000000,0.90000000,1.30000000,1.71477491,-0.00788158,0.00004000,-0.01460296,-0.00325356,0.00070098,0.00183065,-0.00830476,-0.00592159,-0.00164256
2026-05-25,77.63214740,86.56204603,75.83404429,74.26649047,82.47039151,69.52680027,76.06288108,79.33934511,78.32621970,75.20337931,75.83888311,71.22119935,75.11283718,34.24204135,6.61119614,1.71447335,4.66496236,1.90273726,0.20000000,0.30000000,0.90000000,1.30000000,1.73003112,0.00199845,0.00004000,-0.00278195,-0.00471172,-0.00136923,-0.00458480,0.00546649,-0.00086950,0.00546241
2026-05-26,79.70961619,88.82942217,77.93213552,76.09832346,84.70459544,71.34228864,78.19320102,81.42916597,80.32508465,76.96953772,77.86704035,73.12189515,77.07096025,33.04916285,6.67289321,1.77596624,4.33757600,1.89332958,0.20000000,0.30000000,0.90000000,1.30000000,1.80559146,0.02636862,0.00004000,0.00624635,0.00355708,-0.00630889,0.00516539,-0.00678123,0.00150310,-0.00049025
2026-05-27,79.43114406,88.53318669,77.50730353,75.56124729,84.41458965,71.11416366,77.99338802,81.14492827,80.04439987,76.77379684,77.32454371,73.07766980,76.97261482,32.50845776,6.52816762,1.77139170,4.31959995,1.91611299,0.20000000,0.30000000,0.90000000,1.30000000,1.61144088,-0.00353970,0.00004000,0.01173436,-0.00105224,-0.00512496,-0.00173257,-0.00870312,0.00045884,0.00124691
2026-05-28,80.07944930,89.18335622,77.95515007,76.06319292,85.20311217,71.79869010,78.47828693,82.01281659,80.74279227,77.53304945,78.00264198,73.66266073,77.81258100,31.53837593,6.73536919,1.70826077,4.16636104,1.86502398,0.20000000,0.30000000,0.90000000,1.30000000,1.87703798,0.00808872,0.00004000,0.01303612,0.00049640,-0.00004509,-0.00096022,-0.00361465,0.00057232,0.00385829
2026-05-29,79.46048007,88.59380414,77.12607395,75.32453477,84.41283798,71.37507011,77.96851363,81.12526139,79.80159347,77.01992104,77.19640034,73.01354009,77.07172578,32.89638761,6.64617594,1.76727814,4.26061013,1.96856869,0.20000000,0.30000000,0.90000000,1.30000000,1.94220624,-0.00779947,0.00004000,-0.00063639,0.00240265,-0.00253900,0.00126030,-0.00512323,0.00104146,0.00024487
2026-06-01,81.73447756,91.13595511,79.72836835,77.37499820,86.90162313,73.32502806,80.18753181,83.35441166,82.04370912,78.97776047,79.38242003,75.17070354,79.25659326,33.26622132,6.58660669,1.82839782,4.54326525,1.94121398,0.20000000,0.30000000,0.90000000,1.30000000,1.73714432,0.02817612,0.00004000,0.00155809,0.00120967,-0.00589365,-0.00282799,0.00478300,-0.00043228,0.00090661
2026-06-02,79.26626674,88.38320553,77.11042120,75.04502764,84.15995734,71.15865314,77.86576193,81.13262566,79.28555207,76.49284829,76.74787895,72.67143550,76.81262833,31.89522206,6.77595801,1.78798987,4.48504798,1.93257646,0.20000000,0.30000000,0.90000000,1.30000000,1.86081103,-0.03070326,0.00004000,0.00349634,0.00038435,0.00345871,0.00088508,0.00150321,0.00152384,-0.00136557
2026-06-03,77.99247853,87.10788283,75.69953566,73.57224998,82.78336548,70.19904440,76.96661044,79.52561294,78.10456499,75.25269221,75.82859937,71.46473226,75.29826062,32.75850341,6.64631951,1.75614207,4.26235663,1.86792471,0.20000000,0.30000000,0.90000000,1.30000000,1.76297992,-0.01624026,0.00004000,0.00150966,-0.00288205,0.00892692,-0.00820583,-0.00144173,-0.00147466,0.00112740
2026-06-04,82.47782134,92.30730965,80.21156518,77.66675822,87.63650925,74.04179007,81.10701710,84.27227233,82.49264187,79.71931070,79.97100379,75.95685329,79.80132186,33.47024224,6.74652436,1.83607344,4.28462645,1.91344437,0.20000000,0.30000000,0.90000000,1.30000000,1.82153104,0.05587703,0.00004000,-0.00058944,-0.00449231,-0.00045720,0.00015221,0.00324141,0.00456816,-0.00320273
2026-06-05,81.01992201,90.68429388,78.75483678,76.44948220,86.07481402,73.18056110,79.68488460,82.66996340,81.09334072,78.58496081,78.74042281,74.48347603,78.49721974,31.75945357,6.53007321,1.75963919,4.18784722,2.01898885,0.20000000,0.30000000,0.90000000,1.30000000,1.81525832,-0.01787435,0.00004000,0.00372096,0.00205249,0.00298312,-0.00006358,-0.00500697,-0.00575556,-0.00459213
2026-06-08,81.07738209,90.80854542,78.74715194,76.70891290,85.96254191,72.99205499,79.82103695,82.47995716,81.16959635,78.62435774,78.68962059,74.16652730,78.31931889,32.92036258,6.49397578,1.86368782,4.52796965,1.90525667,0.20000000,0.30000000,0.90000000,1.30000000,1.76016056,0.00066896,0.00004000,0.01147934,0.00494270,0.00554060,0.00159197,0.00345494,0.00172753,-0.00248823
2026-06-09,81.50828844,91.11645220,79.04362624,77.12589325,86.49497990,73.40895485,80.04764139,82.91542052,81.45587345,78.95309958,79.34299075,74.57024596,78.87835701,32.77229020,6.79679889,1.70774128,4.40787345,1.83410352,0.20000000,0.30000000,0.90000000,1.30000000,1.83331747,0.00526068,0.00004000,0.00161908,0.00442434,-0.00300605,-0.00148980,0.00018350,-0.00235301,0.00032358
2026-06-10,83.61098770,93.34566389,80.99116493,78.95528058,88.78371389,75.14360661,81.78766186,85.33284226,83.75902686,81.02499444,81.17205163,76.39189697,80.92944757,33.04031050,6.52496428,1.74498392,4.34531443,1.84990073,0.20000000,0.30000000,0.90000000,1.30000000,1.75196428,0.02543023,0.00004000,-0.00770667,-0.00160689,0.00267912,0.00531844,-0.00300650,-0.00169829,-0.00007275
2026-06-11,83.43361650,93.04627501,80.83144236,79.16618209,88.40350489,75.01263618,81.64646134,85.23085951,83.46165722,80.94058751,81.20704505,76.16736416,80.90253303,33.17612191,6.50429510,1.86418849,4.42232098,1.85534138,0.20000000,0.30000000,0.90000000,1.30000000,1.84940139,-0.00216364,0.00004000,-0.00988831,-0.00596257,-0.00390683,0.00012900,-0.00128595,-0.00453417,-0.00008967
2026-06-12,80.22667633,89.53995288,77.70837988,76.24188451,84.70109320,71.89238312,78.65030324,81.98390629,80.35682378,77.80696087,77.80810551,73.64843253,77.55238457,32.70570750,6.79713785,1.81608160,4.24669816,1.87981094,0.20000000,0.30000000,0.90000000,1.30000000,1.65815925,-0.03923522,0.00004000,-0.00361968,-0.00191805,-0.00472176,0.00072298,-0.00125371,-0.00676585,0.00047970
2026-06-15,82.57420741,92.39145713,79.85586012,78.41367516,87.10803839,74.05727679,80.99539745,84.31706650,82.75059115,80.27797319,80.08513672,76.18054492,79.73630926,32.11992798,6.70334639,1.83022798,4.44886184,1.93745705,0.20000000,0.30000000,0.90000000,1.30000000,1.76850030,0.02880129,0.00004000,0.00295554,0.00565521,-0.00046152,-0.00208776,0.00072117,-0.00893134,-0.00153084
2026-06-16,82.03385659,91.69571136,79.10670962,77.79231683,86.58564948,73.42920984,80.41248020,83.61458989,82.33490146,79.99251462,79.64586027,75.81254149,79.37344802,31.52554654,6.57866120,1.78247238,4.37561833,1.95849073,0.20000000,0.30000000,0.90000000,1.30000000,1.78123387,-0.00660533,0.00004000,-0.00086998,-0.00190480,-0.00178839,-0.00892717,0.00728046,-0.00474907,-0.00222010
2026-06-17,79.76861175,89.11585620,77.04220129,75.63226363,84.00744845,71.22997744,78.19556819,81.34197875,80.31928151,77.57300905,77.16000532,73.58178124,77.08539998,33.95524101,6.69577226,1.83140096,4.34298232,1.83326131,0.20000000,0.30000000,0.90000000,1.30000000,1.84427367,-0.02804196,0.00004000,-0.00446720,-0.00388029,-0.00360898,0.00183092,-0.00134899,0.00151275,0.00546720
2026-06-18,80.42217503,89.57371137,77.54362078,76.23381664,84.64008571,71.72440243,78.95984231,82.09319199,80.81174342,78.26403348,77.88163580,74.28702975,77.77405613,33.00718932,6.50759662,1.83341862,4.37481231,1.97160022,0.20000000,0.30000000,0.90000000,1.30000000,1.97095613,0.00811986,0.00004000,-0.00019810,0.00687502,0.00347941,0.00137895,0.00109423,0.00202972,0.00134190
2026-06-19,78.84361184,87.87461480,76.30606703,74.62791492,82.82468001,70.18642243,77.42130956,80.51157301,79.13006562,76.46830530,76.24108399,72.81164769,76.48507370,32.72023819,6.59880058,1.81513675,4.43037051,1.94213864,0.20000000,0.30000000,0.90000000,1.30000000,1.80217433,-0.01986365,0.00004000,-0.00247247,0.00486612,-0.00331727,-0.00212409,-0.00937762,-0.00267158,-0.00003564
2026-06-22,79.58656256,88.69253320,77.01610089,75.35487928,83.86017794,70.71278775,78.41921401,81.00398209,80.12183989,77.22337433,76.57729873,73.60741050,77.27883745,32.62426689,6.45521808,1.86788097,4.54323339,1.92646905,0.20000000,0.30000000,0.90000000,1.30000000,1.81242830,0.00933897,0.00004000,0.00545205,-0.00699511,0.00160956,-0.00081175,-0.01003836,-0.01105253,0.00409828
2026-06-23,75.91702686,84.83458512,73.47563189,72.00375406,80.04752531,67.23657334,74.70882887,77.49421033,76.33019461,73.86118388,73.14875544,70.09932210,73.63816674,32.36327836,6.46365323,1.84511618,4.25411131,1.84806145,0.20000000,0.30000000,0.90000000,1.30000000,1.70860376,-0.04724427,0.00004000,-0.01087793,-0.00747354,-0.00155264,0.00254465,0.00663595,-0.00653528,0.00301913
2026-06-24,75.26993398,84.28995100,72.82888736,71.28996720,79.30809516,66.62496341,74.29543094,76.65567530,75.66757724,73.13915290,72.50602709,69.44806569,73.10009026,33.36853170,6.70318893,1.87948245,4.46564039,1.91837663,0.20000000,0.30000000,0.90000000,1.30000000,1.63985282,-0.00860022,0.00004000,0.00015108,-0.00502330,-0.00601120,0.00126119,-0.00804271,0.00226392,-0.00267698
2026-06-25,73.45646315,82.51731397,71.15032845,69.63821155,77.32081332,65.00709473,72.38854429,74.62123326,73.92420031,71.48725639,70.80059053,67.64353051,71.34724107,31.90075900,6.23523926,1.86429344,4.30350449,1.83706681,0.20000000,0.30000000,0.90000000,1.30000000,1.88511735,-0.02442788,0.00004000,-0.00439933,-0.00057847,0.00027617,-0.00228919,-0.00972967,-0.00063514,0.00178286
2026-06-26,72.48348777,81.47199687,70.27869364,68.72931254,76.37964817,64.06086068,71.46928373,73.66228486,72.98226874,70.56159573,70.00611704,66.80360369,70.32207501,32.00530381,6.57554279,1.81218473,4.40184967,1.87572294,0.20000000,0.30000000,0.90000000,1.30000000,1.79706363,-0.01337411,0.00004000,-0.00669336,0.00302587,-0.00197231,-0.00345825,0.00880184,0.00016079,-0.00022476
2026-06-29,74.46785617,83.86629511,72.13831488,70.62235400,78.22330149,65.69940138,73.54803889,75.77431873,75.41848108,72.41659987,72.03830271,68.76208358,72.10891216,31.79582735,6.49270852,1.85088113,4.42723580,1.94399268,0.20000000,0.30000000,0.90000000,1.30000000,1.70407718,0.02696879,0.00004000,-0.00461592,-0.00235247,0.00215263,0.00511368,-0.00715023,-0.00157599,0.00104240
2026-06-30,72.16399083,81.40889159,69.95380893,68.27516572,75.99903478,63.83430393,71.39538458,73.29016635,72.99233317,70.28617506,69.82622998,66.90543291,69.73411295,34.31958368,6.74635534,1.79442112,4.46523472,1.84485174,0.20000000,0.30000000,0.90000000,1.30000000,1.86431527,-0.03146639,0.00004000,-0.00688701,-0.01098031,-0.00390540,0.00197934,0.00185695,-0.00284741,0.00063346
2026-07-01,72.08649095,81.16930345,69.83612192,68.44838261,76.03596357,63.78890723,71.24750369,73.21071875,72.65014324,70.28866125,69.84792379,67.07435792,69.52182142,33.79234868,6.55142132,1.88844991,4.27314037,1.85318665,0.20000000,0.30000000,0.90000000,1.30000000,1.74514549,-0.00111452,0.00004000,-0.00001070,-0.00050622,-0.00651152,0.00463316,-0.00376373,0.00314211,-0.00038925
2026-07-02,73.19363829,82.67263903,71.04653489,69.55350339,77.21287247,64.70302018,72.40182186,74.27999412,73.87209926,71.27594686,70.72879451,68.01731681,70.69924911,33.22129574,6.70292139,1.76299502,4.39861685,1.92653144,0.20000000,0.30000000,0.90000000,1.30000000,1.82561165,0.01520185,0.00004000,-0.01163605,-0.00379580,0.00429604,0.00284895,-0.00109246,-0.00268445,0.00807026
2026-07-03,70.43187488,79.80829544,68.39243942,67.03053602,74.13333759,62.21190523,69.73425553,71.42901980,70.93613039,68.62190771,68.10483193,65.42009504,67.87070177,33.08010679,6.64170368,1.70689617,4.38638807,1.87044483,0.20000000,0.30000000,0.90000000,1.30000000,1.74960361,-0.03850258,0.00004000,-0.00730348,-0.00313364,-0.00136855,0.00214782,0.00607750,0.00220566,-0.00020628
2026-07-06,69.62694636,78.99392170,67.47357733,66.20745414,73.21438948,61.48211980,68.86396042,70.65219378,70.11062552,67.79415956,67.16199260,64.76456479,67.24982245,33.37206525,6.63463964,1.79451104,4.51614334,1.99106626,0.20000000,0.30000000,0.90000000,1.30000000,1.88422515,-0.01153428,0.00004000,0.00048310,0.00177153,-0.00012765,-0.00137889,-0.00186838,0.00038001,-0.00095522
2026-07-07,71.57967028,81.33018532,69.26575967,68.20514154,75.20416930,62.98754160,71.11036564,72.58982184,72.00727849,69.84685721,69.08488418,66.49385503,69.35787139,32.69176661,6.38422810,1.77949664,4.36290440,1.85000417,0.20000000,0.30000000,0.90000000,1.30000000,1.81570668,0.02761945,0.00004000,-0.00621569,0.00906777,0.00191061,-0.00450456,-0.00973488,-0.00202156,-0.00247678
2026-07-08,68.54958525,77.85253390,66.39865126,65.25919957,72.10922448,60.25255767,68.03138906,69.65010033,68.89421400,66.86668657,66.08276966,63.77333667,66.47458018,33.22536678,6.70997974,1.82978010,4.42011411,1.96454919,0.20000000,0.30000000,0.90000000,1.30000000,1.81571666,-0.04329374,0.00004000,0.00520702,-0.00024727,-0.00159452,-0.00152889,-0.00485994,-0.00335315,-0.00061901
2026-07-09,68.67718675,77.87667264,66.48195924,65.40602461,72.26161670,60.36737220,68.16052536,70.01414937,68.94336193,66.87910237,66.25103562,64.01627663,66.65096451,34.88690494,6.78249992,1.75681072,4.50887977,1.82863101,0.20000000,0.30000000,0.90000000,1.30000000,1.74623653,0.00181972,0.00004000,-0.00012588,0.01079309,0.00110542,0.00018197,0.00177371,-0.00161155,0.00115093
2026-07-10,65.83039812,74.55923268,63.79574341,62.77345206,69.34628742,57.70566255,65.28686748,66.98942171,65.95320598,64.23631331,63.45164140,61.46239703,63.90082715,33.38370158,6.55211926,1.84278656,4.57968361,1.96897181,0.20000000,0.30000000,0.90000000,1.30000000,1.83175156,-0.04237536,0.00004000,-0.00387552,0.00323509,-0.00181382,-0.00401780,-0.00539823,0.00068504,-0.00263532
2026-07-13,65.60535668,74.01578552,63.75202848,62.47322079,69.02915285,57.31848439,65.22429815,66.83209211,65.65526560,64.04938665,63.34932556,61.32681771,63.85030817,32.77036525,6.61664328,1.79831028,4.47970438,1.86153239,0.20000000,0.30000000,0.90000000,1.30000000,1.80477900,-0.00346436,0.00004000,0.00569769,-0.00027609,-0.00027190,-0.00137722,0.00182508,0.00163171,0.00149277
2026-07-14,67.47779059,75.87271493,65.43149911,64.26758556,70.85890212,58.95816329,67.46550609,68.77474637,67.59775363,65.87072434,65.19108679,63.24875811,65.58968718,32.87030515,6.53779318,1.75345062,4.43443968,1.85536119,0.20000000,0.30000000,0.90000000,1.30000000,1.84706014,0.02810117,0.00004000,-0.00815592,-0.00188033,-0.00209704,-0.00089127,0.00768977,-0.00017961,-0.00261315
2026-07-15,67.61259442,75.92488932,65.50570808,64.60847550,70.99649736,59.12449899,67.62651022,68.88714476,67.69583591,66.00603957,65.25701417,63.30712897,65.64424292,32.49719595,6.53127068,1.82961827,4.35144715,1.91330509,0.20000000,0.30000000,0.90000000,1.30000000,1.70680789,0.00195576,0.00004000,0.00095816,0.00438070,-0.00375441,-0.00509270,-0.01211454,-0.00218629,-0.00716157
2026-07-16,69.39611133,78.12196435,67.02507142,66.07530813,72.80017727,60.65605522,69.27087495,70.69865010,69.61574693,67.71940499,67.06474632,65.04865270,67.52528744,33.95075028,6.54498466,1.78084807,4.43394075,1.88275217,0.20000000,0.30000000,0.90000000,1.30000000,1.83303441,0.02599656,0.00004000,-0.00091474,-0.00019632,-0.00303274,-0.00013570,0.00177106,-0.00057083,-0.00545084
2026-07-17,67.90895861,76.60251729,65.41139722,64.78701290,71.06842630,59.33422308,67.89416166,69.31010336,68.16307883,66.10304798,65.48201289,63.39695949,66.07886078,32.88480345,6.50556157,1.76594631,4.21002672,1.89193499,0.20000000,0.30000000,0.90000000,1.30000000,1.83913704,-0.02170287,0.00004000,0.00119523,-0.00175380,0.00496940,0.00727572,0.00351821,-0.00277310,-0.00205904
2026-07-20,68.17719973,77.19967487,65.44836018,64.91949775,71.40990287,59.44848034,68.27346548,69.13995806,68.43946642,66.43229448,65.84071639,63.68572914,66.21743202,34.08091570,6.72345484,1.76954798,4.30324470,1.91335097,0.20000000,0.30000000,0.90000000,1.30000000,1.85294104,0.00390223,0.00004000,0.01219484,0.00431505,0.00310976,0.00288204,-0.00320913,-0.00121915,-0.00098242
2026-07-21,67.53957718,76.70838889,64.79578263,64.37853858,70.73662695,58.81374766,67.66947535,68.49182897,67.79599894,65.53411954,65.27948858,63.17894394,65.87503320,32.77873279,6.59828520,1.88789532,4.36015681,1.86816108,0.20000000,0.30000000,0.90000000,1.30000000,1.77312015,-0.00943644,0.00004000,0.00478391,-0.00512692,0.00366920,0.00290304,-0.00887393,0.00380304,-0.00063934
2026-07-22,66.27951817,75.09538734,63.44374050,63.31648008,69.26635082,57.64648674,66.40040791,67.33010128,66.46125813,64.24580694,64.13059075,61.92037409,64.66344535,34.42409725,6.47816553,1.83121174,4.42357510,1.87682921,0.20000000,0.30000000,0.90000000,1.30000000,1.76661495,-0.01887283,0.00004000,0.00133638,0.00182568,-0.00100016,0.00082699,-0.00626223,0.00482397,-0.00409322
2026-07-23,63.62883809,72.14291013,61.16249939,60.85174918,66.46128118,55.20258394,63.77749480,64.89774244,63.55216368,61.63220208,61.47043893,59.56374208,62.06980443,34.08122021,6.63675817,1.79506362,4.48920846,1.90351057,0.20000000,0.30000000,0.90000000,1.30000000,1.73712329,-0.04085413,0.00004000,0.00181381,0.00148871,0.00321847,-0.00037173,0.00089227,-0.00536083,-0.00461860
2026-07-24,62.79699643,71.38308092,60.31374817,59.94867654,65.67692929,54.41722724,62.81340509,64.18480351,62.78420449,60.84679567,60.78836278,58.60580737,61.23362782,32.62860770,6.38009026,1.81172039,4.42682823,1.83923667,0.20000000,0.30000000,0.90000000,1.30000000,1.78914327,-0.01319955,0.00004000,0.00059049,0.00369558,0.00280418,0.00243521,0.00575080,0.00046553,-0.00136524
2026-07-27,62.95199871,71.34156890,60.55991482,60.00605658,65.65665933,54.60950522,62.90141928,64.46769508,62.77982671,60.86100318,60.81762270,58.58600656,61.23957216,33.21932892,6.97726009,1.77619213,4.38298262,1.88493367,0.20000000,0.30000000,0.90000000,1.30000000,1.83710359,0.00242527,0.00004000,-0.00358989,0.00062966,0.00114770,-0.00178584,-0.00062225,-0.00046134,-0.00532368
2026-07-28,61.77240834,69.98854682,59.40255332,58.89300588,64.34394595,53.46666829,61.60234068,63.17535296,61.51678516,59.69492372,59.58322881,57.91637655,60.14373152,31.81971605,6.40281939,1.77388384,4.36966620,1.91030062,0.20000000,0.30000000,0.90000000,1.30000000,1.71231901,-0.01895571,0.00004000,0.00262180,0.00540170,0.00263313,0.00730000,0.00696022,0.00170130,0.00121653
2026-07-29,59.84772973,67.82491724,57.58020016,57.03794723,62.20017555,51.74240101,59.62711868,61.41520593,59.58706736,57.57162216,57.72794177,55.95520643,58.41490841,32.44315309,6.34807160,1.78027627,4.44554845,1.86242845,0.20000000,0.30000000,0.90000000,1.30000000,1.89130514,-0.03169330,0.00004000,0.00789837,0.00628124,0.00137772,-0.00375994,0.00600507,0.00289505,-0.00294209
2026-07-30,59.44230090,67.27522165,57.07768655,56.93778580,62.02478877,51.46863984,59.23043750,61.12240742,59.00647152,57.15073349,57.45217603,55.65171541,58.05273623,32.63120692,7.04315778,1.80362094,4.21716798,1.93612118,0.20000000,0.30000000,0.90000000,1.30000000,1.75079022,-0.00683739,0.00004000,-0.00089668,0.00526274,-0.00454431,0.00266794,-0.00065373,-0.00202719,-0.00229359
2026-07-31,61.29343986,69.48382602,59.00372936,58.76217120,64.20951478,52.94416678,61.01755982,62.99330159,60.99362313,59.07886846,59.03627891,57.31763931,59.62504777,32.20081685,7.16348101,1.76428959,4.44107360,1.84521670,0.20000000,0.30000000,0.90000000,1.30000000,1.76373551,0.03062671,0.00004000,-0.00889327,-0.00396692,-0.00281235,0.00092380,-0.00075141,0.00262770,-0.00335506
2026-08-03,60.10803627,68.07475525,57.89672078,57.69877854,62.94854905,51.74263024,59.79735554,61.85567515,59.88412420,57.75777118,57.93983746,56.25241916,58.40505060,32.35565287,6.41247275,1.83115578,4.49807067,1.94829368,0.20000000,0.30000000,0.90000000,1.30000000,1.78911464,-0.01956927,0.00004000,-0.00768486,0.00315317,0.00713698,0.00433919,0.01186661,-0.00113274,-0.00155688
2026-08-04,61.90977707,70.18309133,59.55945702,59.31723916,64.86093878,53.25285433,61.59903037,63.73624446,61.76960425,59.54163581,59.64324352,57.84384733,60.09416325,32.14817301,6.56365540,1.85286158,4.41044431,1.80958850,0.20000000,0.30000000,0.90000000,1.30000000,1.75174631,0.02949457,0.00004000,0.01029512,0.00288450,0.00548597,-0.00036405,-0.00027593,-0.00286114,-0.00524196
2026-08-05,61.81356311,70.00328232,59.56643931,59.28976213,64.63214828,53.08231069,61.41601089,63.66716419,61.73895350,59.39391642,59.53774669,57.81806476,59.82616385,31.94642031,6.49984018,1.84609949,4.34494860,1.95844714,0.20000000,0.30000000,0.90000000,1.30000000,1.71686387,-0.00159531,0.00004000,-0.00386261,-0.00077908,0.00417223,-0.00065951,0.00140156,0.00622887,0.00100229
2026-08-06,59.70782899,67.67533136,57.50016076,57.44950269,62.61462853,51.49992484,59.41502530,61.56240142,59.72408430,57.38695460,57.38301233,55.62942033,57.78040731,33.14384826,6.59602024,1.80895792,4.49770415,1.89475026,0.20000000,0.30000000,0.90000000,1.30000000,1.92387781,-0.03469966,0.00004000,-0.00267206,-0.00283254,0.00299566,0.00145433,0.00793894,0.00225724,-0.00325291
2026-08-07,60.66541195,68.89501270,58.48532075,58.33493023,63.54448362,52.38014300,60.35684789,62.59680446,60.63846844,58.25914233,58.41531155,56.49227350,58.75608128,32.47553467,6.72446944,1.83991300,4.46080389,1.94952171,0.20000000,0.30000000,0.90000000,1.30000000,1.90123422,0.01587057,0.00004000,0.00019703,0.00901781,-0.00722697,-0.00409504,0.00747260,-0.00343868,0.00034199
2026-08-10,61.55484513,69.90304369,59.41373096,59.16194017,64.46399515,53.27141999,61.28149921,63.61801851,61.53575941,59.11750153,59.38742206,57.26081860,59.76037587,32.34204557,6.79686386,1.85520645,4.43210329,1.86627444,0.20000000,0.30000000,0.90000000,1.30000000,2.00674059,0.01451485,0.00004000,-0.00152989,0.00561244,-0.00117110,0.00137871,-0.01224210,0.00257145,0.00034534
2026-08-11,59.52718573,67.70177924,57.38072027,57.19254271,62.47292196,51.41286476,59.32535678,61.42790610,59.37873942,57.35535795,57.62766677,55.38456622,57.84299847,33.36444746,6.76516100,1.78363079,4.63315726,1.89698924,0.20000000,0.30000000,0.90000000,1.30000000,1.68545048,-0.03353546,0.00004000,0.00494356,-0.00189989,0.00754407,0.00074555,-0.00882182,0.00139833,0.00030316
2026-08-12,60.23341252,68.57213715,58.06396707,58.06740747,63.29570318,52.14777856,60.11316801,62.28213526,60.19408426,58.28428340,58.22151892,55.85417843,58.57690102,33.88754774,6.66476818,1.79445175,4.39562364,1.91632096,0.20000000,0.30000000,0.90000000,1.30000000,1.81201712,0.01175411,0.00004000,0.00567061,0.00178936,-0.00279651,-0.00143962,-0.00006551,0.00589687,-0.00262335
2026-08-13,58.75104894,66.48886961,56.76206829,56.44606650,61.70436645,50.87616805,58.82562233,60.65870522,58.81755538,56.76751870,56.88206943,54.64483799,57.04148761,33.00676864,6.62880352,1.81094673,4.32560123,1.92386951,0.20000000,0.30000000,0.90000000,1.30000000,1.63876771,-0.02495822,0.00004000,0.00876693,-0.00230138,0.00012197,0.00183052,-0.00096053,-0.00476457,0.00142705
2026-08-14,58.53718203,66.27675327,56.50336742,56.01270399,61.26392187,50.59310596,58.69905734,60.60312502,58.56702208,56.54297362,56.82145374,54.41805368,56.96369426,32.37885151,6.69403825,1.79037672,4.28631809,1.90286077,0.20000000,0.30000000,0.90000000,1.30000000,1.92468923,-0.00368686,0.00004000,-0.00871446,0.00993363,-0.00572625,0.00538793,-0.00245475,0.00532548,-0.00168596
2026-08-17,57.29276934,64.86579611,55.11297493,54.81325487,59.97741233,49.56442792,57.44845724,59.29748954,57.28323537,55.40523362,55.40453826,53.12615375,55.72893371,34.05441729,6.48929637,1.79903942,4.31815209,1.86099935,0.20000000,0.30000000,0.90000000,1.30000000,1.82938181,-0.02152772,0.00004000,0.00900388,-0.00458380,-0.00463161,-0.00260774,0.00836573,-0.00050694,-0.00003348
2026-08-18,59.34906604,67.25613865,57.18679355,56.68930707,62.20942886,51.34486974,59.57681015,61.48404672,59.25057788,57.42259498,57.43411908,55.05282657,57.75846255,33.17047359,6.67296719,1.75635112,4.19916248,1.86769115,0.20000000,0.30000000,0.90000000,1.30000000,1.79409467,0.03522196,0.00004000,0.00216543,0.00520451,0.00304141,0.00261289,-0.00377939,0.00071160,0.00329871
2026-08-19,60.86644164,68.98664287,58.50754024,58.22015164,63.79773265,52.62231251,61.13364154,62.98832445,60.75188199,59.02363487,58.77973454,56.39477843,59.47527261,33.17178303,6.66115491,1.73829759,4.32926211,1.93315116,0.20000000,0.30000000,0.90000000,1.30000000,1.71433151,0.02520560,0.00004000,0.01204765,0.00363107,-0.00089952,-0.00061731,-0.00172801,-0.00151196,0.00024226
2026-08-20,61.64108542,70.04756208,59.32405816,58.76555253,64.75734291,53.46205815,62.02020600,63.79857095,61.71760264,59.80300845,59.66655461,57.05952206,60.16981456,34.48621507,6.69247560,1.74359178,4.09346429,1.88671234,0.20000000,0.30000000,0.90000000,1.30000000,1.83063013,0.01260664,0.00004000,-0.00122784,-0.00229612,0.00024707,-0.00162817,-0.00795652,0.00135190,0.00126701
2026-08-21,62.47765014,70.94815015,60.27246046,59.70453524,65.63688417,54.08526734,62.79740587,64.59731671,62.35429002,60.52135328,60.40247578,57.97019446,60.86206426,31.66147174,6.74566852,1.74727739,4.41642957,1.85820375,0.20000000,0.30000000,0.90000000,1.30000000,1.56660345,0.01344028,0.00004000,0.00383418,0.00184211,0.00054854,0.00373401,-0.00394493,0.00288573,0.00015888
2026-08-24,63.46069802,72.24807433,61.47079664,60.58758199,66.79647367,55.01696374,63.85076584,65.56627524,63.21645030,61.30083631,61.36811647,58.80397865,61.97699409,11.92269721,2.46881023,0.91229287,2.30675604,1.06792335,1.00000000,1.20000000,-0.50000000,-0.70000000,-1.11386231,0.01557189,0.00004000,-0.00084201,0.00146764,-0.00613288,0.00105260,-0.00463705,-0.00624366,0.00339370
2026-08-25,63.54938723,72.54264790,61.68625160,60.75169064,66.86679361,54.99093539,63.87928568,65.61856121,63.21966616,61.49736515,61.45604847,58.97795158,62.06686496,10.52887232,2.79684472,0.83125874,2.11014828,1.09481614,1.00000000,1.20000000,-0.50000000,-0.70000000,-0.92798315,0.00135657,0.00004000,0.00202680,0.00811630,0.00634107,-0.00174202,0.01350330,0.00214849,-0.00295484
2026-08-26,63.47269152,72.48550480,61.56942795,60.58903835,66.92728827,55.04290373,63.85896900,65.48970056,63.01613717,61.34282705,61.31149899,59.04303979,61.98534805,13.60776624,2.80366317,0.95221075,2.15245200,1.12617847,1.00000000,1.20000000,-0.50000000,-0.70000000,-0.98858503,-0.00124760,0.00004000,-0.01419682,0.00833683,0.00223565,0.00151589,0.00651732,0.00273368,-0.00728564
2026-08-27,62.81377920,71.62062863,61.09405930,59.73665943,66.12447745,54.52120547,63.24528801,64.73973252,62.42188108,60.71137640,60.61600567,58.50906595,61.31600399,15.10927895,2.71135881,0.93644477,2.13768849,1.07714471,1.00000000,1.20000000,-0.50000000,-0.70000000,-1.10092508,-0.01047530,0.00004000,0.00273059,-0.00284212,0.00562638,-0.00182025,0.00115907,-0.00066326,-0.00324067
